district_id,district_name,state_name,cause,pop_d,rate_mean,rate_lo,rate_hi,completeness_mean,completeness_lo,completeness_hi,p_blindspot,is_pooled_ut,rate_ciw,deaths_est
0,Aizawl,Mizoram,all_injury,320247.2,42.70949025121922,22.33945911999501,70.69707136494496,0.9095221491994201,0.8537191629851612,0.9505940560926536,0.0,False,48.35761224494995,136.77594666380253
1,Champhai,Mizoram,all_injury,100596.0,44.52331501334,21.078538637731448,79.69207458098666,0.6879910545578842,0.633184793086162,0.7381821304857239,0.0,False,58.61353594325521,44.78867397081951
2,Kolasib,Mizoram,all_injury,67164.0,51.97280536040243,22.315173057421948,95.84035413798637,0.8024829311223747,0.7437629922398427,0.8548920449565582,0.0,False,73.52518108056442,34.90701499226069
3,Lawngtlai,Mizoram,all_injury,94315.20000000001,57.549518565213845,21.74321875557813,111.40146897087885,0.4846577382919492,0.4400383393392412,0.5290425646713606,0.17,False,89.65825021530073,54.27794353381858
4,Lunglei,Mizoram,all_injury,129142.40000000001,36.94362401158025,21.002493692638733,60.87884130720219,0.7190008930866905,0.6590236512282334,0.7745415150915502,0.0,False,39.87634761456346,47.709882695531014
5,Mamit,Mizoram,all_injury,69091.2,59.88614422254358,25.838817963506248,100.36850331445042,0.4894520444408688,0.4472144860782183,0.5287939089647793,0.196,False,74.52968535094418,41.37605567708602
6,Saiha,Mizoram,all_injury,45259.200000000004,47.87813879660664,20.839976167047862,88.44763102626348,0.7226841710903636,0.6739988853107745,0.7713707624532369,0.0,False,67.60765485921561,21.669262594233796
7,Serchhip,Mizoram,all_injury,51949.600000000006,43.73571816269911,22.35894279181567,74.9592366612173,0.7719622079061729,0.7201813839097987,0.8234454543136506,0.0,False,52.60029386940163,22.72053064264954
8,Khawzawl,Mizoram,all_injury,109720.6,47.73643612349669,21.308599543374324,86.48019156389853,0.7195181886242493,0.6641646065568872,0.7724679293738497,0.0,False,65.1715920205242,52.37670413331731
9,Hnahthial,Mizoram,all_injury,109720.6,47.481845442466614,21.490843014704534,83.30371713068526,0.7195687400609823,0.6640158933215254,0.7709416313956747,0.0,False,61.81287411598072,52.097365710547024
10,Thiruvallur,Tamil Nadu,all_injury,3508803.7647058824,98.23296352825089,26.48424951628202,250.42956800697849,0.8460601801215953,0.6918297259184444,0.938621695460715,0.0,False,223.94531849069648,3446.801922461424
11,Chennai,Tamil Nadu,all_injury,4373394.823529412,31.914878880212097,30.120213987507555,35.04899876149934,0.9509475556626776,0.8684077033952236,0.9877925350732466,0.0,False,4.9287847739917865,1395.7636608828773
12,Krishnagiri,Tamil Nadu,all_injury,1769232.0,89.9541363480523,32.795611098613165,184.3465250082733,0.5375399243977973,0.38343052958636253,0.6877796257109196,0.2225,False,151.55091390966012,1591.4973655933727
13,Tiruvannamalai,Tamil Nadu,all_injury,2319882.3529411764,89.36552277719984,29.979520063274126,189.0636684588646,0.5003566950850176,0.32543567144323,0.6838235057171738,0.328,False,159.0841483955905,2073.174992521887
14,Dharmapuri,Tamil Nadu,all_injury,1418205.1764705882,103.81776170812826,41.518772507958744,207.30385781983856,0.48028473151035744,0.3417042358956464,0.6232268417840944,0.49,False,165.7850853118798,1472.348870640575
15,Salem,Tamil Nadu,all_injury,3277229.176470588,99.46815566689888,31.806393666527427,232.34778068245666,0.7620360941062638,0.5694327152848488,0.8993336621427374,0.004,False,200.54138701592922,3259.7994188127927
16,Erode,Tamil Nadu,all_injury,2119288.470588235,102.17500460183608,38.12483770397943,221.88071280812613,0.7658027292228404,0.6178929696233967,0.8773641895775659,0.0005,False,183.7558751041467,2165.3830923497108
17,Nilgiris,Tamil Nadu,all_injury,692135.5294117647,96.12922645099124,44.37890174312666,175.07648645890055,0.8073307444347445,0.7137751447637345,0.8793404146592854,0.0,False,130.69758471577387,665.3445304160024
18,Namakkal,Tamil Nadu,all_injury,1625036.2352941176,107.96578495626507,39.01572317530006,236.10253407558295,0.6872162149785761,0.54580187252275,0.8051981846575716,0.003,False,197.0868109002829,1754.4831272590325
19,Perambalur,Tamil Nadu,all_injury,531974.5882352941,107.56579495716744,48.106496350727156,191.09681799945471,0.46850054942359576,0.3779347536039951,0.563656744048493,0.665,False,142.99032164872756,572.2226948054122
20,Coimbatore,Tamil Nadu,all_injury,3254630.588235294,95.22526747393157,86.53588968636765,110.14625698283739,0.8908097826315718,0.7723554467307281,0.9596182602460341,0.0,False,23.610367296469732,3099.230682935451
21,Tiruchirappalli,Tamil Nadu,all_injury,2562155.294117647,66.90524855417976,54.6555509380107,86.6392234635644,0.7327198140989724,0.5669258102522082,0.8634387381905156,0.003,False,31.983672525553708,1714.2163678734876
22,Ariyalur,Tamil Nadu,all_injury,710488.4705882353,111.90618104347007,44.09189633189055,212.60128597163006,0.412472552633214,0.3167098874399944,0.5192270441825052,0.83,False,168.5093896397395,795.0805141894522
23,Tiruppur,Tamil Nadu,all_injury,2333225.411764706,106.4604276668138,37.4669920250523,234.15494318344548,0.8182982736405527,0.6725451717730292,0.9177659136032724,0.0,False,196.6879511583932,2483.9617517954835
24,Thanjavur,Tamil Nadu,all_injury,2264367.058823529,125.8706089188489,47.718243676835286,267.57594166389504,0.649263877028317,0.46513554557914094,0.8043928637776536,0.0415,False,219.85769798705974,2850.172605099006
25,Karur,Tamil Nadu,all_injury,1001875.7647058823,111.73975486362423,47.46565288077445,212.33268534360909,0.6931176131428786,0.5701638976309853,0.7939585127642735,0.001,False,164.86703246283463,1119.4935235204136
26,Thiruvarur,Tamil Nadu,all_injury,1189907.7647058824,152.2575657300157,54.24101767865146,317.96208957826,0.503448647460884,0.373052819648918,0.6290930662582115,0.443,False,263.72107189960855,1811.7245969736196
27,Dindigul,Tamil Nadu,all_injury,2032729.4117647058,103.81202346545504,40.412024314345494,216.21146336386312,0.6618022588445662,0.49867760950706214,0.8028175139954844,0.021,False,175.79943904951762,2110.2175339303826
28,Madurai,Tamil Nadu,all_injury,2859531.294117647,94.78660929712939,82.53109820470083,116.42412827152575,0.816534466367282,0.6672696786557484,0.9163365609745192,0.0,False,33.89303006682492,2710.452755484442
29,Theni,Tamil Nadu,all_injury,1172610.8235294118,89.21685771625036,33.493353376040574,190.3379184618298,0.7851583137522888,0.6838569779512267,0.875653343402664,0.0,False,156.8445650857892,1046.166529993587
30,Virudhunagar,Tamil Nadu,all_injury,1828035.7647058824,83.07016731264426,30.542461471386364,176.87119136748734,0.7597743426859533,0.6209165095162887,0.8644912706571388,0.0,False,146.32872989610098,1518.5523682761525
31,Thoothukkudi,Tamil Nadu,all_injury,1647224.4705882352,77.8718991161962,28.48000898386948,176.93537248575103,0.7349466760187958,0.602154397596566,0.8429572619519536,0.001,False,148.45536350188155,1282.7249779537676
32,Kanyakumari,Tamil Nadu,all_injury,1760352.0,61.98925926331584,18.966224053537733,158.78655679276883,0.9150959941984319,0.8271747950866882,0.9664702191369642,0.0,False,139.8203327392311,1091.2291652269657
33,Viluppuram,Tamil Nadu,all_injury,3255409.882352941,190.64465226930017,59.272058981370044,407.8374948600112,0.4669224584023533,0.2650975012287964,0.6782475314049191,0.593,False,348.56543587864115,6206.264850152199
34,Cuddalore,Tamil Nadu,all_injury,2452624.9411764704,142.07356627120646,49.437709696710115,298.9624035280456,0.6295588091577048,0.4297137685587926,0.7998822504377106,0.0845,False,249.52469383133553,3484.531721186491
35,Pudukkottai,Tamil Nadu,all_injury,1523148.2352941176,130.97387728800044,50.120646812579686,270.36496920957904,0.49894058573255307,0.35581037018682443,0.6430359685148903,0.4695,False,220.24432239699937,1994.9263006084616
36,Sivaganga,Tamil Nadu,all_injury,1260330.3529411764,79.97593041395707,32.196158422956906,163.01987347147536,0.6041711318996078,0.4664543527450502,0.7318641343782311,0.0385,False,130.82371504851847,1007.9609260542148
37,Ramanathapuram,Tamil Nadu,all_injury,1273830.5882352942,106.89664548961449,42.165015422714646,235.02607229418126,0.5931891706426344,0.4660674787560172,0.719420191628548,0.059,False,192.86105687146662,1361.6821680441533
38,Nagapattinam,Tamil Nadu,all_injury,1521364.705882353,164.13705302139522,55.33872577297983,353.9172244741005,0.5200329249390134,0.370273113391592,0.6711426053595236,0.382,False,298.5784987011207,2497.1231939429113
39,Kallakurichi,Tamil Nadu,all_injury,2121971.470588235,99.66394570813605,37.22818429249362,212.06556978149248,0.7052232367521426,0.5341003714805936,0.8342460730957142,0.011,False,174.83738548899885,2114.8404943891946
40,Tenkasi,Tamil Nadu,all_injury,2121971.470588235,108.05476975363082,40.74218671644885,244.59050589018256,0.7048620245364869,0.5432986861310011,0.838352128875462,0.005,False,203.8483191737337,2292.8913867818515
41,Tirunelveli,Tamil Nadu,all_injury,2896219.294117647,68.02064427604273,19.358036943449264,168.89013821284325,0.7482519245202236,0.5839066609724155,0.8770164173213678,0.0025,False,149.532101269394,1970.0270235058806
42,Vellore,Tamil Nadu,all_injury,3704782.117647059,92.60151298661228,23.544250976617032,238.161922716195,0.7016690218927363,0.4983278171917395,0.8528891867152408,0.014,False,214.61767173957796,3430.6842937986307
43,Kancheepuram,Tamil Nadu,all_injury,3763060.705882353,123.5108253522499,30.849615227613175,306.7156807869935,0.8375830843013864,0.6875050057875118,0.939309971035657,0.0,False,275.86606555938033,4647.787336341495
44,Burhanpur,Madhya Pradesh,all_injury,719703.4256611126,119.97303273462684,50.18097706001291,240.6734790426838,0.6384102752414325,0.5367989267222849,0.731641880117576,0.0045,False,190.4925019826709,863.4500264606373
45,Gondia,Maharashtra,all_injury,1389365.547007887,177.78790438297833,59.908395127304516,393.6340851868307,0.47125101045059115,0.3272380756307146,0.6262522429489932,0.644,False,333.7256900595262,2470.123890244426
46,Bhandara,Maharashtra,all_injury,1261016.1643773264,216.35264905925618,74.93830608414548,434.2938587402341,0.4989347852122587,0.35980387862359714,0.63050929275173,0.5015,False,359.3555526560886,2728.24187669577
47,Jalgaon,Maharashtra,all_injury,4443757.913192867,106.96118803268058,30.93339214287777,262.9281508059846,0.6497279398020294,0.412926471348876,0.8457551437986726,0.0725,False,231.99475866310684,4753.096257247345
48,Mahasamund,Chhattisgarh,all_injury,688502.6666666666,164.52484306596273,66.20558525177589,327.65108375041905,0.41330177540204743,0.31732028896202,0.5175710490814394,0.93,False,261.44549849864313,1132.7579318383018
49,Wardha,Maharashtra,all_injury,1366533.8482470317,165.9121217011803,56.31444740536228,368.57505032716847,0.6023577177928267,0.4559297078587596,0.7397661996098179,0.072,False,312.2606029218062,2267.245301391438
50,Buldhana,Maharashtra,all_injury,2717004.7197281555,111.14260030824376,38.05358743156483,248.58757194407562,0.5245091326523619,0.32623807461593785,0.7118065055178975,0.3175,False,210.53398451251078,3019.7496960035824
51,Valsad,Gujarat,all_injury,1375269.7712555276,122.61682938934734,42.735318649462656,264.4629390678214,0.7357702651543239,0.6073304624453917,0.8399501790825215,0.0,False,221.72762041835875,1686.3121890636578
52,Akola,Maharashtra,all_injury,1905606.9282891417,102.88614978699823,32.7118297785063,228.35350136362567,0.6770705096633979,0.5131560662663877,0.8113668191644259,0.0125,False,195.64167158511935,1960.6055985909823
53,Bhadrak,Odisha,all_injury,1541338.0673229115,98.7427032823417,26.544108179850898,234.99257236161168,0.4405880059892989,0.29940813005967126,0.5919082621176169,0.5395,False,208.44846418176078,1521.9588743944423
54,Dhenkanal,Odisha,all_injury,1220527.0144871362,132.39562981272488,49.192672031333146,274.8334455857778,0.41148128963890956,0.2825929053994914,0.5460372160384153,0.831,False,225.64077355444465,1615.9244278646918
55,Jajpur,Odisha,all_injury,1869648.4159307547,108.16563675450473,36.79110481366732,238.10309167253487,0.4085222707982022,0.2596100200318192,0.5698665259929082,0.6625,False,201.31198685886756,2022.317114162012
56,Subarnapur,Odisha,all_injury,624361.1395944573,75.72813810609698,29.402798781849697,160.46299590813146,0.3824684004062108,0.28634668970750216,0.49528273049159105,0.5105,False,131.06019712628176,472.8170660728916
57,Nuapada,Odisha,all_injury,624564.7635347823,156.61689692684007,61.465114430886224,321.73205777609553,0.35596227273425274,0.2653701126220075,0.4531188302985803,0.963,False,260.2669433452093,978.1739519466325
58,Balangir,Odisha,all_injury,1687312.8981106346,117.27862371688249,40.56970373081495,252.9720492557291,0.43066003646682316,0.2824447892310317,0.595112758744538,0.673,False,212.40234552491415,1978.8573447015958
59,Nashik,Maharashtra,all_injury,6415932.170441787,108.38091732707169,89.73530001080807,145.577932886093,0.7804467275351504,0.5722033489766056,0.9173453432204951,0.0075,False,55.842632875284934,6953.646141407508
60,Boudh,Odisha,all_injury,451412.7877469054,115.46142547254593,53.24080542619722,215.96632716631447,0.3469931014815238,0.2653990873294554,0.4315724996460597,0.92,False,162.72552174011724,521.2076394979351
61,Gadchiroli,Maharashtra,all_injury,1127183.9383366108,357.2269247507487,128.21873846142515,760.987428226503,0.4095000179832859,0.2826229081210908,0.5436711523515803,0.9015,False,632.7686897650779,4026.60451920425
62,Washim,Maharashtra,all_injury,1257681.7047138214,101.2655325866438,39.506981891972224,205.04441186774002,0.46527164784113045,0.3311400418183803,0.6011116910768237,0.5265,False,165.5374299757678,1273.5980765232323
63,Cuttack,Odisha,all_injury,2685451.872686498,89.37373297654013,29.72569834641167,214.34149205097816,0.6116686271242061,0.4225371531289919,0.7697688724821453,0.069,False,184.6157937045665,2400.088585908327
64,Chandrapur,Maharashtra,all_injury,2315744.41634586,147.18275934024496,46.909309670021166,329.17611180588233,0.6388860148845766,0.46875248221769394,0.7890957922631741,0.055,False,282.26680213586116,3408.376531245487
65,Yavatmal,Maharashtra,all_injury,2912502.3879013276,142.54954610958688,47.90593526925725,317.0670600402283,0.5297181815097619,0.3359978592539002,0.7136812930142864,0.353,False,269.161124770971,4151.758934384222
66,Kandhamal,Odisha,all_injury,750144.4567418178,134.7448306756724,57.42835947136688,249.2429469792291,0.40040864543962257,0.2994593581509422,0.5065824892453992,0.9195,False,191.8145875078622,1010.780878059705
67,Jalna,Maharashtra,all_injury,2058084.393809343,86.42472303602239,30.193699127043775,196.18728139942226,0.49837384539344337,0.3315770820884534,0.6640039704094618,0.3215,False,165.9935822723785,1778.693737197325
68,Nayagarh,Odisha,all_injury,985160.2506608804,72.2685027152127,25.977815450051864,165.9609059074109,0.39820891502440225,0.28044577166266094,0.5309652728390141,0.4445,False,139.98309045735903,711.9605624980546
69,Uttar Bastar Kanker,Chhattisgarh,all_injury,499294.0,138.20193509230637,59.85582595547289,255.11388382472546,0.42158587560790206,0.33608263663294885,0.5111465250041124,0.9205,False,195.25805786925258,690.0339697997802
70,Khordha,Odisha,all_injury,2303992.6059462004,82.0894611884281,25.68434647932178,199.2413173316151,0.7868310399985534,0.6433901561068289,0.8949835710215196,0.0,False,173.55697085229332,1891.3351160424595
71,Kalahandi,Odisha,all_injury,1613508.9404837112,125.24762505733493,48.316968460755874,249.4845264468633,0.3948082481409915,0.2504931394684802,0.5490175811840187,0.822,False,201.16755798610743,2020.881628043616
72,Jagatsinghpur,Odisha,all_injury,1163389.5228904276,83.99218073436266,26.285168922089575,194.83044719181228,0.42656446393851755,0.2995281158297218,0.5587885800881802,0.4975,False,168.5452782697227,977.1562307107674
73,Puri,Odisha,all_injury,1738201.4881818937,87.13481123497245,25.994344808132706,207.35601194901142,0.47309738050486794,0.32178656903519937,0.6337193543332015,0.39,False,181.36166714087872,1514.578585610775
74,Ahmednagar,Maharashtra,all_injury,4772835.674350914,105.10672371572024,28.056394073480774,271.7745427628747,0.5694326681298509,0.3246959581048339,0.7864160231946582,0.203,False,243.71814868939396,5016.571205645348
75,Nabarangapur,Odisha,all_injury,1249315.755999912,189.45361751693216,72.7229563656685,387.1402040111552,0.38792130764276145,0.2584547479558372,0.5395113003405019,0.9235,False,314.4172476454867,2366.873893950843
76,Hingoli,Maharashtra,all_injury,1236864.9692909003,88.6122106708714,33.9341053813772,179.90041543360556,0.4441521790887941,0.31637553939288166,0.5810741752604828,0.5365,False,145.96631005222835,1096.0133923022615
77,Rayagada,Odisha,all_injury,990401.2648435155,146.188860077539,59.96011381794119,282.2326836349027,0.47167446753887793,0.34887520769946617,0.5929468148708338,0.6505,False,222.2725698169615,1447.8563192682634
78,Nanded,Maharashtra,all_injury,3531220.0980661986,97.48384896806454,29.109290598989237,233.75831546096822,0.6021962658621036,0.3811276140535294,0.7960299959600832,0.1165,False,204.64902486197897,3442.369267128793
79,Narayanpur,Chhattisgarh,all_injury,93213.33333333333,313.1133745692016,63.948754326420264,691.9897172202963,0.47759116541637453,0.43138695573330577,0.5243401020953687,0.8125,False,628.040962893876,291.8634135484384
80,Parbhani,Maharashtra,all_injury,1928908.224866502,95.79287732188494,32.74057707737668,218.07356175323528,0.608930964775558,0.4492802091954626,0.7518336611120353,0.0655,False,185.3329846758586,1847.7566894981169
81,Pune,Maharashtra,all_injury,9906106.057571374,136.18437854938705,123.28196252235358,161.22803870492007,0.8771717510377423,0.7360110440756361,0.9586249027888583,0.0,False,37.946076182566486,13490.568972946761
82,Beed,Maharashtra,all_injury,3210695.2285714285,118.73991240679194,38.58269785495718,270.9791932611765,0.6324852542890175,0.42283871646607823,0.8049954189162563,0.0845,False,232.3964954062193,3812.376702054762
83,Mumbai,Maharashtra,all_injury,3241392.099821892,119.76672449024655,29.022122047754646,329.8623167939938,0.9532494631689806,0.8828388861236485,0.9870008610211746,0.0,False,300.84019474623915,3882.1091458423025
84,Koraput,Odisha,all_injury,1411704.3135552355,171.5395254569101,63.62185681007611,352.8312356638351,0.481851047433521,0.339819360356067,0.6226719295313128,0.5625,False,289.209378853759,2421.6308803273814
85,Srikakulam,Andhra Pradesh,all_injury,4629404.761373135,66.56790292870654,16.236657493561506,167.44218144891113,0.45616510022173923,0.23005788757172696,0.6924234196192214,0.2535,False,151.20552395534963,3081.6976677277876
86,Vizianagaram,Andhra Pradesh,all_injury,4015191.0346790846,88.37374774352374,23.639062740991992,219.87636906525063,0.5000632217957067,0.2681879173403267,0.7258797380221205,0.2955,False,196.23730632425864,3548.374796407875
87,Latur,Maharashtra,all_injury,2578266.404642522,92.25504598436312,28.496374748277614,211.28575361312363,0.576825189899894,0.38271723505104516,0.7479447187913404,0.13,False,182.78937886484601,2378.5808572023443
88,Osmanabad,Maharashtra,all_injury,1741373.7590403266,92.80775538647066,29.92982859636249,214.01240003421307,0.4751134907908385,0.32339401905720544,0.635735715301027,0.4275,False,184.0825714378506,1616.1298986543354
89,Malkangiri,Odisha,all_injury,627440.0563604763,192.11488357068382,50.394117206216976,462.3089783851262,0.38429430345139154,0.28947108970003166,0.48328213908379986,0.93,False,411.9148611789092,1205.405733752762
90,Solapur,Maharashtra,all_injury,4536037.56107649,105.886257333305,29.539470813611796,283.1106254212852,0.6563417406432505,0.42835372472478167,0.8439029640693314,0.067,False,253.5711546076734,4803.040404656824
91,Visakhapatnam,Andhra Pradesh,all_injury,7348144.823228025,110.55160846423674,88.19146183381032,155.61545727897823,0.7509372935713704,0.522490948648878,0.9101367209200417,0.019,False,67.4239954451679,8123.492294360126
92,Bidar,Karnataka,all_injury,2281052.309325669,114.03551306451453,41.26038724163034,255.14698445303273,0.5727619563950059,0.39387917941645567,0.73856101217942,0.161,False,213.88659721140237,2601.209704209484
93,Satara,Maharashtra,all_injury,3155593.3220277983,164.7226519962058,37.29685687528612,461.5972574083513,0.5272474398689303,0.3228478161142201,0.7221352860378559,0.3435,False,424.3004005330652,5197.97700625936
94,Ratnagiri,Maharashtra,all_injury,1696717.843187583,123.43983804430455,39.89310169709684,263.4032169582674,0.4599208159967624,0.3068793520686008,0.6255635762541596,0.584,False,223.5101152611706,2094.4257576995697
95,Kalaburagi,Karnataka,all_injury,2036509.9,117.20313389203808,44.858624125316645,245.5421932667901,0.5897728219024913,0.4225318974509412,0.7381248128861365,0.1145,False,200.68356914147344,2386.8534248216106
96,Sangli,Maharashtra,all_injury,2964814.7442164607,84.40315722878172,24.229159866710766,202.37423740682203,0.5760470343099594,0.3763033293217294,0.7479159656440121,0.1245,False,178.14507754011126,2502.397250103122
97,Kolhapur,Maharashtra,all_injury,4071949.902396068,93.75249056556795,22.914966174844977,248.15970617966562,0.6479316712327369,0.4358530139497877,0.8314720131507065,0.069,False,225.24474000482064,3817.554448078527
98,Krishna,Andhra Pradesh,all_injury,7736582.256692643,45.28557287614436,10.286116859486087,119.12740866169193,0.6575598930746317,0.3891986071039754,0.8665319201636571,0.021,False,108.84129180220584,3503.5555959774006
99,Belagavi,Karnataka,all_injury,2036509.9,117.72983256164972,45.396398462739896,240.27644892215494,0.5865344922487039,0.42330263836623144,0.7357690214105836,0.137,False,194.88005045941503,2397.57969537142
100,Yadgir,Karnataka,all_injury,1572578.8623989683,146.79407615086635,54.344144369228324,306.26198172496555,0.5126084271563954,0.3600834768552567,0.6652864929114275,0.4045,False,251.91783735573722,2308.4526128023695
101,Bagalkote,Karnataka,all_injury,2530748.0559225045,113.13428644294824,37.00649708737165,266.3130516911581,0.6509236555479567,0.4743585696999366,0.8033407899147033,0.045,False,229.30655460378642,2863.1437547367104
102,Sindhudurg,Maharashtra,all_injury,892604.5959535928,85.8462160345286,31.087479585960754,184.64488175481168,0.42816852952999956,0.3168171527295443,0.543124222967713,0.5535,False,153.55740216885093,766.2672697764523
103,Guntur,Andhra Pradesh,all_injury,8370962.0737051815,46.74792634485198,10.790512678238416,116.00649334212076,0.6048327123123534,0.345064964609794,0.8284460001165928,0.052,False,105.21598066388235,3913.2511845711924
104,East Godavari,Andhra Pradesh,all_injury,8827345.958744805,52.594997686200195,12.180817891333966,129.55741221295798,0.5407642827264502,0.2587909592170967,0.8035130803507032,0.1065,False,117.37659432162403,4642.742402754717
105,Raichur,Karnataka,all_injury,2583057.0462367535,122.60453485842778,42.10071521720423,266.7839809921643,0.5955226253768579,0.40559732273837096,0.7629896311683714,0.146,False,224.68326577496006,3166.9450766664154
106,Prakasam,Andhra Pradesh,all_injury,5818534.456081999,36.88491602442192,8.39821734558105,101.19943954300477,0.4885507725061195,0.22612115742592365,0.7577419002885853,0.0515,False,92.80122219742373,2146.1615479778998
107,Kurnool,Andhra Pradesh,all_injury,6942038.298144226,41.5035955131856,8.642985701727575,116.97828742815773,0.5638777535735,0.28952704106154703,0.815480347510759,0.054,False,108.33530172643015,2881.195495632213
108,Koppal,Karnataka,all_injury,1861375.1105371537,125.87634340321573,40.270527755968324,276.439587423555,0.4992700706285386,0.3357028211348522,0.6597934347798112,0.4225,False,236.16905966758668,2343.0309261617335
109,Gadag,Karnataka,all_injury,1425667.7372974975,98.14741362557947,38.217555937862606,210.88670649913658,0.6699320984965852,0.5265411178461211,0.7898219011819709,0.008,False,172.66915056127397,1399.2560110518148
110,North Goa,Goa,all_injury,818008.0,75.13259637808567,39.99850404595146,113.03385343180608,0.8454546708521263,0.7630463474597067,0.911829563156739,0.0,False,73.03534938585463,614.590648980451
111,Ballari,Karnataka,all_injury,2036509.9,116.5585761026876,47.7088120776324,237.30432906394975,0.586452691812578,0.4238051359028517,0.7392471328015917,0.1475,False,189.59551698631736,2373.7269416302665
112,Dharwad,Karnataka,all_injury,2473525.5559957875,111.05305285103464,34.01155752937169,277.40721269660196,0.8198739721280743,0.6861763030711687,0.9150330521121874,0.0,False,243.39565516723027,2746.92564298385
113,Uttara Kannada,Karnataka,all_injury,1924650.7757536913,99.40240291764613,37.836104936717724,206.47995639144736,0.5999406129997237,0.4398531321576987,0.7464624157224765,0.082,False,168.64385145472963,1913.149118872286
114,South Goa,Goa,all_injury,640537.0,97.716596751567,51.760268032019006,143.8880157309296,0.8483055676642519,0.7730422481779011,0.909080049998835,0.0,False,92.12774769891058,625.9109573345846
115,Haveri,Karnataka,all_injury,2139590.3721808977,93.23591999410252,34.4713560349033,206.08428627109757,0.5499594846500403,0.380137319936922,0.7172750439567025,0.1915,False,171.61293023619427,1994.866767608102
116,Anantapur,Andhra Pradesh,all_injury,6989452.158905784,37.30039265965614,8.567467856314426,95.50564129717448,0.5582749761024735,0.2842027486627057,0.8069899054223796,0.036,False,86.93817344086006,2607.0931000306705
117,S.P.S. Nellore,Andhra Pradesh,all_injury,5075444.426835378,49.24793821040063,11.519628490915052,127.77626269799602,0.5638908533748677,0.3047908700239449,0.7919301131665155,0.0625,False,116.25663420708096,2499.5517352311094
118,Chitradurga,Karnataka,all_injury,2222336.606014406,153.02467445362754,52.25613822118088,334.3084970922645,0.5331322017544091,0.3622081797966359,0.6965251761939398,0.3285,False,282.0523588710836,3400.72335661734
119,Davanagere,Karnataka,all_injury,2605401.5291705285,101.45307926923542,34.27592575365497,237.35194476367136,0.6445896921703781,0.4647642091478343,0.8018117058163128,0.039,False,203.07601901001638,2643.260078671248
120,Shivamogga,Karnataka,all_injury,2347279.5622189245,121.06675709532661,42.54901055656101,262.2009720065823,0.6668231252356204,0.48856841853890814,0.8074026962717583,0.0255,False,219.65196145002128,2841.775245939831
121,Udupi,Karnataka,all_injury,1576716.97760816,105.35743739210753,40.08642481160924,225.2868815549454,0.595453994053885,0.4435278403418347,0.7292664483391605,0.078,False,185.20045674333616,1661.1886025342476
122,Chikkamagaluru,Karnataka,all_injury,1523952.6607013138,159.00710795697634,64.12038135174554,326.39668456372283,0.5073708813902554,0.35591143292241534,0.6561796193654796,0.4545,False,262.2763032119773,2423.1930524145514
123,Chikkaballapura,Karnataka,all_injury,1680830.0813972198,117.73153111934127,35.01017757829737,275.87771760236143,0.5328948379828016,0.374770090952254,0.6797945762495511,0.275,False,240.86754002406406,1978.8669903434172
124,Hassan,Karnataka,all_injury,2378975.649847129,186.7715044144665,64.78927896964818,402.9387709985821,0.5291983476519413,0.34845456239021255,0.6999245188756446,0.358,False,338.1494920289339,4443.248610873314
125,Kolar,Karnataka,all_injury,2057541.8593907517,110.19657659446786,36.016807402853104,249.95895059789677,0.6211849411450141,0.4400025715674913,0.7694441047155643,0.063,False,213.94214319504368,2267.340691046768
126,Bengaluru Rural,Karnataka,all_injury,1327039.9797533727,114.71990179435045,46.13821273066377,230.15342820465858,0.587886396455294,0.45629757974583435,0.710963320950176,0.0865,False,184.01521547399483,1522.3789615448372
127,Dakshina Kannada,Karnataka,all_injury,2798449.290864836,85.785632090594,27.342598616246637,207.06353495079992,0.7642917777374661,0.6051488639363625,0.8866084122115745,0.0005,False,179.72093633455327,2400.6674129031453
128,Bengaluru Urban,Karnataka,all_injury,2036509.9,120.8084913480884,40.132738603692516,274.2903470179295,0.5880886050139394,0.428436985267272,0.7366748312816033,0.1225,False,234.15760841423696,2460.2768863444635
129,Kasaragod,Kerala,all_injury,1307375.0,87.71689808542489,28.130002239755946,201.59008064938425,0.6867154602515549,0.555612857203851,0.7979711013610781,0.003,False,173.4600784096283,1146.7887963443236
130,Kodagu,Karnataka,all_injury,742609.5494128813,175.43867269534587,71.43895726643714,339.51944605905464,0.4418429929094805,0.3419839797233954,0.5390523309127161,0.8525,False,268.08048879261753,1302.8243367988475
131,Chamarajanagara,Karnataka,all_injury,1367039.081717172,111.03259986452467,42.2823009026003,222.3228755872196,0.48057166632543186,0.34395317198919,0.6176908968602874,0.5115,False,180.04057468461932,1517.8590335947
132,Wayanad,Kerala,all_injury,817420.0,129.8559502997204,47.67620871761012,243.95158943422416,0.34708533632825084,0.24907671568196202,0.4506405956788999,0.922,False,196.27538071661405,1061.4685089399745
133,Kozhikode,Kerala,all_injury,3086293.0,57.32385415076213,51.26815526558654,66.80997950841078,0.8718532178008158,0.7501570484316333,0.9483502460123138,0.0,False,15.541824242824234,1769.1820979851811
134,Malappuram,Kerala,all_injury,4112920.0,36.406730683000234,30.27406288432485,45.83581555071025,0.7874141863045946,0.6152933412658699,0.9058291751627828,0.0,False,15.561752666385402,1497.3797076072533
135,Palakkad,Kerala,all_injury,2809934.0,132.26968133251822,42.56191345572998,279.0214585266842,0.6159640021359393,0.41968706747941104,0.7835692663292719,0.0955,False,236.45954507095425,3716.690747454082
136,Thrissur,Kerala,all_injury,3121200.0,87.77504802028375,78.52144600820954,102.24645335624788,0.8707188236033034,0.7488020577644112,0.9491321380853975,0.0,False,23.725007348038346,2739.6347988090965
137,Idukki,Kerala,all_injury,1108974.0,124.41429639448442,51.61875449294169,243.63556550150088,0.3590470834915125,0.2454384912466109,0.4845261146448467,0.914,False,192.0168110085592,1379.7221992977697
138,Ernakulam,Kerala,all_injury,3282388.0,144.81188262097345,51.362672177297334,286.80232011513266,0.8806710667468883,0.7720720799416065,0.9507716228412469,0.0,False,235.43964793783533,4753.287857724918
139,Alappuzha,Kerala,all_injury,2127789.0,173.43417665155349,67.13052215222984,354.1681605618892,0.8021949071414445,0.6641045544192886,0.8986471171050985,0.0005,False,287.03763840965934,3690.313333032323
140,Kottayam,Kerala,all_injury,1974551.0,153.22910041726274,55.921971493595635,311.988725830301,0.6113578939383062,0.44789707976640664,0.7615106924155225,0.089,False,256.06675433670534,3025.5867345800657
141,Pathanamthitta,Kerala,all_injury,1197412.0,123.67680595119911,50.318267044504786,250.6184727955116,0.4307963027309995,0.30147733795542975,0.5705854761773899,0.762,False,200.3002057510068,1480.9209156763723
142,Kollam,Kerala,all_injury,2635375.0,158.77048767876113,134.84925410397688,196.93684975193145,0.7521370295016755,0.605787623257322,0.8740513550150025,0.002,False,62.08759564795457,4184.197739664151
143,Thiruvananthapuram,Kerala,all_injury,3301427.0,69.9893468329089,60.69007578425521,86.13403133922736,0.8074264857459194,0.6517148025880841,0.9108011070194492,0.0005,False,25.443955554972156,2310.647193465299
144,West Godavari,Andhra Pradesh,all_injury,6742523.306735915,46.57262652409698,11.363792925026653,122.17064974030514,0.4884901412888413,0.23295929901564477,0.7524650401130397,0.1085,False,110.80685681527848,3140.170197946312
145,Dakshin Bastar Dantewada,Chhattisgarh,all_injury,355758.6666666666,253.79105390062375,74.70598115730847,489.3754696042598,0.5186349492005596,0.443138876155305,0.5924176868302822,0.3145,False,414.66948844695133,902.8836694761403
146,Bastar,Chhattisgarh,all_injury,942132.6666666666,251.81233511031766,71.86739724000999,503.42683228437016,0.4459691802645691,0.333356577256129,0.5658869214463648,0.796,False,431.55943504436016,2372.4062677704387
147,Kondagaon,Chhattisgarh,all_injury,946118.4444444445,214.17184229469254,70.05962036975797,449.63941043477945,0.5001241321426078,0.3826150273375142,0.6165409711393977,0.4825,False,379.5797900650215,2026.3193027565537
148,Gariaband,Chhattisgarh,all_injury,946118.4444444445,206.4089727164599,78.35935049226691,431.0899949613404,0.4988822850454803,0.378222224576946,0.6180757094358137,0.507,False,352.73064446907347,1952.8733618587285
149,Raipur,Chhattisgarh,all_injury,2709248.0,185.90741086129418,151.59872469652285,241.1346730722851,0.6991744124357443,0.5368399632710439,0.8340449202588924,0.008,False,89.53594837576225,5036.6928106113955
150,Durg,Chhattisgarh,all_injury,2229248.0,138.33798436273682,114.12440110843815,175.63064179348626,0.703883602217938,0.5538474233002552,0.8285120564134097,0.0045,False,61.50624068504811,3083.8967496466234
151,Thane,Maharashtra,all_injury,11619287.138751013,109.31031567385617,30.311774873599436,272.43386374953036,0.9226465316957088,0.824116777724142,0.977988966022714,0.0,False,242.12208887593093,12701.079450420502
152,Adilabad,Telangana,all_injury,2741239.0,21.615949793964084,5.101284421459513,63.554683922768845,0.5519646933586198,0.3610891364553453,0.7303173735232269,0.0045,False,58.453399501309335,592.5448459725632
153,Hyderabad,Telangana,all_injury,3943323.0,15.613717489071579,14.480317274846273,17.193126575817317,0.9506979130388608,0.8717418338690143,0.9870347645069129,0.0,False,2.7128093009710437,615.6993129015821
154,Jagtial,Telangana,all_injury,3208589.6470588236,50.62440982360231,12.963712435313745,132.9205340033338,0.602321626631184,0.3888720043339588,0.7868008758408165,0.0335,False,119.95682156802008,1624.329572484734
155,Jangaon,Telangana,all_injury,4229917.0,34.42900065638011,9.412604289663316,85.3395017599511,0.5885193035704456,0.35158514283951386,0.7947181804280208,0.016,False,75.92689747028778,1456.318151694334
156,Mulugu,Telangana,all_injury,3208589.6470588236,33.64025305267223,10.54354171462841,75.70115642565527,0.6030234904853242,0.3890048238080925,0.7966858539225795,0.0075,False,65.15761471102687,1079.3776766924311
157,Jogulamba Gadwal,Telangana,all_injury,3208589.6470588236,24.25823516862315,5.96700795918035,65.53703910688857,0.6047891017220918,0.3889589055983726,0.7934495365362337,0.0025,False,59.57003114770822,778.347222179625
158,Kamareddy,Telangana,all_injury,3208589.6470588236,24.95179017824707,5.364457945094111,70.84296837477348,0.6034517080499489,0.3903307794664307,0.7860173617123807,0.0075,False,65.47851042967936,800.6005564150759
159,Karimnagar,Telangana,all_injury,3776269.0,43.95722142008274,12.664691968685878,103.64504961279263,0.5267580755981424,0.3017669842847377,0.7487133966511282,0.0575,False,90.98035764410676,1659.9429257479442
160,Khammam,Telangana,all_injury,2797370.0,20.26143084703832,5.398372661375016,52.15826065577551,0.5144971362106596,0.3199377325627313,0.7065541468673262,0.005,False,46.75988799440049,566.7871880857958
161,Komaram Bheem,Telangana,all_injury,3208589.6470588236,34.03302097756645,8.229080634824834,94.83052425070741,0.6022733748945258,0.38464296900642925,0.7877268453969266,0.013,False,86.60144361588257,1091.9799876675547
162,Mahabubabad,Telangana,all_injury,3208589.6470588236,48.9149552931302,13.243352280339534,120.56259124828472,0.6043811725111539,0.39572283552565457,0.7942125444193512,0.0325,False,107.31923896794518,1569.4801913988276
163,Mahabubnagar,Telangana,all_injury,4053028.0,31.221534211247125,8.035645928568867,80.67571794324942,0.4401944826971085,0.21536390173462613,0.6806628246611404,0.031,False,72.64007201468056,1265.4175236114252
164,Mancherial,Telangana,all_injury,3208589.6470588236,38.76297247650526,10.861568989735055,93.41129345016576,0.6026162336026539,0.3853164840100093,0.7913068578462685,0.0175,False,82.5497244604307,1243.744721773409
165,Medak,Telangana,all_injury,3033288.0,40.259437047703116,5.66143566231899,136.91930438862855,0.5295065784221181,0.32451936201814874,0.7293993762703188,0.0585,False,131.25786872630957,1221.1846728355329
166,Medchal Malkajgiri,Telangana,all_injury,613192.0,25.381921373104955,9.659886289871494,49.789195781688996,0.37976130293854554,0.28427460254309483,0.4863261021064957,0.0045,False,40.1293094918175,155.63991130616972
167,Nagarkurnool,Telangana,all_injury,4053463.0,48.41867215025468,12.365561977271126,122.41378632406462,0.5559831290116211,0.3221854410478398,0.7793025842208684,0.0585,False,110.04822434679349,1962.632960701878
168,Nalgonda,Telangana,all_injury,3488809.0,42.51698975036293,12.159883211020224,106.46452213579354,0.47365488499221076,0.2615079138006193,0.6849427121598995,0.0735,False,94.30463892477331,1483.3365649397397
169,Nirmal,Telangana,all_injury,3208589.6470588236,43.17890034973439,11.929800417576766,109.70984431860572,0.6024924417894207,0.4007700926687176,0.7823825676369804,0.0255,False,97.78004390102895,1385.433726335424
170,Nizamabad,Telangana,all_injury,2551335.0,26.822484421840482,8.052787928264879,65.77579353499523,0.5036875799087908,0.3178487936019093,0.7032198719447982,0.0115,False,57.723005606730354,684.3314329239639
171,Peddapalli,Telangana,all_injury,3208589.6470588236,40.38026141995319,11.146280653329482,99.17699476948454,0.6032802771444756,0.386671403552776,0.7940321943775661,0.022,False,88.03071411615505,1295.6368873759066
172,Rajanna Sircilla,Telangana,all_injury,3208589.6470588236,48.03503652043076,12.148288877951996,119.78598123125546,0.6040318148457704,0.3962653737002962,0.794899109147459,0.032,False,107.63769235330346,1541.2472087554663
173,Ranga Reddy,Telangana,all_injury,5296741.0,39.260200469862305,10.165550798201092,108.03736276917331,0.8654247351138455,0.6781017203208056,0.9635006917079283,0.0,False,97.87181197097222,2079.5111349693893
174,Sangareddy,Telangana,all_injury,5296741.0,26.531385410013318,6.2138195810913635,73.08611991913035,0.8664462646940349,0.693930847530283,0.9603173007831746,0.0,False,66.872300338039,1405.2987688801934
175,Siddipet,Telangana,all_injury,3208589.6470588236,40.65181123403393,12.503398148358801,95.0589956473278,0.6046680894219858,0.4001523860052502,0.7800640625002171,0.015,False,82.55559749896901,1304.3498065971085
176,Suryapet,Telangana,all_injury,3208589.6470588236,34.64907850576176,11.486095164465105,82.30459851064381,0.604405502355571,0.38788454845179343,0.7920095056507153,0.013,False,70.81850334617872,1111.7467457371558
177,Vikarabad,Telangana,all_injury,3208589.6470588236,31.861280034567923,6.713687092705232,87.47559353824121,0.6016054448362713,0.40018148757664496,0.7885005265195313,0.007,False,80.76190644553598,1022.2977326095664
178,Wanaparthy,Telangana,all_injury,3208589.6470588236,41.05604434442074,13.199887854723208,96.27238870056875,0.6027041684715713,0.39239894197203246,0.7827361018436788,0.0175,False,83.07250084584555,1317.3199883269635
179,Warangal Rural,Telangana,all_injury,3512576.0,49.92187070009406,13.816901745514658,126.08877635283686,0.5531698652551317,0.31556107977870845,0.7586826453688745,0.067,False,112.2718746073222,1753.5436489625358
180,Warangal Urban,Telangana,all_injury,3512576.0,32.6542318046588,9.111623216745508,83.38527427617271,0.5545944548428129,0.347081787893213,0.7562009228215777,0.0185,False,74.2736510594272,1147.004709354812
181,Yadadri Bhuvanagiri,Telangana,all_injury,3208589.6470588236,53.7504289741512,14.856821959630873,130.74059055339464,0.6038142887768033,0.39524613117033647,0.788095233816824,0.0425,False,115.88376859376376,1724.6306993143216
182,South 24 Parganas,West Bengal,all_injury,7704329.421039488,63.78365481946942,12.820955340939998,181.37786550411525,0.7732390265453182,0.546097851776095,0.9293619472420472,0.006,False,168.55691016317525,4914.102884070654
183,Amreli,Gujarat,all_injury,1220875.0625483869,56.9502011643029,22.89075550162527,124.23525427658433,0.559768343375342,0.4273203775957879,0.6861194209756243,0.0535,False,101.34449877495905,695.2908040861151
184,Angul,Odisha,all_injury,1303419.353209367,111.80306005313008,44.19774126377176,231.46636821087918,0.48538115637512963,0.35247903643765227,0.6242886350863448,0.481,False,187.2686269471074,1457.2627222127883
185,Dang,Gujarat,all_injury,184068.5705916918,147.65016904266975,61.711832422210605,276.3829295570804,0.4177605946947638,0.3560335177219664,0.48186765496099365,0.961,False,214.6710971348698,271.7775556330588
186,Dhamtari,Chhattisgarh,all_injury,533187.3333333333,149.3615170696197,66.67799147263813,279.0297531605964,0.4911779693746064,0.3996372161334608,0.5827220945856313,0.558,False,212.35176168795826,796.3766898897167
187,Kendrapara,Odisha,all_injury,1473829.0568360838,95.61566303528011,27.23523965320069,223.82037566128707,0.36792016411985284,0.2379450492605378,0.5126686380809993,0.6375,False,196.58513600808638,1409.2114247004367
188,Dadra and Nagar Haveli,Other Union Territories,all_injury,343709.0,134.0432474846437,126.89320206257204,142.41496234097585,0.8558910456459391,0.8134717909056398,0.8879432746932122,0.0,True,15.521760278403804,460.718705496994
189,Palghar,Maharashtra,all_injury,3210695.2285714285,154.1380353533394,41.66321882961958,390.44712188804385,0.6322841069108983,0.42084693773050696,0.8070607874198322,0.08,False,348.78390305842424,4948.90254650341
190,Ganjam,Odisha,all_injury,3611031.1444667703,88.92135503878829,25.182188753433028,216.58228344675877,0.6085255493378833,0.39090364334681743,0.7891063467062032,0.0995,False,191.40009469332574,3210.977824532517
191,Gajapati,Odisha,all_injury,591243.0870690441,90.87414435578813,34.97540598186483,190.32051521827313,0.4267257056567112,0.3312629795960388,0.5278559424112292,0.638,False,155.3451092364083,537.2870964367413
192,Y.S.R. Kadapa,Andhra Pradesh,all_injury,4936571.566389897,35.68741916251983,8.30664478597507,97.55899573159662,0.6120344556839898,0.35328740220612975,0.8338230478129782,0.0185,False,89.25235094562156,1761.7349871553336
193,Tumakuru,Karnataka,all_injury,3587678.926576223,120.46800017948152,39.76902803769401,275.9473215679539,0.5779150245549634,0.3633978829177048,0.7727374287675772,0.182,False,236.1782935302599,4322.005055707065
194,Chittoor,Andhra Pradesh,all_injury,7148581.878483924,38.98307149823065,9.518064068809514,102.5582155237384,0.5877276557465764,0.31651243450164035,0.8293517095342479,0.0315,False,93.04015145492889,2786.736784798948
195,Ramanagara,Karnataka,all_injury,1449861.6497147332,104.67153600210513,43.67331355286767,218.78152101929174,0.5418623337209884,0.40323293399846877,0.6781475183533823,0.2265,False,175.10820746642406,1517.5924586618723
196,Mandya,Karnataka,all_injury,2418278.369963426,116.7567991489826,41.48477242766314,253.9319995714799,0.5038533724418153,0.31462614162912417,0.6847818006405109,0.3965,False,212.44722714381678,2823.504419281488
197,Mysuru,Karnataka,all_injury,2036509.9,117.57305940720296,41.79388866838468,256.9205665848132,0.5852223975025806,0.41990750007115824,0.7395198657346784,0.1375,False,215.1266779164285,2394.3869945605697
198,Kannur,Kerala,all_injury,2523003.0,66.42544516816693,59.16683045818573,78.30698722525406,0.8585002094980364,0.7415442960474767,0.9351975386517647,0.0,False,19.140156767068333,1675.9159743562068
199,Puducherry,Other Union Territories,all_injury,99221.33333333333,134.0432474846437,126.89320206257204,142.41496234097585,0.8558910456459391,0.8134717909056398,0.8879432746932122,0.0,True,15.521760278403804,132.99949739756326
200,Balod,Chhattisgarh,all_injury,946118.4444444445,112.7223254999191,41.045095040501245,244.27985784569125,0.502350258815165,0.3808442812948537,0.6153175184175731,0.4125,False,203.23476280519,1066.486712561438
201,Bhadradri Kothagudem,Telangana,all_injury,1506337.0,25.471671688409,9.474077127953887,55.01632401113895,0.4186400041922389,0.2853555815158713,0.5711494255429367,0.0075,False,45.54224688318506,383.6892151610295
202,Vadodara,Gujarat,all_injury,3358699.3067601733,85.11149129159178,72.39316466760208,106.78493745694556,0.7948719753011481,0.6272274522185977,0.9115768613801625,0.0005,False,34.39177278934348,2858.6390679839383
203,Paschim Medinipur,West Bengal,all_injury,4551470.281432921,65.92381459840402,15.45431853894458,173.250413263793,0.4052646743125815,0.18854430181640133,0.661890296750442,0.279,False,157.79609472484842,3000.502829833297
204,Seoni,Madhya Pradesh,all_injury,1309717.2716068493,307.441377858139,82.02750718738051,712.2668096897272,0.4277895668196429,0.2931834146646449,0.5658223062211213,0.826,False,630.2393025023467,4026.6128258741223
205,Alirajpur,Madhya Pradesh,all_injury,692307.3886992037,308.69482050650953,110.7193024360145,655.3065708708323,0.3945718668374777,0.30178661826899333,0.5020620757416107,0.971,False,544.5872684348178,2137.1170508983105
206,Chhindwara,Madhya Pradesh,all_injury,1985682.764713966,237.41240817582502,83.20843845255813,520.449209693295,0.5636355441032451,0.397107200064,0.7219628992446765,0.225,False,437.2407712407368,4714.257270439729
207,Harda,Madhya Pradesh,all_injury,541752.6423140379,124.70665867001793,58.26173591270318,237.34602894512722,0.5129665558134667,0.4233606077236537,0.6044707381567569,0.36,False,179.08429303242403,675.6016184863704
208,Khargone,Madhya Pradesh,all_injury,1778772.7900497653,133.26474894139113,51.93408014307439,292.46635694588707,0.47692629315616536,0.3186968599571365,0.633880185532215,0.562,False,240.53227680281267,2370.477092897598
209,Purba Medinipur,West Bengal,all_injury,3922193.6712141456,43.246364196915856,10.39457664534356,121.39181796180952,0.4098033733310054,0.21401741878004915,0.6434444291943932,0.118,False,110.99724131646596,1696.206159561654
210,Mayurbhanj,Odisha,all_injury,2578286.3323944765,235.1867517678936,59.114248622253804,560.4303662049675,0.43853199569667006,0.24630454681901368,0.6414312136102243,0.7015,False,501.31611758271373,6063.787876434127
211,Bharuch,Gujarat,all_injury,1250569.8879524607,86.00426072754321,31.725966301052022,187.24262876499958,0.6562502747214345,0.5273752542541968,0.7720654193394183,0.0055,False,155.51666246394757,1075.5433870147792
212,Sundargarh,Odisha,all_injury,2142079.853075556,202.46666329610656,60.63756105795804,448.73659432945067,0.6827561063048075,0.5230365624372312,0.8215646658211303,0.018,False,388.09903327149266,4336.99760366022
213,Kabeerdham,Chhattisgarh,all_injury,548350.6666666666,112.84348942054012,45.34516243665197,228.85096079809225,0.40805259954324935,0.3142649070974573,0.5017018246940301,0.8535,False,183.50579836144027,618.7780265274613
214,Khandwa,Madhya Pradesh,all_injury,1244123.6681348912,117.70731341647318,49.33051021425618,247.58368806406415,0.4926481326430916,0.3615616625408371,0.6311206291290471,0.477,False,198.25317784980797,1464.4245453400592
215,Porbandar,Gujarat,all_injury,472041.2131198136,96.50079772480294,40.66237561561044,199.6855692465852,0.7415286123873429,0.660600659265847,0.8136707880972565,0.0,False,159.02319363097476,455.52353625045725
216,Balaghat,Madhya Pradesh,all_injury,1616048.9914727698,281.34002253213896,99.20760154561947,610.7794121932808,0.4566469890729994,0.3112151364577985,0.6107860535142208,0.697,False,511.5718106476613,4546.592596739895
217,Narmada,Gujarat,all_injury,475950.103221607,106.64499344606922,49.0983497072483,190.73805000022568,0.429592946274864,0.34782117824367115,0.5162735459424799,0.8395,False,141.63970029297738,507.57695638724243
218,Barwani,Madhya Pradesh,all_injury,1316127.533999143,172.33633070895925,70.10135517258428,344.2233233376353,0.4647200741231769,0.3250484196590436,0.6094881186741363,0.665,False,274.12196816505104,2268.165899544433
219,Janjgir Champa,Chhattisgarh,all_injury,1079804.6666666665,149.78458300702076,49.07651995536645,332.86139762069575,0.4392774487376073,0.3219208916372067,0.5734456770359279,0.769,False,283.7848776653293,1617.3809172570168
220,Nandurbar,Maharashtra,all_injury,1731623.5636600524,146.36488668646686,45.862319604347675,335.23248646774044,0.47583610323746917,0.3199429406928565,0.6445434712973006,0.545,False,289.3701668633928,2534.488866787195
221,Kendujhar,Odisha,all_injury,1843597.853635615,221.98009070389526,71.99467671081422,479.16520793922706,0.46835466726491315,0.308713695371675,0.6362785148106349,0.6515,False,407.17053122841287,4092.4201877154046
222,Balasore,Odisha,all_injury,1399140.5999999999,118.54972360226826,48.76447617631218,226.8726868164201,0.4672563489085643,0.3204746918072015,0.6069168978913184,0.6165,False,178.10821064010793,1658.6773141071174
223,Jharsuguda,Odisha,all_injury,592970.3092362225,119.29435502197764,48.201580557876376,238.62846406540783,0.6967659971099304,0.5965069778980526,0.7808323835640573,0.0,False,190.42688350753144,707.380105875178
224,Bametara,Chhattisgarh,all_injury,946118.4444444445,157.94527581975623,71.86187868981081,286.19278607148743,0.5012288228031903,0.38096384485117996,0.6161468724693843,0.491,False,214.33090738167664,1494.3493866593649
225,Rajnandgaon,Chhattisgarh,all_injury,1024755.3333333333,191.11713827065296,75.85659412470717,384.08983910234974,0.4940053867675194,0.3717474082018121,0.6124181541655075,0.529,False,308.2332449776426,1958.4830673425572
226,Amravati,Maharashtra,all_injury,3034468.6020014985,123.69153192088743,40.97836681945562,288.06245918252483,0.6541403614962171,0.4557671981780511,0.8131162581601769,0.048,False,247.0840923630692,3753.38069947399
227,Surat,Gujarat,all_injury,4903304.325828913,78.97670064619444,72.0215471143281,93.09459830506027,0.9013882629991751,0.7558075286598178,0.9742619887168559,0.0,False,21.073051190732173,3872.467979181803
228,Dhule,Maharashtra,all_injury,2154542.09653914,110.47253813536045,39.67639531520654,240.03237502668497,0.5792024316716815,0.41227965477383177,0.7303314625240788,0.1425,False,200.35597971147843,2380.177339241596
229,Tapi,Gujarat,all_injury,650693.1327824938,108.9881436126587,45.26810031044656,208.64861826970053,0.41370763962408946,0.31787604436365335,0.5165836276270227,0.819,False,163.38051795925398,709.1783660346924
230,Bargarh,Odisha,all_injury,1515673.26495492,108.51262424389598,40.83363621309792,218.5417326237965,0.4202463461815795,0.27475882333097534,0.5657717862213517,0.695,False,177.70809641069857,1644.6968347657223
231,Nagpur,Maharashtra,all_injury,4888828.436136438,133.3009200075882,119.16765375217564,160.70928823103566,0.8695638449281158,0.7177372321754109,0.9584108523293328,0.0,False,41.54163447886002,6516.853282962457
232,Baloda Bazar,Chhattisgarh,all_injury,946118.4444444445,171.42611201230076,65.61811150750312,327.6276754223006,0.5009174963117214,0.39426908024688145,0.6177121044459535,0.496,False,262.0095639147975,1621.894064342371
233,Mungeli,Chhattisgarh,all_injury,946118.4444444445,114.07143610742571,41.64216380505136,253.82957051360052,0.5007153814596073,0.3800602022627825,0.619104529549639,0.41,False,212.18740670854916,1079.2508968550146
234,Botad,Gujarat,all_injury,1888740.375,58.22393586458254,22.009426298978894,129.36577463249427,0.6499754318126922,0.48310083417087474,0.7883562709128394,0.012,False,107.35634833351537,1099.6989845884757
235,Chhota Udaipur,Gujarat,all_injury,1888740.375,92.48860911758052,34.47141179328094,190.40071680934702,0.6474745194000011,0.49050324214779717,0.7943961809827104,0.0245,False,155.92930501606608,1746.8697026796747
236,Jhargram,West Bengal,all_injury,3968526.739130436,50.37836366411476,13.248379937263966,124.5035218551078,0.5727570951608771,0.3461928148454411,0.7743324157848417,0.059,False,111.25514191784384,1999.278832746766
237,Rajkot,Gujarat,all_injury,3067574.0734115043,115.73463178223254,102.63750259246575,136.9882021115211,0.8364048422923748,0.7017805391272284,0.9250439910345073,0.0,False,34.350699519055354,3550.245558510036
238,Bhavnagar,Gujarat,all_injury,2322407.2273209994,72.10398707520953,23.797946925794317,163.3303865923143,0.7377753364143211,0.5775464692596262,0.8638594310508365,0.0005,False,139.53243966652,1674.5482070212656
239,Betul,Madhya Pradesh,all_injury,1496071.6715330954,164.66080852870692,64.67907867497193,355.0841279224428,0.5170105265054671,0.37367960086559693,0.6607904601415487,0.4075,False,290.40504924747086,2463.443710515335
240,Junagadh,Gujarat,all_injury,2211717.4253728753,78.19229332813062,26.556573352278285,174.2820855006948,0.6484022698067218,0.4748697018864878,0.7947360815603031,0.0205,False,147.7255121484165,1729.392576836937
241,Deogarh,Odisha,all_injury,319781.67753945914,115.94694009526278,46.19876742963128,219.63260148966438,0.37107387310589196,0.300693222573754,0.44829683250524954,0.91,False,173.4338340600331,370.777070092303
242,Jamnagar,Gujarat,all_injury,1741680.6472351283,63.716813986323764,22.798491588913706,149.06461332860496,0.7265638695333289,0.5809956265367048,0.8413991453002486,0.0005,False,126.26612173969126,1109.7434182346065
243,Devbhumi Dwarka,Gujarat,all_injury,1888740.375,99.73591104915181,26.485979679326537,242.80587575488926,0.6492850709709634,0.48665993294342075,0.7821875685806647,0.021,False,216.31989607556272,1883.7524203594162
244,Aurangabad,Maharashtra,all_injury,3888398.08829779,102.51230042253408,33.237402689952084,237.92706127818423,0.7295324955166215,0.5230302938425931,0.8793789352643772,0.0155,False,204.68965858823213,3986.086329899902
245,Vijayapura,Karnataka,all_injury,2036509.9,117.39391187646444,45.1392800492797,239.16082167980295,0.5874452601782739,0.42762271246294065,0.7450661445026965,0.1345,False,194.02154163052325,2390.738637361474
246,Bijapur,Chhattisgarh,all_injury,170153.3333333333,64.12407021662077,22.929498458231304,133.05615898115428,0.42742086370781907,0.36984504468094975,0.48605800468883326,0.3435,False,110.12666052292298,109.10924294258743
247,Raigad,Maharashtra,all_injury,3210695.2285714285,121.50214222284963,39.398898515876496,287.0558800062429,0.6304025090265979,0.4214402139769808,0.8039652858125061,0.095,False,247.65698149036638,3901.063482961104
248,Raigarh,Chhattisgarh,all_injury,995989.3333333333,90.7442929089785,30.615559040524722,200.83261395821074,0.45541758086290235,0.34194315442843315,0.5767854613797337,0.5105,False,170.21705491768603,903.8034779821821
249,Bilaspur,Chhattisgarh,all_injury,1775752.6666666665,90.1042800270533,27.425656611740237,222.5717456871305,0.5643210443299642,0.4037477813648273,0.713352397460419,0.131,False,195.14608907539025,1600.0291553611996
250,Karaikal,Other Union Territories,all_injury,200222.0,134.0432474846437,126.89320206257204,142.41496234097585,0.8558910456459391,0.8134717909056398,0.8879432746932122,0.0,True,15.521760278403804,268.38407097870333
251,Mahe,Other Union Territories,all_injury,41816.0,134.0432474846437,126.89320206257204,142.41496234097585,0.8558910456459391,0.8134717909056398,0.8879432746932122,0.0,True,15.521760278403804,56.05152436817861
252,Yanam,Other Union Territories,all_injury,55626.0,134.0432474846437,126.89320206257204,142.41496234097585,0.8558910456459391,0.8134717909056398,0.8879432746932122,0.0,True,15.521760278403804,74.56289684580791
253,Sambalpur,Odisha,all_injury,1065289.8525043305,166.31901045116769,63.68407242590467,334.88419504555065,0.5968451407679454,0.4723190072141985,0.7132245331517024,0.062,False,271.200122619646,1771.779541121906
254,Navsari,Gujarat,all_injury,1072100.1896517866,100.80752725941444,39.90178230372543,208.08966323135948,0.6297743116751711,0.5069728958678359,0.7417054653662067,0.0155,False,168.18788092763404,1080.7576909314587
255,Lakshadweep,Other Union Territories,all_injury,64473.0,134.0432474846437,126.89320206257204,142.41496234097585,0.8558910456459391,0.8134717909056398,0.8879432746932122,0.0,True,15.521760278403804,86.42170295077433
256,Daman,Other Union Territories,all_injury,191173.0,134.0432474846437,126.89320206257204,142.41496234097585,0.8558910456459391,0.8134717909056398,0.8879432746932122,0.0,True,15.521760278403804,256.2544975138179
257,Diu,Other Union Territories,all_injury,52074.0,134.0432474846437,126.89320206257204,142.41496234097585,0.8558910456459391,0.8134717909056398,0.8879432746932122,0.0,True,15.521760278403804,69.80168069515337
258,Jayashankar Bhupalapally,Telangana,all_injury,3208589.6470588236,51.74659878239369,15.964906855286882,119.39216426112354,0.603587203834888,0.3943857552734159,0.7843152738801135,0.035,False,103.42725740583666,1660.336011236951
259,Narayanpet,Telangana,all_injury,139820.0,30.74718568066048,15.297410621068055,51.47814719533382,0.4775958580121009,0.4229190336871802,0.5295559934488573,0.0055,False,36.180736574265765,42.99071501869948
260,Sukma,Chhattisgarh,all_injury,946118.4444444445,440.0418217988922,51.71166027947421,1123.3372951841623,0.5007624295017629,0.3827530802655494,0.6208897419906929,0.482,False,1071.625634904688,4163.3168393086735
261,Upper Subansiri,Arunachal Pradesh,all_injury,53634.526519014165,80.23773784384848,11.940999380079662,236.13584248570865,0.5331884048228311,0.4981977279675874,0.5692025554510121,0.014,False,224.194843105629,43.03513078211598
262,Anjaw,Arunachal Pradesh,all_injury,13604.66425591953,106.47182869206814,32.38392799312706,235.59575108678345,0.3616036346574016,0.31544873225083037,0.41004532699580776,0.7745,False,203.2118230936564,14.48513482069367
263,Tinsukia,Assam,all_injury,1074262.8532566435,92.28846514832999,35.2634758900854,178.5823562688081,0.5185214646182347,0.396767286802696,0.6394777710403132,0.298,False,143.3188803787227,991.4206989292128
264,Dhemaji,Assam,all_injury,555065.2137979822,160.87813869494516,19.206743093615582,439.55356447327927,0.3661388093964732,0.27108096278010263,0.4672590756420549,0.8045,False,420.3468213796637,892.9785845013117
265,Changlang,Arunachal Pradesh,all_injury,95269.28539698248,76.42164093757322,31.09534805169671,137.79714439531998,0.4539124848679484,0.4100532373408805,0.4979683463402244,0.5925,False,106.70179634362327,72.80635120987382
266,Dibrugarh,Assam,all_injury,1072973.3453175211,141.0643257565826,46.68507014172035,285.7296242873381,0.48810532286298736,0.3691181711450782,0.60392494278049,0.5185,False,239.04455414561772,1513.5826151200101
267,Tawang,Arunachal Pradesh,all_injury,32121.713304582147,30.36828537457613,9.922852935605473,72.01955244054955,0.47699874574944656,0.44283548493931574,0.5113309115525932,0.029,False,62.09669950494407,9.754813563538693
268,Papum Pare,Arunachal Pradesh,all_injury,113488.75049182591,45.071990755621535,19.120218861958666,90.49735407818538,0.8224193802747822,0.763444252586608,0.8762923110495497,0.0,False,71.37713521622672,51.15163913034616
269,Lakhimpur,Assam,all_injury,843063.949280661,82.6661431538464,35.429290137049506,148.8278152284408,0.3944013972586904,0.28730918712968834,0.5100511454041949,0.6505,False,113.3985250913913,696.9284511908222
270,Tirap,Arunachal Pradesh,all_injury,71969.68299979162,52.406267399506326,19.93519107646451,109.20244026799826,0.5507224536647995,0.5105827452475017,0.5908467420362493,0.0,False,89.26724919153375,37.71662451944784
271,Sivasagar,Assam,all_injury,931171.9657007714,98.06151777982267,37.64325140038363,195.88972302399256,0.3999730077993122,0.2855130238325784,0.5206717197248197,0.7565,False,158.24647162360893,913.1213627063862
272,Jorhat,Assam,all_injury,883609.02355976,62.32133851127956,20.950525245656365,142.4877604592338,0.5043575160894251,0.3891960624936259,0.6187380388050409,0.147,False,121.53723521357745,550.67697068889
273,Sonitpur,Assam,all_injury,1556559.0468915435,62.875457781670704,21.215105970609894,130.64797434965357,0.3956170225428686,0.26105602306219833,0.546332282963238,0.325,False,109.43286837904367,978.6936263750683
274,Golaghat,Assam,all_injury,863086.9172864468,77.45466861995914,31.3734179766721,144.31521934253232,0.39304873309127797,0.2857389944736374,0.5072937850354958,0.578,False,112.94180136586021,668.5011116864382
275,Udalguri,Assam,all_injury,672799.5537730152,52.646906584979845,21.06249904923187,112.83653382395156,0.3456020254947488,0.25021808026913345,0.4403990853260705,0.193,False,91.77403477471968,354.20815257904053
276,Chirang,Assam,all_injury,390057.5451337608,53.11260537044909,21.48015333738065,107.50211789412486,0.3761650462252993,0.2933457146392812,0.4605565061850655,0.1815,False,86.02196455674422,207.1697246645557
277,Baksa,Assam,all_injury,768587.9894992922,49.9132947428922,19.94200288673827,105.92459368334652,0.3116931017806412,0.2139257984997744,0.42031045526318195,0.158,False,85.98259079660825,383.6275885572511
278,Nagaon,Assam,all_injury,2284360.887227258,33.21801136830438,8.309903515103839,83.67103547392124,0.41418981905736396,0.2583196591011258,0.5873379896241542,0.0495,False,75.3611319588174,758.8192592122494
279,Kokrajhar,Assam,all_injury,717676.6951876233,59.31662609829564,22.256335302159368,119.81059605845797,0.37073690884034943,0.2760621397080964,0.47851615993253344,0.2765,False,97.5542607562986,425.70160187904736
280,Darrang,Assam,all_injury,751134.3296582826,21.038731515318396,5.12958941854984,54.58825162640268,0.3635158254749994,0.2629088220750726,0.4688586938284368,0.0115,False,49.45866220785284,158.02913493619266
281,Barpeta,Assam,all_injury,1370099.758389359,23.46918036976653,4.8117915931544335,61.82652958737753,0.38655140836809354,0.2578549243070716,0.5177190374975272,0.0175,False,57.0147379942231,321.55118354213414
282,Nalbari,Assam,all_injury,624237.5261208266,28.622744876947102,8.006992495754993,69.62046728304921,0.40672527789425644,0.3146119106509569,0.5090595447698001,0.03,False,61.613474787294216,178.67391452773023
283,Morigaon,Assam,all_injury,774532.3460467657,46.652193237985045,9.897993332545171,113.54576035690573,0.3875163415733334,0.28671364228013085,0.5002899475189061,0.1755,False,103.64776702436056,361.33632676843615
284,Kamrup,Assam,all_injury,1227655.242755293,33.5998271063766,10.971681259924786,72.8447978606629,0.3853169937393965,0.2646688696884993,0.514905166467815,0.0345,False,61.87311660073811,412.4900390281464
285,Bongaigaon,Assam,all_injury,597674.7951414732,32.251082473778816,8.452452783429038,77.97800507891985,0.46228046870541634,0.36539045881699084,0.5619682499292673,0.037,False,69.52555229549081,192.75659110606512
286,Dhubri,Assam,all_injury,1576903.1784179264,25.725556831817627,4.281944839927536,74.46210044606225,0.392884195175552,0.2544719544167976,0.5463928128859875,0.0285,False,70.18015560613472,405.6671233466422
287,Kamrup Metropolitan,Assam,all_injury,1014405.9009833577,44.22306845995088,16.16325676394043,107.21976432008798,0.9239832556695051,0.8559392733795733,0.9664790295147944,0.0,False,91.05650755614755,448.6014160536518
288,Kiphire,Nagaland,all_injury,334888.7882692796,12.785058762842311,4.047071339725316,31.132852852937233,0.4699271978578728,0.4020924249867719,0.5439658829167386,0.001,False,27.085781513211916,42.81572837039797
289,Goalpara,Assam,all_injury,815595.97402033,29.303243194502443,9.820922764618487,64.37428887381975,0.4348824296407272,0.3250490938139691,0.5506926823752399,0.018,False,54.553366109201264,238.99607175174827
290,Ribhoi,Meghalaya,all_injury,169484.1690194807,43.411484093664775,22.03541587282307,75.84737198611195,0.38478406723393144,0.32117882564593536,0.45312135070950255,0.047,False,53.811956113288886,73.5755930751718
291,Dima Hasao,Assam,all_injury,173203.40576036362,148.27872281537634,30.67256133384442,358.18065079731696,0.6456476557602129,0.5886199915501736,0.7008358680040978,0.0,False,327.5080894634725,256.82379793420114
292,Kamjong,Manipur,all_injury,178487.12499999997,22.42120720044112,10.2913160648243,39.79389326029985,0.5371189164177983,0.48023922220405874,0.5927767524931277,0.0005,False,29.502577195475553,40.018968122360334
293,West Khasi Hills,Meghalaya,all_injury,251083.94736663223,76.04435461299582,27.867339024446427,133.93753687458735,0.43326072235085267,0.3653685176972117,0.5022555316192799,0.596,False,106.07019785014093,190.9351673117896
294,Peren,Nagaland,all_injury,430892.5940518422,20.086261300802036,8.398911278295664,36.578556922195766,0.4086141918656947,0.3348713735021132,0.48657035036153146,0.0,False,28.179645643900102,86.5502123670572
295,Senapati,Manipur,all_injury,269520.74999999994,21.396791527707215,9.784253362773924,38.90091927908544,0.32399534211559344,0.25697113138776123,0.395245088991433,0.0005,False,29.11666591631152,57.66879300141293
296,East Jaintia Hills,Meghalaya,all_injury,258720.68768217156,99.81563384937519,34.42279287215614,181.26111792098015,0.38037035412520653,0.3134743158169525,0.449673448484841,0.8045,False,146.838325048824,258.2436943094219
297,East Khasi Hills,Meghalaya,all_injury,540800.1230293136,30.627054621107437,13.897738981146507,58.35694254379513,0.7643111771199578,0.6804230013026997,0.8373565154736154,0.0,False,44.459203562648625,165.63114907120408
298,Tamenglong,Manipur,all_injury,79116.18749999999,11.376986842334956,2.773123316249791,33.13010792160756,0.4358476087258302,0.3914811907085185,0.48207321731223973,0.002,False,30.35698460535777,9.001038242032052
299,South Garo Hills,Meghalaya,all_injury,93197.95902186201,29.374156632404294,7.3224561304066365,75.03897961156196,0.38767542354412543,0.3357813775657962,0.4425412519973035,0.04,False,67.71652348115532,27.376114461285717
300,Cachar,Assam,all_injury,1404881.6867724047,49.6191310903002,9.953524049110099,127.93150811309667,0.48295455631146794,0.3429007372419796,0.630442751179634,0.118,False,117.97798406398657,697.0900858232202
301,Imphal West,Manipur,all_injury,291370.49999999994,23.376468527379924,12.088087659747014,41.065001691610895,0.8280825151574751,0.7552342317390833,0.8919885861696115,0.0,False,28.97691403186388,68.11213323056951
302,Karimganj,Assam,all_injury,993977.6359402441,51.68456145590005,6.168094297107218,172.02081067873303,0.3968618259159663,0.28573143178032157,0.5163941135825332,0.2295,False,165.8527163816258,513.7329821054379
303,Hailakandi,Assam,all_injury,533354.7216008477,58.19700630876866,6.407072225807029,180.434261572848,0.3838367815136486,0.29789567955535623,0.4758628637689099,0.2955,False,174.02718934704095,310.3964809781608
304,Kakching,Manipur,all_injury,178487.12499999997,22.036659046659484,12.054724724025416,36.440862495303236,0.5359945953773626,0.47857642787393156,0.591360372793237,0.0,False,24.38613777127782,39.33259917843491
305,Bishnupur,Manipur,all_injury,133536.93749999997,36.74662768654164,16.867613225884437,62.45750425414245,0.6550013984606367,0.6006070910271215,0.7080936970845417,0.0,False,45.58989102825801,49.0703212471348
306,Chandel,Manipur,all_injury,81102.37499999999,27.322743697374285,12.017590248984279,47.88558232421248,0.40143887069176243,0.35108130389998915,0.451955029001393,0.0035,False,35.8679920752282,22.159394053733354
307,Churachandpur,Manipur,all_injury,154205.43749999997,37.66420433290061,13.85271782848019,71.86096617770464,0.37033282738732465,0.31375857013134484,0.4306814115620671,0.039,False,58.00824834922445,58.080251072443325
308,North Tripura,Tripura,all_injury,346973.5,66.6868145999622,28.61614358653434,123.58018075553305,0.507575186802101,0.43226902189270094,0.5835213899885741,0.175,False,94.96403716899871,231.38557465599985
309,Dhalai,Tripura,all_injury,189115.0,92.04351209835201,41.223732632075155,165.57173847005575,0.427045812663122,0.3674637144326169,0.4889859996944711,0.7945,False,124.3480058379806,174.0680879047984
310,Sipahijala,Tripura,all_injury,459239.625,47.869007468578786,22.498302301705525,85.39003605481501,0.5275781243498853,0.44100352512368735,0.607061419879824,0.033,False,62.89173375310949,219.8334503899232
311,Gomati,Tripura,all_injury,459239.625,58.240025374183865,26.56565678572864,106.1486526264029,0.5254428098452328,0.44273823349378466,0.6060776766288901,0.064,False,79.58299584067427,267.46127412830685
312,West Garo Hills,Meghalaya,all_injury,421216.35208125,42.564870492672505,14.14352672003645,90.70260509110904,0.4126010902707965,0.32968657460066547,0.497547518684825,0.113,False,76.55907837107259,179.2901947573435
313,East Garo Hills,Meghalaya,all_injury,208166.81564737382,33.943999252943335,7.050807792192073,95.36438641866958,0.44705444646524295,0.38353887259569086,0.5105741713910049,0.0825,False,88.31357862647751,70.6601423482205
314,Kohima,Nagaland,all_injury,1212720.6176788781,21.771537519852057,13.54730249812762,29.137014086720505,0.4569305173149062,0.32300953790105896,0.6144347395765395,0.0,False,15.589711588592886,264.0279242889386
315,East Siang,Arunachal Pradesh,all_injury,63767.806466991075,72.11969321981023,28.82526363787325,131.1014109666511,0.6151346623743604,0.5726367012286802,0.6549823006468799,0.0,False,102.27614732877784,45.98914639699627
316,Lohit,Arunachal Pradesh,all_injury,93662.46059234324,53.23808355840412,24.70524560110112,93.54011334691546,0.5431846311290606,0.5014031159683066,0.5847461824244132,0.005,False,68.83486774581434,49.864099033009026
317,Kurung Kumey,Arunachal Pradesh,all_injury,59180.000284785114,45.36727414211856,18.717929252705677,87.0390538081039,0.3517309052495813,0.3019406422686997,0.4043359938983987,0.0905,False,68.32112455539823,26.848352966505008
318,Lower Subansiri,Arunachal Pradesh,all_injury,53365.86541167848,57.856889449270604,20.540952010173193,125.18240934250163,0.5187853060699932,0.4827013788075938,0.5542334476892794,0.04,False,104.64145733232843,30.87582975488136
319,East Kameng,Arunachal Pradesh,all_injury,50576.417550824764,55.50158961169588,23.42459475812476,100.38998194757652,0.5539337231654651,0.5181777368877274,0.5902307396827086,0.0,False,76.96538718945176,28.070715709356488
320,West Kameng,Arunachal Pradesh,all_injury,53955.24875002016,43.82702722212693,18.94152802909275,83.49995330270042,0.5506736761176705,0.5128829957996426,0.5858458694534313,0.0,False,64.55842527360767,23.646981557437634
321,West Jaintia Hills,Meghalaya,all_injury,258720.68768217156,74.23060653725935,27.788244069417345,131.11010118818504,0.3804092944158376,0.3148094094830724,0.4547337178347083,0.5755,False,103.3218571187677,192.04993570384437
322,South West Khasi Hills,Meghalaya,all_injury,251083.94736663223,70.42471334679156,20.7559504502704,141.2707951417062,0.43290924689058863,0.3659142942999236,0.4983456525034536,0.482,False,120.5148446914358,176.82515019275974
323,North Garo Hills,Meghalaya,all_injury,93197.95902186201,36.73156401531623,6.463944821593538,106.03109070040325,0.3879123454910662,0.33695033359630977,0.44372089728412795,0.116,False,99.56714587880971,34.23306797908344
324,South West Garo Hills,Meghalaya,all_injury,421216.35208125,27.819491449798516,6.560825994355265,76.58418460458405,0.41238288510342025,0.3305353503560751,0.4953817139095579,0.039,False,70.02335861022878,117.18024705239655
325,Khowai,Tripura,all_injury,459239.625,79.57615762230378,36.68540642519313,134.81614824931563,0.5252709954080084,0.4376896068616914,0.6070823050531715,0.187,False,98.13074182412251,365.4452478540768
326,West Tripura,Tripura,all_injury,862869.5,63.649449939648775,26.15036139936149,119.38386788468677,0.6951290580418249,0.5848782351773221,0.7880810177146766,0.0005,False,93.23350648532528,549.2116904469976
327,South Tripura,Tripura,all_injury,438000.5,57.99398108750752,22.87552030253316,114.61435970348441,0.457636330481785,0.3740142807486521,0.5446736785029367,0.2145,False,91.73883940095125,254.0139271331884
328,Unokoti,Tripura,all_injury,459239.625,66.75327648488681,26.326798534564826,131.4497775645897,0.525397066701945,0.4405744804579138,0.6078392396063307,0.1245,False,105.12297903002488,306.5574966044074
329,Charaideo,Assam,all_injury,945623.5151515151,127.54482870093433,38.18239636214374,271.0520871667681,0.4438633674872451,0.3265828468070222,0.5673638207894665,0.7005,False,232.86969080462435,1206.0938925557539
330,Majuli,Assam,all_injury,945623.5151515151,87.34797652149481,10.02350009335683,251.7325193355558,0.4457368372047617,0.3333049947739749,0.5605956006699028,0.42,False,241.70901924219896,825.9830059962794
331,Biswanath,Assam,all_injury,945623.5151515151,97.08538723047562,37.76182649547008,177.77984830879518,0.444838376544703,0.327854600805793,0.5681319346638597,0.651,False,140.0180218133251,918.0622514272837
332,Hojai,Assam,all_injury,945623.5151515151,35.91066036624889,9.954352961397383,92.83942295994379,0.4434449160011143,0.32785901762424485,0.5626149500018264,0.05,False,82.88506999854641,339.5796488694447
333,South Salmara Mankachar,Assam,all_injury,1404881.6867724047,24.740343276425943,3.702878299683033,73.02662089183687,0.48125583361347507,0.33936761670357224,0.6284245605497817,0.0205,False,69.32374259215383,347.572551935136
334,Karbi Anglong,Assam,all_injury,773634.3825508899,99.28431049542895,26.01520993336085,218.03685547770854,0.43586935133128923,0.3339946077633011,0.5441149986405002,0.637,False,192.02164554434768,768.0975624712202
335,West Karbi Anglong,Assam,all_injury,773634.3825508899,125.18534698391886,27.405751934966137,308.3019526741284,0.4350715715966325,0.33698920964548257,0.5421476767603792,0.703,False,280.8962007391623,968.4768861832297
336,Kra Daadi,Arunachal Pradesh,all_injury,55349.079999999994,32.394186585801314,8.833039421844013,80.44049020965657,0.5412793027570966,0.5040799404478524,0.5769569077994262,0.0015,False,71.60745078781255,17.929884248724438
337,Namsai,Arunachal Pradesh,all_injury,55349.079999999994,90.80013092737313,34.22982237408784,171.79096054513712,0.5413781174255213,0.50446404371455,0.5777169079473473,0.0115,False,137.5611381710493,50.257037107096494
338,Longding,Arunachal Pradesh,all_injury,55349.079999999994,64.14920248796129,24.401491672278514,127.47328220823164,0.5414890858533973,0.5059767174360853,0.5773289920657607,0.0055,False,103.07179053595313,35.505993404423684
339,Imphal East,Manipur,all_injury,256563.56249999994,20.61628216450008,9.363902075351787,38.71865564892956,0.6785832675907802,0.6077039448369074,0.745080151804978,0.0,False,29.354753573577774,52.89386797629351
340,Jiribam,Manipur,all_injury,178487.12499999997,22.405946013408094,10.958575816722187,39.52284468024796,0.5372088779140616,0.48376427774626235,0.5938526181089054,0.0005,False,28.56426886352577,39.991728868384214
341,Kangpokpi,Manipur,all_injury,178487.12499999997,21.6998016978535,12.724791824278721,33.28399719534054,0.5357971752620007,0.47722614440483163,0.593067993142164,0.0,False,20.559205371061818,38.73135218119989
342,Thoubal,Manipur,all_injury,237469.49999999994,22.32799153776766,10.668862185796378,38.25891938468655,0.6347017989348206,0.5709236671646843,0.6992689030493379,0.0,False,27.59005719889017,53.02216986477916
343,Tengnoupal,Manipur,all_injury,178487.12499999997,22.259904936795305,11.60100883820978,38.36812828644305,0.5362091174497304,0.48218924124521123,0.5901786383468656,0.0005,False,26.767119448233274,39.731064349419
344,Ukhrul,Manipur,all_injury,103498.87499999999,17.345562397486948,6.360930335705582,39.97785522901198,0.42634479814175985,0.3743752808654228,0.4791288820925452,0.0015,False,33.6169248933064,17.952461943822016
345,Noney,Manipur,all_injury,178487.12499999997,22.01444443181094,11.890103268778462,36.433244862084315,0.5365560150359111,0.47957966485874176,0.5919296294814129,0.0,False,24.543141593305855,39.29294895106192
346,Pherzawl,Manipur,all_injury,178487.12499999997,22.251312520277736,11.45862528340526,38.695100818571476,0.5360166935754894,0.4820426010271504,0.5929313110463803,0.0,False,27.236475535166214,39.71572799220876
347,Upper Siang,Arunachal Pradesh,all_injury,22701.220839943202,94.31241686032338,41.700332639864506,172.61770640794214,0.4936576058598702,0.4598987052887566,0.5255517508674814,0.5155,False,130.91737376807762,21.41007003094984
348,Lower Siang,Arunachal Pradesh,all_injury,34758.83417395607,55.06184900151219,27.43241198993825,93.86874272328922,0.5377042921843153,0.5045330933625991,0.5724584512103289,0.002,False,66.43633073335097,19.13885678754971
349,Upper Dibang Valley,Arunachal Pradesh,all_injury,5144.410294532995,97.50640330073588,32.546443476820684,204.15980397149414,0.6483994168425006,0.610422009130869,0.6870588478923004,0.0,False,171.61336049467346,5.016129449231917
350,Lower Dibang Valley,Arunachal Pradesh,all_injury,34758.83417395607,55.16359146922082,25.83181834109015,95.96433733100699,0.5381475925271736,0.504021680989957,0.5696953218112407,0.001,False,70.13251898991683,19.174221283185044
351,Siang,Arunachal Pradesh,all_injury,72161.85924642648,77.17210972916038,35.96054532954056,131.75908395154178,0.5658259537044937,0.5251414442958409,0.6060183119286138,0.0005,False,95.79853862200122,55.68882920025452
352,Shi Yomi,Arunachal Pradesh,all_injury,55349.079999999994,57.65537470855488,28.657895350521382,102.66417244598738,0.5406722328225926,0.5042402518362087,0.576753731765093,0.0035,False,74.00627709546599,31.911719471737808
353,Pakke Kessang,Arunachal Pradesh,all_injury,55349.079999999994,57.75771335149346,29.073944940574247,98.06837466281726,0.5413893261934287,0.5037170796722252,0.5782351179881137,0.003,False,68.99442972224301,31.968362969088794
354,West Siang,Arunachal Pradesh,all_injury,72161.85924642648,45.82519922890099,20.181074941269156,84.96152321750492,0.566081792645383,0.5245142560454781,0.6047545673483965,0.0,False,64.78044827623576,33.06831576695405
355,Lepa Rada,Arunachal Pradesh,all_injury,55349.079999999994,58.35797633274732,25.90205537566268,111.58052481287233,0.541523140796862,0.50502267880021,0.5774568044844645,0.002,False,85.67846943720964,32.30060300679338
356,Kamle,Arunachal Pradesh,all_injury,55349.079999999994,56.87525160516083,30.163297124557598,92.15602333007676,0.5416308668009446,0.5028179671205478,0.5756241613275703,0.004,False,61.99272620551916,31.47992851114175
357,North and Middle Andaman,Other Union Territories,all_injury,105597.0,134.0432474846437,126.89320206257204,142.41496234097585,0.8558910456459391,0.8134717909056398,0.8879432746932122,0.0,True,15.521760278403804,141.54564804635922
358,South Andaman,Other Union Territories,all_injury,238142.0,134.0432474846437,126.89320206257204,142.41496234097585,0.8558910456459391,0.8134717909056398,0.8879432746932122,0.0,True,15.521760278403804,319.2132704248802
359,Nicobars,Other Union Territories,all_injury,36842.0,134.0432474846437,126.89320206257204,142.41496234097585,0.8558910456459391,0.8134717909056398,0.8879432746932122,0.0,True,15.521760278403804,49.38421323829243
360,Amroha,Uttar Pradesh,all_injury,2664164.546666667,46.56838742923237,14.462859662228356,115.17398720870054,0.49362406020491284,0.3177753118216962,0.6777053410605174,0.0855,False,100.71112754647218,1240.6584678439856
361,Churu,Rajasthan,all_injury,2035714.9872674257,71.88462685113572,28.02675189935102,153.71372325131773,0.6016108972969268,0.4271729531308887,0.757413651221814,0.0545,False,125.68697135196672,1463.366122349834
362,Hapur,Uttar Pradesh,all_injury,2463647.2185003962,41.685877390077934,12.751430117201435,103.78203137137456,0.4084907018382361,0.2443662837594031,0.5914827950861599,0.0865,False,91.03060125417312,1026.9929588281407
363,Delhi,Delhi,all_injury,16787941.0,42.20592879249661,40.33291799062633,45.805417508003444,0.9513273773438866,0.8739900603940512,0.9887558568222355,0.0,False,5.472499517377116,7085.506424186343
364,Jhajjar,Haryana,all_injury,922452.9615350218,110.31866082294795,50.25618040284872,221.0959594288294,0.5653699349956495,0.45246744268008854,0.674359335265888,0.113,False,170.83977902598068,1017.6377538870591
365,Bareilly,Uttar Pradesh,all_injury,4162665.669948758,50.601855212493724,14.563314251990457,123.06841792239008,0.6123275678930697,0.3819040684858392,0.8068448121162611,0.0355,False,108.50510367039962,2106.3860552876527
366,Pilibhit,Uttar Pradesh,all_injury,1900566.7290624739,43.1535682186952,15.851118520373676,89.8751893852861,0.48176679131849465,0.3252730904724735,0.6452203668125808,0.0605,False,74.02407086491243,820.1623599677986
367,Bulandshahr,Uttar Pradesh,all_injury,3274438.730098058,48.042831598697624,14.423118659174389,118.63674595890268,0.5199933137437138,0.3115750966183384,0.7246821454896577,0.0755,False,104.21362729972829,1573.133084903543
368,Gautam Buddha Nagar,Uttar Pradesh,all_injury,1542265.750275011,49.327341228874594,19.760413566813064,104.85741095381898,0.8531511579047325,0.7517418892524258,0.924753465707248,0.0,False,85.09699738700593,760.7586892942176
369,Lakhimpur Kheri,Uttar Pradesh,all_injury,3762980.952441508,158.08742253046967,27.52800116000968,410.78316065837424,0.4009848476687514,0.20206528371828475,0.6215701404857339,0.6625,False,383.25515949836455,5948.799598027299
370,Jhunjhunu,Rajasthan,all_injury,2133029.802679181,85.61980441951744,29.25976207838595,189.7260613897744,0.5374711930893732,0.3669663757923854,0.6953284959712835,0.2025,False,160.46629931138844,1826.2959452639336
371,Gurugram,Haryana,all_injury,1152339.1818181819,121.6718544530497,54.182561713850255,239.82227549391382,0.637212907964714,0.5133837881389431,0.7540319238378835,0.015,False,185.63971378006357,1402.072452107282
372,Faridabad,Haryana,all_injury,1741845.6346092306,152.61512163916535,142.26309877723986,167.77137837336826,0.9159457629387525,0.8405540853595785,0.9627005305719847,0.0,False,25.508279596128403,2658.319834025369
373,Mahendragarh,Haryana,all_injury,887498.2981056079,103.41664346202826,46.800166442241135,194.22021417811604,0.4619668446686045,0.34759938645711835,0.5823608217689715,0.617,False,147.4200477358749,917.8209506834453
374,Rewari,Haryana,all_injury,866558.4171250664,139.6768625730561,65.08591043430887,251.6093441683948,0.5525785120831245,0.43882958559789487,0.6612621004533907,0.1845,False,186.52343373408593,1210.3816094030292
375,Budaun,Uttar Pradesh,all_injury,3445428.3207631516,42.63503784630942,13.822571159710595,98.94791736769004,0.45239457931207405,0.255876368220129,0.6641333179163429,0.089,False,85.12534620797945,1468.959668524833
376,Jaisalmer,Rajasthan,all_injury,668660.3194509401,80.34944279877736,33.66460625126636,171.41873752012933,0.45637609369126475,0.3630825488137095,0.5574796589789619,0.474,False,137.75413126886298,537.2648408953551
377,Bahraich,Uttar Pradesh,all_injury,3263733.4575999943,64.6394974941595,15.803008489769965,166.30912531510972,0.36887968205132654,0.1940664394334222,0.5951599535255924,0.332,False,150.50611682533975,2109.6609065413936
378,Nuh,Haryana,all_injury,1152339.1818181819,121.29365084924058,54.79709444083171,233.0477764265028,0.6360473312029632,0.5065822784646749,0.7537729445741749,0.0135,False,178.2506819856711,1397.714263793541
379,Shahjahanpur,Uttar Pradesh,all_injury,2813444.804701329,56.985713932716116,18.608253839905544,130.19187777370303,0.48099406314265014,0.2891249903355687,0.6699245142587442,0.161,False,111.58362393379748,1603.261608061963
380,Sikar,Rajasthan,all_injury,2672302.679960628,79.61318993609868,27.67215997737853,176.89216930718405,0.5629016132729994,0.37251338404478695,0.7392782360709529,0.1505,False,149.22000932980552,2127.50540826451
381,Palwal,Haryana,all_injury,1003593.5566031683,119.06927496953172,52.410895522039766,233.4202885248805,0.551254175909683,0.42741494245439904,0.6674163459198029,0.18,False,181.00939300284074,1194.9715714883293
382,Alwar,Rajasthan,all_injury,3667275.751038463,93.81027581782529,32.20323578100554,202.19425776068155,0.5496317737779021,0.3324136774146197,0.7545155038471805,0.2195,False,169.99102197967602,3440.2814970494055
383,North Sikkim,Sikkim,all_injury,152644.25,134.35306768549424,73.23632384841132,212.38449388156994,0.5806614456438639,0.529570277754341,0.6289968991510604,0.0005,False,139.14817003315864,205.08223252051505
384,Aligarh,Uttar Pradesh,all_injury,3437935.5657900753,48.84285350555819,15.363234521831739,119.51440551406307,0.5823190277682622,0.3576423712864894,0.7861832007260405,0.039,False,104.15117099223133,1679.1858320143297
385,Kasganj,Uttar Pradesh,all_injury,2664164.546666667,46.12639629520535,15.50677164761483,108.11619170244848,0.49241853558287807,0.2981076878284714,0.6811456456609822,0.0765,False,92.60942005483365,1228.883096751828
386,Mathura,Uttar Pradesh,all_injury,2383592.5544324904,44.99719434071634,16.007654795327525,98.9468148312758,0.5818922539321506,0.4071082006413723,0.7513358660267028,0.0205,False,82.93916003594828,1072.5497740088326
387,Jaipur,Rajasthan,all_injury,6613728.373458272,124.0174782054892,109.93501973966619,150.44770473497567,0.84811649144819,0.6982362222426347,0.9456678907084615,0.0,False,40.512684995309485,8202.179144123867
388,Shrawasti,Uttar Pradesh,all_injury,1045599.1244500758,49.48321112091455,14.665771760278748,114.53625413392534,0.3326503887733461,0.2222353130506264,0.4572497550760014,0.198,False,99.8704823736466,517.396022230065
389,Jodhpur,Rajasthan,all_injury,3680237.352229636,143.7497834589653,116.7052555949412,191.06693933770734,0.7057608595954931,0.5263813112697979,0.8482124974064539,0.0135,False,74.36168374276613,5290.33322460606
390,Sitapur,Uttar Pradesh,all_injury,4196010.16076375,49.05230722613636,13.667885913923254,120.76796653840199,0.3897367022791508,0.19245360903331152,0.6349464265677183,0.1615,False,107.10008062447874,2058.2397952977326
391,Bharatpur,Rajasthan,all_injury,2543673.8098614635,91.7816452396371,33.793997416297046,193.18773226266092,0.5252992692455802,0.33793406249359415,0.7003280244623208,0.274,False,159.39373484636388,2334.6256722206094
392,Hathras,Uttar Pradesh,all_injury,2664164.546666667,46.845295731633605,15.989350849194338,107.95394370932597,0.4921581896556032,0.30979089353627703,0.6833948252029485,0.09,False,91.96459286013163,1248.0357606633359
393,Nagaur,Rajasthan,all_injury,3301528.2310870583,68.80439543933868,24.215496845872885,150.875228698127,0.5266954580915568,0.31829921548251455,0.7222251210050851,0.193,False,126.65973185225411,2271.596539658543
394,Etah,Uttar Pradesh,all_injury,1660515.0299269175,42.07080287273566,16.30020731638735,88.59345247892675,0.4534643721823999,0.3036044763528999,0.6162315479576856,0.0725,False,72.29324516253939,698.5920049127011
395,Hardoi,Uttar Pradesh,all_injury,3829984.354662343,44.93090106040018,13.925307625016778,108.66751504853502,0.4071297485705123,0.21195282556804906,0.6276890421127908,0.1175,False,94.74220742351824,1720.8464810221437
396,Farrukhabad,Uttar Pradesh,all_injury,1764127.8439195396,53.38731317466605,20.91966160849866,111.43906275093339,0.5160532925464834,0.3484337002460283,0.6760101478107126,0.0975,False,90.51940114243473,941.8204568348085
397,West Sikkim,Sikkim,all_injury,152644.25,138.7107513552183,71.8362821694815,234.95390051147984,0.5804683367345307,0.5293777623457894,0.6292284084364073,0.0,False,163.11761834199834,211.73398607553779
398,South Sikkim,Sikkim,all_injury,152644.25,145.5841024601949,83.31371775945235,212.8213571484008,0.5814038835949691,0.5299571060418249,0.6288782073186836,0.0005,False,129.50763938894846,222.22576131959607
399,East Sikkim,Sikkim,all_injury,152644.25,111.27068675518915,54.108055949356896,187.70239294913975,0.5810464489341478,0.5290418625857979,0.6313790498631863,0.001,False,133.59433699978285,169.8483052673078
400,Firozabad,Uttar Pradesh,all_injury,2337713.349883971,51.14182600986401,15.648123969878732,121.16816248866452,0.6208898951212619,0.4372146640067814,0.7819403616169994,0.018,False,105.52003851878578,1195.549294007024
401,West Champaran,Bihar,all_injury,3995256.9749684567,51.94200794287052,12.77108632382369,130.07632366789153,0.3428315267691985,0.16710701476803036,0.5691129381714816,0.222,False,117.30523734406783,2075.216695276204
402,Siddharthnagar,Uttar Pradesh,all_injury,2394927.603887826,44.79496125236377,14.955103870235192,103.0779412120431,0.35659378591136015,0.2004127754935589,0.5354103118323701,0.122,False,88.12283734180791,1072.806892183716
403,Mainpuri,Uttar Pradesh,all_injury,1748523.7863229301,40.86551054779948,15.57952910020942,89.39588670304614,0.4641516989793457,0.31115238144313706,0.6298198989739828,0.0615,False,73.81635760283672,714.5431723305799
404,Maharajganj,Uttar Pradesh,all_injury,2512279.4747700086,47.60006757376648,14.273700739377347,114.11748768859569,0.34858510275934596,0.19117909494297422,0.5358346404506052,0.1645,False,99.84378694921834,1195.8467276323897
405,Agra,Uttar Pradesh,all_injury,4135002.272607171,69.1564110003211,54.00708846432696,96.87569339107847,0.7048482880687921,0.4944297747924086,0.873077652449064,0.0305,False,42.86860492675151,2859.619166516833
406,Gonda,Uttar Pradesh,all_injury,3213377.502734103,49.18225331785428,14.520045895504188,114.44927253783081,0.35676160245227256,0.17198348637302868,0.579985654600122,0.179,False,99.92922664232663,1580.4114634536263
407,Barabanki,Uttar Pradesh,all_injury,3051282.458842968,42.4964146625298,12.74313689162034,100.22266417364803,0.3915625444058518,0.21972248308565132,0.5923936915329219,0.1065,False,87.47952728202769,1296.6856462349429
408,Darjeeling,West Bengal,all_injury,1421462.944529197,47.27012193366347,16.919924732242364,101.77765194835342,0.6874762718386291,0.5471940308643782,0.8097630400255263,0.0015,False,84.85772721611106,671.9272671207946
409,Dausa,Rajasthan,all_injury,1631338.182755664,85.72388999490911,31.766728919296842,189.3897888295869,0.44552976866481103,0.2955282572244654,0.5979684310482603,0.4675,False,157.62305991029007,1398.4465492304148
410,Kushinagar,Uttar Pradesh,all_injury,3335613.1863057427,45.656288248726135,13.485800857039516,112.18092865994947,0.3391131445656744,0.17273379507592554,0.5424977772942308,0.142,False,98.69512780290995,1522.9171712022683
411,Kannauj,Uttar Pradesh,all_injury,1550220.7783786857,47.81371753015736,19.72444999732195,93.87106141614295,0.46786957186008066,0.3326927567798873,0.6132233174249812,0.0855,False,74.146611418821,741.2181840677915
412,Lucknow,Uttar Pradesh,all_injury,4295058.261535606,38.63416218687643,33.28182852475974,48.69278069881489,0.8428689034972093,0.6687242592676912,0.949793023341556,0.0,False,15.410952174055154,1659.3597747825013
413,Jalpaiguri,West Bengal,all_injury,2980852.566200509,86.3795478861298,23.28149020621012,224.72232580210124,0.563342612557748,0.36324611476204693,0.7499059588724629,0.146,False,201.44083559589112,2574.846969836098
414,Basti,Uttar Pradesh,all_injury,2306185.199446492,47.47556181624882,16.00819006847558,110.5473631074458,0.3489345454225718,0.19817308052212318,0.5356804381502677,0.1485,False,94.53917303897022,1094.8743799604003
415,Gorakhpur,Uttar Pradesh,all_injury,4155681.0411091126,52.740782327781936,14.466189521988703,135.92290513070643,0.4648014546727833,0.2557825091467853,0.6928080731531354,0.154,False,121.45671560871773,2191.738692128259
416,Sant Kabir Nagar,Uttar Pradesh,all_injury,1605026.346070477,45.06206239653629,17.06168605740323,88.43766735574314,0.3686980194721621,0.23553942502820815,0.5116313095915869,0.115,False,71.37598129833992,723.257973547125
417,Karauli,Rajasthan,all_injury,1455508.1637014244,87.43108410156756,31.90088134296088,186.92116747265882,0.4609391574786316,0.3210223386649256,0.6034765123801809,0.4615,False,155.02028612969795,1272.566566710974
418,East Champaran,Bihar,all_injury,3995256.9749684567,42.027301834740456,10.494822074312083,107.26168851085778,0.3408042143644583,0.1583085215574765,0.5611172357802506,0.1205,False,96.7668664365457,1679.0987079435142
419,Unnao,Uttar Pradesh,all_injury,2908733.8950164793,53.100287301268295,18.752266327444154,118.1206867073151,0.45037115795038574,0.26413768933337933,0.6510290356926329,0.1575,False,99.36842037987094,1544.5460550831222
420,Etawah,Uttar Pradesh,all_injury,1480219.1512379386,46.81772554280368,18.583724907026404,95.68252906120155,0.5283645066644489,0.3861489478084965,0.6691297204676767,0.044,False,77.09880415417514,693.0049396585962
421,Dholpur,Rajasthan,all_injury,1333041.6935525378,83.53928275493246,32.39158704766007,182.5853512571784,0.4979983624574178,0.3578215072239298,0.6374815501757819,0.312,False,150.19376420951832,1113.6134696179947
422,Kanpur Nagar,Uttar Pradesh,all_injury,4287038.664917739,120.10346914049833,105.9779049381266,145.8001200824533,0.8508108142207923,0.6927463837471447,0.9480618739075196,0.0005,False,39.822215144326705,5148.882159960708
423,Auraiya,Uttar Pradesh,all_injury,1290944.5059738792,40.98296687454982,15.417829763981777,89.29025465747432,0.47307885369759367,0.34676859874183436,0.6001145979884062,0.059,False,73.87242489349255,529.0673592520957
424,Morena,Madhya Pradesh,all_injury,1867019.7859818377,77.82647226224069,28.01719769403394,166.82497035650923,0.5377131720014474,0.3844217564584224,0.6860681722797208,0.1745,False,138.8077726624753,1453.0356358677004
425,Barmer,Rajasthan,all_injury,2598858.929856751,78.49569978441808,26.175292154989837,184.5031089820135,0.4131428914346727,0.23215382346218624,0.6167127104638797,0.4265,False,158.32781682702364,2039.9925034008959
426,Ayodhya,Uttar Pradesh,all_injury,2664164.546666667,46.63825765288332,16.085218125116977,104.7964635296333,0.4919313037197219,0.31274904501810347,0.6702647947132943,0.092,False,88.71124540451632,1242.519925571171
427,Kanpur Dehat,Uttar Pradesh,all_injury,1680825.1028550619,52.90261075195443,20.841551740107647,109.46246703614129,0.3915525055811403,0.2551138955316871,0.5429142617169046,0.2055,False,88.62091529603364,889.200361584551
428,Bhind,Madhya Pradesh,all_injury,1617290.2082056182,78.55409345963466,30.103068521767835,174.392983129858,0.5492253804414141,0.40282516408913543,0.69692832281889,0.14,False,144.28991460809019,1270.4476616673612
429,Sawai Madhopur,Rajasthan,all_injury,1333041.6935525378,78.77254231311407,31.966659082533866,154.77259440030255,0.498324101570418,0.35874018963962534,0.6360489730603175,0.2885,False,122.80593531776869,1050.0708321051254
430,Deoria,Uttar Pradesh,all_injury,2901789.5045262584,36.8390103870996,12.011152337385049,84.89248456221291,0.3864399178462306,0.2113690710078481,0.5847231462323784,0.057,False,72.88133222482787,1068.9905369841943
431,Sitamarhi,Bihar,all_injury,3461167.900807432,32.55257135866056,9.524626190037155,78.8103954197302,0.3205595869441519,0.16200450940430738,0.5250730903263796,0.042,False,69.28576922969305,1126.6991507533928
432,Tonk,Rajasthan,all_injury,1418655.5347794688,87.4418971577297,36.92641021637761,168.60238643451402,0.5133057299803558,0.3766733907898082,0.6493898023732251,0.284,False,131.6759762181364,1240.4993137443034
433,Sheohar,Bihar,all_injury,663452.1673062344,33.88656151017183,12.198665660574427,69.31312253317503,0.3424246033211068,0.25101786867324344,0.4395630842972228,0.027,False,57.114456872600606,224.82112676479522
434,Sultanpur,Uttar Pradesh,all_injury,3553249.317485126,43.72901979594582,13.125714726294484,113.467225574565,0.3399222514499257,0.17023062349941298,0.54793672889506,0.126,False,100.34151084827052,1553.8010974423805
435,Pali,Rajasthan,all_injury,2033744.6961268608,71.83267493933515,29.511593621468975,146.8528348296061,0.5185765229671572,0.3454506851137276,0.6853657629198078,0.197,False,117.34124120813713,1460.8932166647771
436,Gopalganj,Bihar,all_injury,2590145.1804118883,31.682885835288655,10.585536289879423,73.01859308088852,0.34292765804098,0.19089388427269605,0.5365776568738964,0.0305,False,62.4330567910091,820.6327404781299
437,Ambedkar Nagar,Uttar Pradesh,all_injury,2243885.005230488,54.35405326937257,19.738098319979297,125.98193878854518,0.4009827606005916,0.23847911148957024,0.5954846523325327,0.1905,False,106.24384046856588,1219.6424510464428
438,Rae Bareli,Uttar Pradesh,all_injury,3186838.9076252664,54.90665312347295,16.99105878584484,129.6277159613832,0.37653029530458026,0.19853959525425505,0.5977241238621849,0.206,False,112.63665717553835,1749.7865846136795
439,Jalaun,Uttar Pradesh,all_injury,1581436.3797764485,46.552773448133024,16.405502248412844,97.80918300020586,0.5180977156130008,0.37011585671389036,0.6723064791324367,0.0605,False,81.40368075179302,736.2024951036866
440,Azamgarh,Uttar Pradesh,all_injury,4317587.058335508,47.30689354185285,12.770519455952519,114.53157500012156,0.3574537417300593,0.15712839251556635,0.6109404302190592,0.1555,False,101.76105554416904,2042.5163132635948
441,Gwalior,Madhya Pradesh,all_injury,1929760.5852720994,70.55030967452943,61.391263961102695,84.07356572835123,0.8278231496006829,0.6999354367961834,0.9184627533367965,0.0,False,22.682301767248532,1361.4520688864777
442,Sheopur,Madhya Pradesh,all_injury,653239.9258408077,118.27415972340042,52.297918543147,230.45741905058938,0.44429732109559567,0.3487858126498097,0.543995180311973,0.796,False,178.15950050744237,772.6140332659794
443,Mau,Uttar Pradesh,all_injury,2064290.9582175184,42.192823466430944,14.801389330775901,90.79042349887182,0.5033657946995913,0.33887927882281743,0.6689998500553462,0.0525,False,75.98903416809591,870.9826398342133
444,Fatehpur,Uttar Pradesh,all_injury,2463647.2185003962,74.56256791898704,25.55380788741466,163.43727446964735,0.4059299810594958,0.24863536162416533,0.5897669262451924,0.419,False,137.8834665822327,1836.958630578593
445,Ballia,Uttar Pradesh,all_injury,3031701.355082305,32.884535028971776,10.427848932864798,78.19095651678437,0.387071595431207,0.21357609976691716,0.5967530627653833,0.045,False,67.76310758391958,996.9608940858527
446,Jaunpur,Uttar Pradesh,all_injury,4205566.300864294,43.11145968816615,12.960188623837785,108.01821368746221,0.35566492236242003,0.1616414497799994,0.5961081069375546,0.1225,False,95.05802506362443,1813.0810204562106
447,Bhilwara,Rajasthan,all_injury,2403997.734927561,75.91472335091166,28.941638338941527,160.81322608385653,0.5260220980551711,0.3391496109666841,0.7078615521712074,0.2155,False,131.87158774491502,1824.9882298324408
448,Samastipur,Bihar,all_injury,4308361.801547834,27.92649945464464,7.372126888068657,69.8693050126322,0.290819367179449,0.1280494162509874,0.5137489203537094,0.027,False,62.49717812456354,1203.174635013374
449,Jalore,Rajasthan,all_injury,1825294.0818061852,74.95359036040664,27.192711319475066,159.67976915223372,0.4096819527081863,0.2612558623577308,0.5740340435720727,0.446,False,132.48705783275864,1368.1234489497535
450,Bundi,Rajasthan,all_injury,1108818.7688958906,94.66683138854461,38.48011950274208,179.6302603662075,0.5019853832053138,0.37952760771644645,0.620368664311142,0.3635,False,141.15014086346542,1049.683594355209
451,Katihar,Bihar,all_injury,3104751.6417780793,30.313721641554825,9.072606640158757,71.46907654752816,0.3586109308325622,0.1940296135329115,0.5617159428437329,0.029,False,62.39646990736941,941.1657703502103
452,Jhansi,Uttar Pradesh,all_injury,1870243.8575565952,41.235622281308835,16.536489087030557,83.85087219688042,0.6603367546344571,0.5043211628528996,0.7943417698610915,0.0035,False,67.31438310984986,771.2066928414173
453,Shivpuri,Madhya Pradesh,all_injury,1639175.3188471599,103.09866038087809,41.762229535376186,206.82267753390522,0.4636802496245344,0.3055627932864711,0.6195318849127583,0.5495,False,165.06044799852904,1689.9677950254086
454,Kota,Rajasthan,all_injury,1947348.3279221167,80.81348089221783,70.89015629203377,96.09318808037594,0.8253584099054406,0.7040239633096651,0.9128342655347409,0.0,False,25.203031788342173,1573.719968890263
455,Banda,Uttar Pradesh,all_injury,1683843.9148374705,54.75981043586781,19.65839616732353,118.85498928086875,0.44185263928941415,0.2963727317948088,0.600279043925181,0.1805,False,99.19659311354522,922.0697358008943
456,Ghazipur,Uttar Pradesh,all_injury,3387758.344057674,37.12008579493286,10.629979734606396,93.75899893708352,0.360362006441807,0.18567879655677863,0.5715714190889839,0.0725,False,83.12901920247712,1257.5388038392055
457,Kaushambi,Uttar Pradesh,all_injury,1496862.8554906098,51.44373142781716,20.588878420575025,107.93183855138511,0.37502855669855634,0.24061193265353284,0.5219214041897079,0.1735,False,87.34296013081008,770.0421072213442
458,Khagaria,Bihar,all_injury,1685189.8973135375,24.776379191346088,8.29619220204321,54.19767078800885,0.3430782254261825,0.21397578992025282,0.4927203927791788,0.013,False,45.90147858596564,417.5290390526578
459,Bhojpur,Bihar,all_injury,2758367.3461529687,40.56090459320926,14.062258059142284,88.62123942106896,0.41430582680859496,0.2382100391237962,0.6045566969361457,0.0725,False,74.55898136192668,1118.8187476033438
460,Prayagraj,Uttar Pradesh,all_injury,4135002.272607171,114.73773561891142,92.88709148252023,153.96442055361197,0.7295491709809794,0.5341650887201121,0.8747175241286979,0.0105,False,61.07732907109174,4744.407975379995
461,Buxar,Bihar,all_injury,1725089.2692486166,30.664799892856696,11.274884844742003,65.65078700365144,0.3863475393764503,0.25418143094110757,0.5413380492930296,0.0215,False,54.37590215890944,528.9951723882322
462,Dakshin Dinajpur,West Bengal,all_injury,1290196.309447968,56.35003494128586,18.11265486714226,133.5852634308115,0.44314530316378425,0.31135565050720054,0.582726443908667,0.217,False,115.47260856366924,727.0260711851106
463,Malda,West Bengal,all_injury,3070134.690206135,38.03202127876152,11.101397308360212,94.43312333828567,0.41834451576460335,0.2379389422926678,0.6273614059049024,0.0735,False,83.33172602992545,1167.6342786658363
464,Tikamgarh,Madhya Pradesh,all_injury,1372428.6311735318,110.77757098921961,40.47048052147807,242.78331451563216,0.4587011294148877,0.31588896481774775,0.6100818858741273,0.599,False,202.3128339941541,1520.343101174634
465,Varanasi,Uttar Pradesh,all_injury,3440697.975266848,58.44729507783608,46.106849631869274,78.90985141537004,0.6996447305198013,0.5130044301253335,0.850519629803405,0.0175,False,32.80300178350077,2010.9948983413462
466,Darbhanga,Bihar,all_injury,3980621.0045761154,29.2984128501171,8.924491720283505,69.84727682164745,0.33899454171083143,0.16122997151915916,0.5622724191103284,0.0305,False,60.92278510136395,1166.258775919189
467,Saharsa,Bihar,all_injury,1921531.9556453445,32.20385002884308,10.790096242060999,72.01143245404144,0.3635306037592189,0.21914523487584528,0.5264978220786083,0.033,False,61.22133621198044,618.8072692523222
468,Sirohi,Rajasthan,all_injury,1034398.8563120378,94.73516477590042,37.95595539826363,181.83092239756022,0.5192464861567255,0.3893117894341384,0.6428330450315759,0.316,False,143.8749669992966,979.9394609672383
469,Chitrakoot,Uttar Pradesh,all_injury,928036.7040650905,48.12531114393404,20.193530158741197,98.81865215476402,0.39524355581224463,0.28675320761475165,0.5193174005436063,0.127,False,78.62512199602283,446.6205513612352
470,Chandauli,Uttar Pradesh,all_injury,1827341.3550899236,50.37437845025653,18.77780383902569,106.1910448142948,0.41804292358050177,0.26825534575704985,0.5872183773289171,0.149,False,87.4132409752691,920.5118497910441
471,Bhadohi,Uttar Pradesh,all_injury,1476853.1665197974,36.521263889466,13.072189944732953,85.43338729086409,0.42471905564186735,0.2898140880340268,0.5689837993263602,0.0505,False,72.36119734613114,539.36544220463
472,Baran,Rajasthan,all_injury,1220457.6208619764,135.00059325104533,48.461238214185535,271.54069152781534,0.5155334384166596,0.3841699070817201,0.6387873448031339,0.376,False,223.0794533136298,1647.6250285412616
473,Sahibganj,Jharkhand,all_injury,1191843.0884379183,49.219217620775424,19.76076571975376,101.82949099385841,0.42417779476977874,0.30469546902244543,0.554650825677795,0.1435,False,82.06872527410465,586.6158433964299
474,Kaimur,Bihar,all_injury,1644243.149172997,35.06492896950536,12.930602252903924,79.18543368839987,0.33594735924398483,0.21021359961482988,0.4867633188203979,0.044,False,66.25483143549594,576.5526923434695
475,Rohtas,Bihar,all_injury,2992420.543742338,43.85943763930669,15.419358456177951,100.18409162793566,0.416944736738316,0.23563466496666477,0.6218024659187705,0.103,False,84.76473317175771,1312.458822288473
476,Udaipur,Rajasthan,all_injury,3062654.8842616105,86.74293129492895,31.32761328001813,186.1984759398017,0.5351166559700663,0.33226278045348884,0.7289819914588408,0.223,False,154.87086265978357,2656.6366220558343
477,Godda,Jharkhand,all_injury,1360674.0682295912,49.959635907971446,19.37072814452317,101.51736455034269,0.3400226433317432,0.21648976895882038,0.4850127322111261,0.161,False,82.14663640581952,679.7878103816868
478,Mirzapur,Uttar Pradesh,all_injury,2336603.520060308,44.01036940255358,15.711557982492751,96.5199609529283,0.4307920132564278,0.25929117220178965,0.6082793270362642,0.0985,False,80.80840297043555,1028.3478406516115
479,Lalitpur,Uttar Pradesh,all_injury,1143135.9476795923,44.425509331360054,18.578116164192807,89.18286542948847,0.43511763072229614,0.31124248342946953,0.5685621788766422,0.086,False,70.60474926529567,507.8439671065285
480,Jamui,Bihar,all_injury,1779735.8194743,53.03175233635386,19.541353947456926,108.23006599024828,0.3733511762773745,0.2278978465216297,0.5269056289095481,0.2055,False,88.68871204279135,943.8250920249885
481,Neemuch,Madhya Pradesh,all_injury,784489.8109058931,82.42389719195481,32.17151723441628,183.92830875536433,0.5720872131264833,0.462953776105782,0.6746235493415651,0.05,False,151.75679152094804,646.607075222434
482,Banka,Bihar,all_injury,2057106.5153990048,37.44581805504426,12.856072011656149,81.25757930531455,0.3286369683792174,0.18506669370892426,0.4935240620244952,0.057,False,68.4015072936584,770.3003629547725
483,Rewa,Madhya Pradesh,all_injury,2246066.6734204288,143.63092976270434,49.555532420170096,318.4845019973823,0.4738743398351191,0.2972033887389914,0.6544276282227264,0.5535,False,268.92896957721223,3226.046446124006
484,Satna,Madhya Pradesh,all_injury,2116749.363758057,162.516330368431,61.50992410030058,356.3063258058474,0.5106736374153737,0.33364996535321295,0.6760207913237017,0.43,False,294.7964017055468,3440.063389076705
485,Guna,Madhya Pradesh,all_injury,1179031.489632286,101.32651638256688,42.901997818581236,203.7914996750206,0.5523274977986246,0.41441287359125617,0.6805467771075532,0.1795,False,160.88950185643935,1194.6715354978803
486,Nawada,Bihar,all_injury,2243514.2054488114,61.00312951589074,21.501769979557253,130.69772963451095,0.38324021386945195,0.22374371399767887,0.5536706861213907,0.2995,False,109.1959596549537,1368.6138764573457
487,Gaya,Bihar,all_injury,4439639.692504958,68.72578572728368,19.377062784930217,157.2410241271068,0.3623810984504279,0.16859607484184813,0.6075801555779888,0.3745,False,137.8639613421766,3051.1772621343935
488,Ashoknagar,Madhya Pradesh,all_injury,802537.3111285815,103.4038246742531,44.47300529503987,200.29504846705953,0.4744188853631088,0.3649244251942369,0.5848796748607903,0.582,False,155.82204317201968,829.8542741448636
489,Banaskantha,Gujarat,all_injury,2516030.3250798224,68.71434268266488,22.77464734682463,149.79378176900795,0.4581442852060634,0.28499022263171686,0.638503936621226,0.2985,False,127.01913442218333,1728.8736995751162
490,Jhalawar,Rajasthan,all_injury,1408477.6934621735,101.2700438920427,43.03292584430124,196.3598202891519,0.4755423685687683,0.3390310562682213,0.6211624049108685,0.51,False,153.32689444485067,1426.3659783787737
491,Murshidabad,West Bengal,all_injury,5467659.009871071,31.30928986303416,6.564436815564527,92.73674886654577,0.4538517194368453,0.2137607733751048,0.7145998636301305,0.0415,False,86.17231205098125,1711.8852081228372
492,Sonbhadra,Uttar Pradesh,all_injury,1742937.2061818952,68.16886911086658,25.007763560636704,150.1379770445214,0.49776071410947,0.3386503639137302,0.6550535397884695,0.2145,False,125.13021348388469,1188.1405827667309
493,Pakur,Jharkhand,all_injury,932724.2458522166,52.350824931116136,20.099566661944923,104.22270465459039,0.3649587506436276,0.257239329604292,0.48011449296912034,0.1975,False,84.12313799264547,488.28883703616714
494,Mandsaur,Madhya Pradesh,all_injury,1272946.1071876483,88.60645767084226,34.32111501501163,192.93911106981065,0.5116959992748042,0.3754910411390115,0.6432369615580933,0.2935,False,158.61799605479902,1127.912453637858
495,Munger,Bihar,all_injury,1382784.2815279814,32.29206975561404,13.013473640951382,66.03343105614921,0.5574162790545347,0.4112630543266814,0.692473147011466,0.0055,False,53.01995741519783,446.5296647606821
496,Giridih,Jharkhand,all_injury,2533204.311313144,46.25098923041686,15.749935311364004,103.21128818843799,0.34297448415019555,0.1968035886793937,0.515582307603788,0.1395,False,87.46135287707399,1171.632053209898
497,Dumka,Jharkhand,all_injury,1368848.1544069834,81.14944270579333,30.70432463271815,154.52859919515183,0.35433777865075294,0.23481639466392462,0.49760953185276185,0.6085,False,123.82427456243367,1110.8126487898044
498,Singrauli,Madhya Pradesh,all_injury,1118968.7555192488,183.88663297838735,78.01851775961994,372.952739086647,0.5022545806963622,0.3710596138261705,0.6259525846942603,0.4685,False,294.93422132702705,2057.6339686045094
499,Birbhum,West Bengal,all_injury,2695730.7239355575,40.68375194326079,12.198471806550131,94.6510649094497,0.4275203297022085,0.24188198926413382,0.6278060242706534,0.0815,False,82.45259310289957,1096.7244007842105
500,Deoghar,Jharkhand,all_injury,1545600.4669826531,40.71197679255863,14.375428124305547,86.73477194080239,0.4714116736684543,0.32017283328387175,0.6166635286589564,0.0555,False,72.35934381649685,629.2445034236556
501,Palamu,Jharkhand,all_injury,2009460.952838884,67.2327080986558,25.4508768381361,145.91053013750943,0.3908169767466776,0.25008606650927767,0.5493223032383207,0.355,False,120.45965329937333,1351.0150167786346
502,Sidhi,Madhya Pradesh,all_injury,1070307.7414479714,160.36444555340017,65.82192781324024,331.0040251301719,0.3949312080312793,0.2711866759072139,0.523922698450516,0.9165,False,265.1820973169317,1716.3930752881593
503,Chatra,Jharkhand,all_injury,1080299.0796091552,67.95513746097211,29.147713913750156,132.4436148991441,0.3550094770575295,0.24066949678350102,0.4794627825516702,0.4185,False,103.29590098539396,734.1187245380179
504,Garhwa,Jharkhand,all_injury,1370238.2980706587,46.8223670297614,17.491407187329322,104.66023095638994,0.35009250666747704,0.22884619521459618,0.4889121416626925,0.1295,False,87.16882376906062,641.5780051049999
505,Sagar,Madhya Pradesh,all_injury,2258746.6472666366,135.92817728722713,50.1211212587382,290.7923585417355,0.5849638044687945,0.4060579748886763,0.742412333322938,0.148,False,240.6712372829973,3070.2731471658926
506,Patan,Gujarat,all_injury,1083438.2285567822,60.08202195186552,23.203085852009487,119.83886530558648,0.541487260168341,0.421103780195254,0.6614147365311391,0.0915,False,96.63577945357699,650.9515943163888
507,Damoh,Madhya Pradesh,all_injury,1200588.9646404434,142.63736190542613,56.543300534062986,294.2718193546135,0.47810985053129734,0.34585222027667656,0.6107662517199992,0.5865,False,237.72851882055053,1712.4884264907978
508,Shajapur,Madhya Pradesh,all_injury,1436545.500124006,97.57621323052372,35.26039338987793,201.1940395857431,0.49327527431337836,0.35291632351900076,0.6340696150958857,0.414,False,165.93364619586515,1401.7267003544935
509,Vidisha,Madhya Pradesh,all_injury,1385447.6366751543,115.48822478054737,45.29160476761463,249.0490090150183,0.5241112652989184,0.3803240561143786,0.6693198646125502,0.299,False,203.75740424740366,1600.0288808601836
510,Mehsana,Gujarat,all_injury,1640850.1497764285,73.91956270823324,29.04205202839723,146.73954802065387,0.5662267089361367,0.4158309193638522,0.7140231838794804,0.1155,False,117.69749599225665,1212.9092554121262
511,Rajgarh,Madhya Pradesh,all_injury,1468010.866619393,95.17956231563608,35.7064090835974,207.04525930156694,0.4759966552891022,0.3352740973666381,0.6183654019299442,0.4535,False,171.33885021796954,1397.2463175943144
512,Shahdol,Madhya Pradesh,all_injury,1012406.4528467655,195.7124264829367,73.69624867874847,405.30818984602166,0.49525603201988005,0.3762219953370211,0.6169750027566985,0.534,False,331.6119411672732,1981.405234736233
513,Nadia,West Bengal,all_injury,3977398.977676301,31.734401417275592,8.068195553906934,83.31926705194077,0.5697516059810077,0.3348766989369144,0.7799864058561504,0.0155,False,75.25107149803384,1262.2037575424129
514,Jamtara,Jharkhand,all_injury,819420.2861407531,50.548346022225104,20.755039109171907,98.01125973793427,0.39764016151056986,0.29276169409853153,0.5090528284724721,0.156,False,77.25622062876236,414.20340161473496
515,Dungarpur,Rajasthan,all_injury,1385943.112367677,75.20397287414599,28.48828483883915,157.73712136856298,0.3904872416495768,0.2671172776675026,0.5292942547514152,0.479,False,129.24883652972383,1042.2842822760824
516,Katni,Madhya Pradesh,all_injury,1227011.5913872262,147.87340247699578,59.8314348152768,303.3396828247527,0.5097322504786471,0.3777063801590244,0.6469528998398518,0.424,False,243.5082480094759,1814.4237889714238
517,Dhanbad,Jharkhand,all_injury,2780791.7982624588,27.974396155276818,22.808397042990933,36.14978276288561,0.785224129899424,0.608220613386029,0.9086738909363821,0.0,False,13.341385719894674,777.9097138993864
518,Banswara,Rajasthan,all_injury,1794107.786625358,107.94883423279155,38.335059685744625,226.02047454109152,0.3982602366706541,0.24193746994731663,0.5670557071501865,0.707,False,187.6854148553469,1936.7184405418134
519,Umaria,Madhya Pradesh,all_injury,612306.3643748773,245.93195715694105,103.14904299359425,456.6505996511956,0.4724971211933421,0.37104085007325005,0.5680769159151821,0.7015,False,353.5015566576013,1505.8570257036465
520,Latehar,Jharkhand,all_injury,753058.0181305574,94.56350778673416,37.77417275957852,187.26806986768773,0.37724777731257364,0.27287973425648016,0.48617902064725366,0.755,False,149.4938971081092,712.1180776135155
521,Ratlam,Madhya Pradesh,all_injury,1381833.1983544035,115.1014485522491,50.1462868604255,236.41610348306955,0.5832160944874769,0.439317013979426,0.7148774527669713,0.1175,False,186.26981662264404,1590.510027881792
522,Bokaro,Jharkhand,all_injury,2136315.1877102093,48.74050405560286,17.619564385419334,104.95920598530813,0.7375696172466484,0.5762605399445235,0.8589186553721423,0.0005,False,87.3396415998888,1041.2507907063546
523,Ramgarh,Jharkhand,all_injury,983503.8528097561,67.33375989709987,28.29744256707497,131.06485099030422,0.7280703795479071,0.613004444622021,0.8217431719184518,0.0,False,102.76740842322926,662.2301228296476
524,Bhopal,Madhya Pradesh,all_injury,2251721.9493531855,93.01925115589961,85.75251930128499,103.37704640967911,0.9161688493844733,0.8305586003391037,0.9703718740440374,0.0,False,17.62452710839412,2094.534895401358
525,Purba Bardhaman,West Bengal,all_injury,5940054.800362343,59.27710170419007,13.288521596457507,160.59407830054872,0.630722524984138,0.36401587422320103,0.8595873730726568,0.0485,False,147.3055567040912,3521.092325295411
526,Koriya,Chhattisgarh,all_injury,439278.0,205.72669566016958,93.89687365934294,368.3189087459763,0.6173265859177932,0.5349895060750215,0.6976544985249293,0.002,False,274.42203508663334,903.7121141620797
527,Ujjain,Madhya Pradesh,all_injury,1886862.1596743683,120.21726277654486,47.08724691522226,262.1034396388413,0.6784514194734856,0.5201927637108701,0.8132397043491021,0.01,False,215.016192723619,2268.3340407269247
528,Gandhinagar,Gujarat,all_injury,1122155.4302477925,70.68547235439094,31.134422925756102,138.7845445199323,0.7191476672008489,0.5937901696166156,0.8210435999634682,0.0,False,107.6501215941762,793.2008664211
529,Ahmedabad,Gujarat,all_injury,5816751.7934427885,53.51232153210185,48.95155475359033,63.123796278524615,0.9088357881106992,0.7648612651269552,0.9780427551751402,0.0,False,14.172241524934286,3112.6789224314057
530,Raisen,Madhya Pradesh,all_injury,1264575.7290060667,110.08225348530632,46.36937035917639,222.21365828986546,0.5282703825863607,0.388756878824458,0.6639452356924792,0.2865,False,175.84428793068906,1392.0734595181189
531,Purulia,West Bengal,all_injury,2255251.258896585,67.37468190470396,18.914767860925664,165.00720596638706,0.42174531386161945,0.2590178558760977,0.6014513080186318,0.32,False,146.09243810546138,1519.4683618334059
532,Sehore,Madhya Pradesh,all_injury,1245330.6968016475,101.69401123039081,42.776788713702324,211.21675487275866,0.4789439721555203,0.34501297473568887,0.6128078063441528,0.479,False,168.43996615905633,1266.4267386609718
533,Ranchi,Jharkhand,all_injury,3018800.5531268227,99.89838676440523,78.05489307739896,134.30093710093877,0.6639051533062725,0.48900253635382357,0.825227647497882,0.0365,False,56.24604402353981,3015.7330522086377
534,Bankura,West Bengal,all_injury,2768288.468657584,55.60350203077734,15.378406381914164,139.22925751698668,0.3830914208279963,0.21169496706962893,0.5771662300923645,0.2315,False,123.85085113507252,1539.2653348877948
535,Lohardaga,Jharkhand,all_injury,478356.51449219935,71.7184571860339,28.814661012124944,140.19413825541682,0.4229932821020053,0.3408759391404908,0.5083301380141594,0.472,False,111.37947724329187,343.069912042692
536,Panchmahal,Gujarat,all_injury,1927656.8981033966,77.64234451470675,29.3405577779861,160.00836125110848,0.4721552035529103,0.300765629895496,0.6416861122526922,0.35,False,130.66780347312238,1496.6780098869488
537,Jabalpur,Madhya Pradesh,all_injury,2339307.9760074746,98.82866375514195,84.23585489052914,123.48900282134494,0.7893177023771081,0.6347290118876932,0.8980684801934531,0.001,False,39.2531479308158,2311.9068138056437
538,Gumla,Jharkhand,all_injury,1061992.068455556,125.07548318939315,37.74487031590739,248.06793221078257,0.35748189204903574,0.24771468280517867,0.48231862837177836,0.861,False,210.3230618948752,1328.2917110538176
539,Dahod,Gujarat,all_injury,1888740.375,76.30868287089156,30.03041037355436,154.66230842081598,0.6504903794787017,0.48329602134520583,0.7818396315017727,0.018,False,124.63189804726161,1441.272903013238
540,Dewas,Madhya Pradesh,all_injury,1485010.8824837557,124.88896344461105,51.47537354091374,260.22663232827347,0.5680764303515093,0.41945489318289164,0.7071625322232911,0.162,False,208.75125878735972,1854.6146981736335
541,Anuppur,Madhya Pradesh,all_injury,711526.7798540537,371.1156581982051,135.62910125770574,798.5886312540184,0.5835116498200105,0.4853958149210114,0.6791723509714355,0.049,False,662.9595299963127,2640.5872923118654
542,Jhabua,Madhya Pradesh,all_injury,973455.7992141846,150.69283489181217,58.55639151195091,307.6007443818989,0.40403578959054337,0.29070863794573704,0.528035673635454,0.901,False,249.04435286994797,1466.9281402546019
543,North 24 Parganas,West Bengal,all_injury,7704329.421039488,55.86347700121869,13.156631560201756,154.05933061353923,0.7766161784968796,0.5374012147520829,0.9248459945518634,0.004,False,140.90269905333747,4303.90629422052
544,Dindori,Madhya Pradesh,all_injury,669064.2520989985,358.8664705732154,135.24521715321222,695.4880466533672,0.34357792180129376,0.24527414731163302,0.4442708190698061,0.997,False,560.2428295001549,2401.0472673747563
545,Hooghly,West Bengal,all_injury,3968526.739130436,50.21083560792916,15.199002993533307,127.2930133984165,0.5705598984438977,0.34088084859242795,0.7830157006007026,0.047,False,112.09401040488319,1992.630437041495
546,Khunti,Jharkhand,all_injury,550966.1419924282,149.73658541480242,40.31132672094182,351.6009323711097,0.3841366008903882,0.29482260157936246,0.4807397458589298,0.8755,False,311.2896056501679,824.997887811134
547,Narsinghpur,Madhya Pradesh,all_injury,1036899.3531963424,133.71319154263725,62.042933881125634,235.32171984569024,0.48320060183830277,0.3629848778417278,0.6092932861790342,0.585,False,173.2787859645646,1386.4712182437918
548,Dhar,Madhya Pradesh,all_injury,2075778.7652205266,189.76331156525345,69.06475421503522,430.9429849591956,0.5146825430222737,0.34913303724578687,0.6808074690566849,0.428,False,361.87823074416036,3939.066525650799
549,Jashpur,Chhattisgarh,all_injury,567779.3333333333,298.45702205454245,125.93164339131421,574.1170587806087,0.38910856126578824,0.2991122736274958,0.4932193661588511,0.977,False,448.18541538929446,1694.5772901078005
550,Indore,Madhya Pradesh,all_injury,3111775.933339435,115.92276451175253,105.91790265694398,133.39302540810922,0.8943524829123326,0.7808669180619349,0.9610194888154839,0.0,False,27.475122751165244,3607.2566873384626
551,Saraikela-Kharsawan,Jharkhand,all_injury,1103264.4186729982,62.6414438537542,24.153443949598273,127.93226917166156,0.5203067602521386,0.39541364718681277,0.6435694543363829,0.1495,False,103.77882522206329,691.1007613814937
552,Mandla,Madhya Pradesh,all_injury,1001810.0516951786,350.58550235185913,105.35421588390594,765.3151921797676,0.41585844285692114,0.29454477774327625,0.5418408440810575,0.9015,False,659.9609762958617,3512.2008023469616
553,East Singhbhum,Jharkhand,all_injury,1374505.5833333335,31.438130600966105,9.528052048440024,78.79395600708685,0.4624267650044742,0.3287600377884374,0.6029493389902381,0.0315,False,69.26590395864682,432.1188604059044
554,Hoshangabad,Madhya Pradesh,all_injury,1178870.995655353,175.50580501586833,67.49282486977637,376.1507662880287,0.630037198699864,0.5031436797374148,0.7491820344438632,0.0215,False,308.65794141825234,2068.987031023509
555,Korba,Chhattisgarh,all_injury,804426.6666666666,167.25584340000378,74.1610641905908,332.5022813093377,0.6643412111434703,0.5611077227422192,0.7591380868938562,0.001,False,258.3412171187469,1345.4506058678705
556,West Singhbhum,Jharkhand,all_injury,1374505.5833333335,37.67521069722801,13.288792589765812,84.70926351454541,0.46473593623214665,0.3243450995719383,0.6083741848647115,0.05,False,71.42047092477961,517.8478745659963
557,Howrah,West Bengal,all_injury,3968526.739130436,49.689908109410815,13.460484522013951,121.26556420023151,0.5705236703527846,0.33818410039225033,0.7763710906818637,0.0535,False,107.80507967821755,1971.9572899713112
558,Simdega,Jharkhand,all_injury,621087.5987921001,137.15696560932759,44.07618246569705,272.92918298387355,0.364860319387488,0.2709517265942593,0.46741559131471405,0.9055,False,228.8530005181765,851.8649042790792
559,Kolkata,West Bengal,all_injury,3461015.9684424405,57.3291402929401,13.599771838120704,164.58245328075512,0.9520035196609216,0.8807539371911156,0.9861580545074574,0.0,False,150.9826814426344,1984.1707001094264
560,Koderma,Jharkhand,all_injury,741954.4786887291,60.877786917705755,25.59794066288822,120.84560520148916,0.5145888419409469,0.40933708201950164,0.6197919345072849,0.116,False,95.24766453860094,451.68546656249913
561,Hazaribagh,Jharkhand,all_injury,1796719.2503175628,58.5589687103264,23.62117425321291,115.72246297458534,0.44459366865816546,0.30247770635524085,0.5961844205362222,0.225,False,92.10128872137243,1052.1402636058726
562,Vaishali,Bihar,all_injury,3533399.45269122,41.75336480910662,11.840519671681006,100.62374874799045,0.3272996231514637,0.15237845026772748,0.5371815742322591,0.105,False,88.78322907630944,1475.313163645142
563,Begusarai,Bihar,all_injury,3003160.1937718913,34.24939612017677,10.624484143062961,81.40330112708558,0.4429502822850043,0.2590865891578176,0.6434747161375302,0.0385,False,70.77881698402263,1028.5642308884032
564,Bhagalpur,Bihar,all_injury,3071123.384324156,44.28200697965713,15.632827529220625,95.18504626798143,0.45168902883903966,0.2674765514163053,0.6523354240098053,0.084,False,79.55221873876081,1359.955071400305
565,Lakhisarai,Bihar,all_injury,1011902.9078772558,42.321842589002536,17.86243461734526,83.62963142239042,0.4398811337648885,0.3205915925608247,0.5616111502438486,0.058,False,65.76719680504516,428.2559558253515
566,Sheikhpura,Bihar,all_injury,643329.6036059401,50.93357522537591,20.132670829562166,105.31426035546897,0.47044938591141217,0.37202583987106214,0.5684940364011256,0.126,False,85.18158952590682,327.6707675997442
567,Arwal,Bihar,all_injury,708538.8822048488,60.653336813482774,27.2698140523122,120.27133615650973,0.3645899915998834,0.2686942115321809,0.47054774283567075,0.2925,False,93.00152210419753,429.7524746781929
568,Jehanabad,Bihar,all_injury,1137669.941984988,70.61474708768982,26.671577846381954,143.94520159227625,0.41945535779491444,0.29615958210535775,0.5544061267433978,0.4095,False,117.2736237458943,803.3627522253668
569,Nalanda,Bihar,all_injury,2909252.200554803,47.486676021410695,16.43028678736145,109.02922762162271,0.4254535533337374,0.24753321172660983,0.6285858230791718,0.1375,False,92.59894083426126,1381.5071671232206
570,Patna,Bihar,all_injury,5902576.561215754,40.034199262387745,26.8795432214607,64.2352532752461,0.5996817993477572,0.353427113131764,0.8405588184038479,0.019,False,37.355710053785394,2363.049262132109
571,Saran,Bihar,all_injury,3995256.9749684567,38.31489506105595,12.264934436376087,86.27231361233711,0.3407584285726703,0.1649824556448859,0.5623476054766827,0.075,False,74.00737917596103,1530.7785173786826
572,Siwan,Bihar,all_injury,3367035.46983203,30.98704091140932,9.183507167676535,73.58691773812745,0.32447517440377793,0.16749746803304005,0.5221602951043728,0.039,False,64.40341057045092,1043.3446585385143
573,Muzaffarpur,Bihar,all_injury,4853781.949560994,30.472944168562005,8.317671699181561,75.78029713476063,0.32869057904687443,0.13871085821974913,0.5980765943193342,0.0425,False,67.46262543557907,1479.0902635534621
574,Madhepura,Bihar,all_injury,2023743.134939127,36.27897951761302,12.662621204113519,79.6592455557647,0.33265219411708463,0.19409989694368412,0.5019307629806965,0.0495,False,66.99662435165118,734.1933574136654
575,Araria,Bihar,all_injury,2842442.5392017965,32.936527091091826,9.282581346702095,81.96467847066671,0.3358541700136138,0.17590273774440346,0.5301639575262039,0.046,False,72.68209712396461,936.201856972918
576,Supaul,Bihar,all_injury,2253553.245719306,31.136969945478114,9.215633622323683,72.71665295125237,0.33178742383843735,0.19411842464450402,0.5100093281105613,0.036,False,63.50101932892869,701.6881968249669
577,Madhubani,Bihar,all_injury,4536654.430007166,29.188228137408093,8.00835644654791,72.56150267836753,0.28416239959788975,0.12511262327873054,0.49582049354886526,0.0335,False,64.55314623181962,1324.1690448363224
578,Purnia,Bihar,all_injury,3300467.432912523,34.17166451905116,10.812852384593667,78.60184125124974,0.36148946260881126,0.18798338179737004,0.5748814928700228,0.0455,False,67.78898886665607,1127.8246587354074
579,Surajpur,Chhattisgarh,all_injury,946118.4444444445,229.75763527908745,93.08959378114473,459.6402915752872,0.5000101506150201,0.37848217456580446,0.6150907636622586,0.51,False,366.5506977941425,2173.7793648948423
580,Surguja,Chhattisgarh,all_injury,1573257.3333333333,204.19612110447372,83.16531671110562,400.141465660602,0.4197589110939522,0.2752319735021334,0.5675911249106979,0.84,False,316.9761489494964,3212.530449658347
581,Aravalli,Gujarat,all_injury,1888740.375,71.32956740447534,29.94496928284308,136.80920107230665,0.6490827623764355,0.487391545405704,0.7787358274873322,0.0145,False,106.86423178946357,1347.2303388811654
582,Mahisagar,Gujarat,all_injury,1888740.375,62.02118441064853,23.05365915715813,131.96969056512728,0.6465401165650384,0.48911308715033097,0.7908886535198384,0.015,False,108.91603140796914,1171.4191510171245
583,Amethi,Uttar Pradesh,all_injury,2664164.546666667,38.77387031947878,13.44064618132033,92.61997169157307,0.4902313717939753,0.30768798047889556,0.6742363607564678,0.042,False,79.17932551025274,1032.9997064220631
584,Ghaziabad,Uttar Pradesh,all_injury,4380969.009108135,39.01137833589002,33.969078940245794,48.299692764911484,0.8577098972553631,0.6913647581701663,0.9549626671236306,0.0,False,14.33061382466569,1709.0763949212667
585,Agar Malwa,Madhya Pradesh,all_injury,2258746.6472666366,84.01968505328577,27.331320131897858,197.6927434233679,0.580802576577445,0.4084989362717446,0.7469265631725004,0.1185,False,170.36142329147003,1897.7918191850797
586,Sambhal,Uttar Pradesh,all_injury,2664164.546666667,46.903975988300566,16.08640555729001,108.97220434656518,0.49233741980215023,0.31766365235109334,0.6694154016833894,0.083,False,92.88579878927517,1249.5990992573502
587,Charkhi Dadri,Haryana,all_injury,1152339.1818181819,95.46799180213462,41.84731784101925,186.5248001987036,0.6367304508845616,0.5109593840586525,0.7525980440632946,0.014,False,144.67748235768434,1100.1150756309669
588,Alipurduar,West Bengal,all_injury,3968526.739130436,51.59514295099325,12.419126392982156,137.69437107260083,0.572525644259648,0.34203315852526633,0.7764792929965763,0.059,False,125.27524467961868,2047.5670441027391
589,Paschim Bardhaman,West Bengal,all_injury,5940054.800362343,43.92162418925765,9.537604270436852,126.4855615916357,0.6281775843646945,0.3481812311848728,0.8532841015014038,0.0235,False,116.94795732119886,2608.968546051107
590,Kalimpong,West Bengal,all_injury,3968526.739130436,51.355392164117994,13.083384676836207,134.815113614077,0.5682832070022306,0.3377914201159285,0.7870518657902223,0.063,False,121.7317289372408,2038.0524700183194
591,Ajmer,Rajasthan,all_injury,2578198.8202728834,82.44325445373886,31.054739807386202,173.56303850507345,0.6924267102827327,0.5208944398131786,0.8300129667776336,0.0105,False,142.50829869768725,2125.5510137208666
592,Cooch Behar,West Bengal,all_injury,3968526.739130436,51.49258585110535,13.35796271277447,139.7782037470797,0.5750214666674369,0.33888403590425914,0.7843730137863076,0.0625,False,126.42024103430522,2043.4970381708115
593,Uttar Dinajpur,West Bengal,all_injury,2314531.2519033295,38.47064430200944,11.503939401056726,91.62337525169572,0.40933737945258053,0.2502883833091281,0.5866708698535927,0.0705,False,80.119435850639,890.4150851785761
594,Datia,Madhya Pradesh,all_injury,747155.4930646727,85.11339953835794,38.48012123535873,160.27376512530844,0.5070356486993263,0.4053822969507604,0.6073302745251544,0.3065,False,121.79364388994972,635.9294399849231
595,Rajsamand,Rajasthan,all_injury,1154423.9221398393,77.37802953612618,33.87794422471687,149.95460711381466,0.46533382534304607,0.333747673473286,0.597169473342896,0.386,False,116.07666288909779,893.2704834454711
596,Mahoba,Uttar Pradesh,all_injury,819700.0950051411,45.617935109029915,18.429287046018523,98.02608211410396,0.4861822522855435,0.37194740518534664,0.5959751612352583,0.0735,False,79.59679506808544,373.93025742810187
597,Chhatarpur,Madhya Pradesh,all_injury,1673672.027202725,142.4973262591517,57.0534967935779,298.96641097778684,0.5072470452337265,0.3361386159606741,0.6642343357727243,0.445,False,241.91291418420894,2384.937889111225
598,Chittorgarh,Rajasthan,all_injury,1541436.413089084,81.73270622899366,35.09749049519986,152.1237710530981,0.49406170308347336,0.35558060051094004,0.6278496396918208,0.3245,False,117.02628055789825,1259.8576952168382
599,Panna,Madhya Pradesh,all_injury,965357.0262243359,127.75787040807442,52.08510079505153,256.61774364198965,0.410712064617324,0.294516066462553,0.5344731828089991,0.844,False,204.53264284693813,1233.319578538928
600,Sabarkantha,Gujarat,all_injury,1958145.112092488,71.84586255639181,26.656483141593426,150.92354517057166,0.47134832421111994,0.3142280649403816,0.6243949428291166,0.3005,False,124.26706202897823,1406.8462458886734
601,Kutch,Gujarat,all_injury,1888740.375,76.99080233107682,29.296090080736747,162.762692757337,0.6484990063801194,0.4847397836114003,0.7839113869428479,0.021,False,133.46660267660025,1454.156368663489
602,Surendranagar,Gujarat,all_injury,1416059.9425116598,55.1789090789281,22.76414389419741,111.41254223460218,0.6029091098476164,0.45486527241729574,0.7350280986785761,0.02,False,88.64839834040478,781.3664281816303
603,Kheda,Gujarat,all_injury,1854372.4652976817,82.2840453044273,32.76403406168089,167.36836495527763,0.5453863084892377,0.38090256821205626,0.7042424583594062,0.1825,False,134.60433089359674,1525.8526794583697
604,Anand,Gujarat,all_injury,1687357.7178378035,69.79089107305525,26.62022551383553,140.4712923915231,0.6183009613977031,0.4704174406619278,0.7547494935663529,0.0255,False,113.85106687768757,1177.6219868689725
605,Kishanganj,Bihar,all_injury,1708962.102038654,29.423503128680426,9.092385439661937,67.65931883514395,0.3816761559569977,0.24096737974482074,0.538272554751965,0.0235,False,58.56693339548201,502.83651756130615
606,Morbi,Gujarat,all_injury,1888740.375,62.22555992868816,21.944970441896142,134.36475052888858,0.649690752790535,0.4818633651120581,0.7953269123751805,0.0155,False,112.41978008699243,1175.2792739429547
607,Leh,Jammu & Kashmir and Ladakh,all_injury,133487.0,104.3575947868622,33.605049815724,233.93112409384915,0.6078463170666804,0.5562444981466911,0.6593351436814329,0.0,False,200.32607427812513,139.30382255313873
608,Kargil,Jammu & Kashmir and Ladakh,all_injury,140802.0,21.88869191093761,10.061677762943726,42.14348798803987,0.45249318777607167,0.3982280207036566,0.5092766690646152,0.003,False,32.08181022509615,30.819715984438375
609,Kupwara,Jammu & Kashmir and Ladakh,all_injury,808922.7412283361,19.411387608562283,6.300604271177708,42.28725421866378,0.40171319105584596,0.30514816824598956,0.5104127897086976,0.0025,False,35.98664994748607,157.02312875363958
610,Bandipora,Jammu & Kashmir and Ladakh,all_injury,364547.5112856065,20.158839041060233,7.59397452936469,41.15876708110676,0.4662816652461899,0.393057480355473,0.5447000682524608,0.001,False,33.56479255174207,73.4885460282563
611,Baramulla,Jammu & Kashmir and Ladakh,all_injury,936889.669197902,20.08295098460838,7.284693806621143,41.29701109880247,0.45416975285086725,0.33991392724313313,0.5699753095191538,0.0015,False,34.01231729218133,188.15509304487426
612,Ganderbal,Jammu & Kashmir and Ladakh,all_injury,276451.6894130476,18.45951951932453,7.250080073436791,36.32304452021302,0.4640982691096741,0.39498325463475153,0.5308861836676794,0.0,False,29.072964446776226,51.03165356870395
613,Anantnag,Jammu & Kashmir and Ladakh,all_injury,1002555.8446115907,16.987640236451117,6.76135130934664,34.55755905044504,0.5128895978040112,0.39237460667147833,0.633074957586389,0.0005,False,27.796207741098403,170.31058005213092
614,Kishtwar,Jammu & Kashmir and Ladakh,all_injury,214413.03275496204,25.94992457201387,11.730677281846585,47.3773799546119,0.37054375941922046,0.3009743150624363,0.44237741373384976,0.0025,False,35.646702672765315,55.64002027248004
615,Srinagar,Jammu & Kashmir and Ladakh,all_injury,1149531.2310975785,13.484862451590281,11.323825816616344,15.72661233308351,0.9496592324313241,0.8958980603943731,0.9817407040500538,0.0,False,4.402786516467167,155.01270535158088
616,Budgam,Jammu & Kashmir and Ladakh,all_injury,700544.2286554117,25.61846822374055,11.073536250001084,48.06226880724965,0.42301297911727687,0.3302334142748158,0.5235307859872003,0.003,False,36.98873255724857,179.46870061133498
617,Pulwama,Jammu & Kashmir and Ladakh,all_injury,520883.0672278277,17.480834453221387,6.371257026728441,34.10095570517158,0.412526903627752,0.32404071776664084,0.5068085461390014,0.0015,False,27.72969867844314,91.05470667695843
618,Punch,Jammu & Kashmir and Ladakh,all_injury,443179.06887727714,18.520196977472413,7.68897034689949,35.99413421540806,0.3920205280816948,0.3071059768013859,0.48029916045858356,0.001,False,28.305163868508572,82.07763651899987
619,Shopiyan,Jammu & Kashmir and Ladakh,all_injury,247425.0334416818,25.83340793821931,11.029849724740046,51.089419094353865,0.35944719486068905,0.2868170237523575,0.4344437255283066,0.0075,False,40.05956936961382,63.9183182302652
620,Kulgam,Jammu & Kashmir and Ladakh,all_injury,394522.17369579256,17.687777919002723,7.534327247514679,34.621792131634365,0.4928578835535895,0.41541529694334717,0.5710163168844719,0.0005,False,27.087464884119687,69.78220592453397
621,Rajouri,Jammu & Kashmir and Ladakh,all_injury,597072.1141124205,25.089899731764778,11.22924359867071,47.02846192860333,0.3676874726910241,0.2767232911020784,0.4695128162499159,0.004,False,35.799218329932614,149.8047947571345
622,Ramban,Jammu & Kashmir and Ladakh,all_injury,263687.99095783435,26.372508149101776,12.00181314440525,47.003478924382435,0.35385998256454776,0.2883545310809052,0.4296807675464524,0.003,False,35.00166577997719,69.54113690355761
623,Reasi,Jammu & Kashmir and Ladakh,all_injury,292457.1981217951,27.787286688172014,12.921335827075367,49.00951270048868,0.4038054155128927,0.33419178558273,0.47458538858719146,0.0055,False,36.08817687341331,81.26592008229842
624,Doda,Jammu & Kashmir and Ladakh,all_injury,381001.9289256776,24.30804167471127,10.831161391337277,43.63732472623582,0.3747198732711695,0.299584659738569,0.45341401010454396,0.0005,False,32.80616333489854,92.61410766470752
625,Lahaul and Spiti,Himachal Pradesh,all_injury,31564.0,117.47605462954382,60.49635091956469,196.53162993626614,0.30381553444637316,0.2503576261950834,0.3591901330533693,0.959,False,136.03527901670145,37.080141883269214
626,Chamba,Himachal Pradesh,all_injury,519080.0,178.3597399864529,77.14001949896581,313.3423271768062,0.37717324902143706,0.2902458341299673,0.47327212071194946,0.98,False,236.20230767784037,925.8297383216797
627,Jammu,Jammu & Kashmir and Ladakh,all_injury,1421970.6226710312,59.591738560254754,22.373602862782626,111.13871206757064,0.7109555028595888,0.565611967941172,0.8345652954721128,0.0015,False,88.76510920478802,847.3770158657476
628,Kathua,Jammu & Kashmir and Ladakh,all_injury,572925.832464824,44.57813505820688,19.405803782067235,82.27466809178003,0.4367507754596358,0.34222624636523025,0.5315066641129755,0.084,False,62.86886430971279,255.39965137952532
629,Gurdaspur,Punjab,all_injury,2118579.704138289,58.148637700903926,22.06071078648027,118.22226873484867,0.5892796303383527,0.4271780375382663,0.7424605753110438,0.047,False,96.1615579483684,1231.9252365642562
630,Kangra,Himachal Pradesh,all_injury,1510075.0,127.62384247794965,64.74974203915315,211.40245266520913,0.4730391919881922,0.336401059810415,0.6096300676954041,0.6225,False,146.65271062605598,1927.2157392988984
631,Kullu,Himachal Pradesh,all_injury,437903.0,126.31910398158007,60.43987610442396,217.37589263032493,0.4133113280919204,0.33117541940027523,0.4968272178063873,0.943,False,156.93601652590098,553.1551459084586
632,Hoshiarpur,Punjab,all_injury,1462540.9583763524,47.2140826683337,19.150492545125495,94.10396852865752,0.5210833120668603,0.37523972046673737,0.6603349009739887,0.054,False,74.95347598353203,690.5252971460511
633,Amritsar,Punjab,all_injury,2295871.055369613,60.506567486929335,51.971383327535214,73.99811243131903,0.8095445105084567,0.6629837479586762,0.9086459614525875,0.0,False,22.026729103783815,1389.1527695300917
634,Mandi,Himachal Pradesh,all_injury,999777.0,134.85439186984692,65.42773059408799,229.75416892528227,0.4140907645046399,0.2942475999341202,0.5408294459971981,0.8785,False,164.32643833119428,1348.2431934045997
635,Kinnaur,Himachal Pradesh,all_injury,84121.0,286.9724818149481,107.61775340135394,581.8956757085598,0.3041432485371571,0.2445510168042315,0.3668749644389819,0.998,False,474.27792230720587,241.4041214275525
636,Una,Himachal Pradesh,all_injury,521173.0,83.21475395183867,38.67385545549502,155.11656893856755,0.40379896402861765,0.31393791996821574,0.49314775030852465,0.6615,False,116.44271348307254,433.69282961341617
637,Shimla,Himachal Pradesh,all_injury,814010.0,136.14774887416604,67.82902050209188,231.33400769031405,0.5792012169831808,0.47430676978714725,0.6791424841559217,0.0715,False,163.50498718822217,1108.256290610599
638,Jalandhar,Punjab,all_injury,2022037.482634386,63.695121515188795,26.604653364131185,125.01441047795007,0.7768119635385172,0.6323104096892206,0.883121451594842,0.0005,False,98.40975711381888,1287.9392316466367
639,Tarn Taran,Punjab,all_injury,1032065.1354945499,65.6348933228944,24.5951431208821,133.44866509279183,0.4546350224996103,0.33350544385437003,0.5830025553305735,0.2975,False,108.85352197190973,677.3948507046333
640,Rupnagar,Punjab,all_injury,631084.8680124964,56.537197002136104,27.967374959261498,101.38311007376704,0.5789472472591413,0.47828591045968566,0.670748533952814,0.0175,False,73.41573511450554,356.7976950788957
641,Uttarkashi,Uttarakhand,all_injury,330086.0,55.474231894018274,28.386280398938666,96.87651945429832,0.36873196330113783,0.2906324209936394,0.4455556942600377,0.19,False,68.49023905535965,183.11267308968917
642,Solan,Himachal Pradesh,all_injury,580320.0,99.23227080681531,49.45308171272381,172.37462489965094,0.5193775642730839,0.4233047779780752,0.6150856933113384,0.3005,False,122.92154318692712,575.8647139461106
643,Shahid Bhagat Singh Nagar,Punjab,all_injury,564423.511682612,53.80413275059235,25.000517120837205,103.06075303437912,0.4982031549287675,0.40468649667770995,0.595550123526414,0.1015,False,78.06023591354192,303.68317550126767
644,Fazilka,Punjab,all_injury,1261060.8181818181,57.33364546994947,23.36390574354705,114.27498422733215,0.627615841690371,0.49557216287783024,0.746166209116809,0.011,False,90.9110784837851,723.0121386568077
645,Moga,Punjab,all_injury,917872.4078716895,87.45624187092737,38.82857859624513,158.97196317689043,0.5466831471735604,0.4286272126087676,0.6614589929806562,0.1745,False,120.14338458064529,802.7367130947698
646,Ludhiana,Punjab,all_injury,3225115.6323445807,122.63394986428519,108.71335832133771,146.29711776814855,0.8416320599222672,0.7061434469081526,0.934211754208166,0.0,False,37.583759446810845,3955.0866876346777
647,Chamoli,Uttarakhand,all_injury,391605.0,92.11710580035442,41.183612251266396,172.4538600294544,0.41391737439491477,0.3357153117812258,0.49421497602270537,0.763,False,131.270247778188,360.73519216947795
648,Dehradun,Uttarakhand,all_injury,1696694.0,47.670801010301275,20.293721662614583,92.74721903195685,0.7640442763840417,0.6258335708967835,0.8724471395556865,0.0,False,72.45349736934226,808.8276204937212
649,Sirmaur,Himachal Pradesh,all_injury,529855.0,81.96702481377056,37.19167150478678,156.44199626817488,0.41675602374570075,0.33023000200239583,0.5060606622718506,0.6225,False,119.2503247633881,434.30637932700404
650,S.A.S. Nagar,Punjab,all_injury,564423.511682612,71.29792190581497,28.682441918672477,138.16753466173097,0.49833019978978493,0.4047158845438546,0.5939488211782061,0.2525,False,109.48509274305849,402.42223457752715
651,Faridkot,Punjab,all_injury,569214.995430593,76.28360666980019,33.2786759186647,143.4183263993336,0.6551064586552302,0.5595432150920612,0.7402536674782891,0.0,False,110.1396504806689,434.21772821979476
652,Fatehgarh Sahib,Punjab,all_injury,553226.48338582,66.49996732337821,31.600018255340004,123.23014230377629,0.6134796069181302,0.5204657834246608,0.6988410411354519,0.0025,False,91.63012404843629,367.89543067584475
653,Tehri Garhwal,Uttarakhand,all_injury,618931.0,86.43036089690469,38.915048252704004,159.59036724486018,0.3956967381601753,0.29612725574303483,0.49869060702725165,0.705,False,120.67531899215618,534.9442970028211
654,Chandigarh,Other Union Territories,all_injury,1055450.0,134.0432474846437,126.89320206257204,142.41496234097585,0.8558910456459391,0.8134717909056398,0.8879432746932122,0.0,True,15.521760278403804,1414.759455576672
655,Sri Muktsar Sahib,Punjab,all_injury,831362.0674045844,92.73933876223869,38.21118529908864,178.2455266462114,0.6194467194635046,0.5089821934600192,0.7237421187147681,0.0155,False,140.03434134712276,770.9996840310887
656,Rudraprayag,Uttarakhand,all_injury,242285.0,95.92378315189495,39.38810018285776,185.13942850329508,0.33508796949065367,0.26873279728043553,0.40747722636469125,0.7975,False,145.75132832043732,232.4089380095687
657,Pithoragarh,Uttarakhand,all_injury,483439.0,78.532005952221,32.52715143641945,148.9501266590412,0.41477814615596176,0.32812631866364433,0.5072079414761167,0.586,False,116.42297522262174,379.65434425535767
658,Sangrur,Punjab,all_injury,1525724.3870069038,61.65494638183329,28.70058206314456,116.6775222906509,0.6324297201413724,0.4860094105943687,0.7621086984283393,0.0135,False,87.97694022750633,940.6845527436611
659,Barnala,Punjab,all_injury,548953.0477075515,84.07280662968402,40.993433603441524,150.71922530871922,0.6304679762002514,0.5370451122756539,0.7132321246719545,0.002,False,109.72579170527769,461.52023428692684
660,Bathinda,Punjab,all_injury,1279933.622771307,87.04151017856405,37.97065231179985,167.1129837372783,0.6652419445260337,0.5354226907853962,0.7781944891715498,0.006,False,129.14233142547846,1114.0735545433506
661,Patiala,Punjab,all_injury,1747431.446763182,59.38179835254569,23.53347163905166,119.75570221549384,0.6926713973621192,0.5333238347574749,0.8162699461285733,0.0035,False,96.22223057644219,1037.6562180658846
662,Yamunanagar,Haryana,all_injury,1168657.29849138,135.0811545670726,56.30920229406503,257.31782229972447,0.6868523548024026,0.5674470253012444,0.7938763221749633,0.0015,False,201.00862000565945,1578.6357717345156
663,Saharanpur,Uttar Pradesh,all_injury,3243755.584998494,39.70095594844753,12.354872646601606,96.44575988970789,0.5868649208193758,0.3765349248141621,0.777894371005114,0.02,False,84.09088724310628,1287.8019758755586
664,Ganganagar,Rajasthan,all_injury,1965468.2191915275,91.90888412676114,29.01474232276608,218.45744321651966,0.5915641273460976,0.4177562896251044,0.7462355784418493,0.095,False,189.4427008937536,1806.4399081250565
665,Mansa,Punjab,all_injury,709551.6364932833,80.48180505852638,37.30076801301826,146.7247803674122,0.5480002063541877,0.44477872463012047,0.6496436665751637,0.1175,False,109.42401235439394,571.0599648721079
666,Kurukshetra,Haryana,all_injury,928468.5092518992,130.46046846421115,56.57067812237962,250.15300870683794,0.5970961120024535,0.4841893596675968,0.6958016588711675,0.043,False,193.5823305844583,1211.2843667127054
667,Bageshwar,Uttarakhand,all_injury,259898.0,113.91314017895019,43.83862431130858,221.83566255350215,0.33735358382900094,0.26584173069830497,0.41474221977372966,0.871,False,177.99703824219358,296.05797306228794
668,Haridwar,Uttarakhand,all_injury,1890422.0,41.379425276157185,15.369841698838854,82.62752239149202,0.6178897660839832,0.4368905216004624,0.7791430147982166,0.0075,False,67.25768069265317,782.2457588940362
669,Pauri Garhwal,Uttarakhand,all_injury,687271.0,59.753882911309425,29.818125622653493,105.8324319899789,0.4043900270048092,0.30021098270393004,0.5124342695476528,0.2795,False,76.0143063673254,410.6711086233854
670,Kaithal,Haryana,all_injury,1034004.3159091616,103.04184832330229,40.98794196660581,197.96730460380428,0.5428394452651553,0.41593577794906567,0.666715311524995,0.2175,False,156.97936263719848,1065.4571588555177
671,Sirsa,Haryana,all_injury,1246603.397099956,97.8611115759667,40.61095847945621,185.09944700860342,0.5754543736656885,0.43850921674913007,0.7033011574579323,0.1115,False,144.48848852914722,1219.939941345779
672,Hanumangarh,Rajasthan,all_injury,1771357.611363505,77.99492481368672,29.48542884212523,162.80584548884323,0.5196845672305356,0.36193791921169777,0.6766454194901783,0.215,False,133.320416646718,1381.5690371644828
673,Karnal,Haryana,all_injury,1448855.7362177211,151.61109417535673,64.37208979086807,288.444295728188,0.6181672058391651,0.47743221949704434,0.7427391156580152,0.0485,False,224.07220593731995,2196.626034702107
674,Almora,Uttarakhand,all_injury,622506.0,74.34831781869195,36.22167412459718,131.45935676258895,0.36551999374137406,0.27354454771855663,0.4672123052477834,0.5625,False,95.23768263799178,462.82273932042654
675,Jind,Haryana,all_injury,1284104.802810787,117.80040111452432,54.724968511999585,215.2630709392679,0.5453859334864205,0.4052549559718052,0.6732678685355274,0.242,False,160.5381024272683,1512.6806084419786
676,Fatehabad,Haryana,all_injury,906673.9392517436,102.84273984303756,45.942848854998424,189.32765740271398,0.5100242567076279,0.3948383267236142,0.6265167530118316,0.371,False,143.38480854771555,932.4483205692911
677,Bijnor,Uttar Pradesh,all_injury,3446192.849402218,42.37288809554471,13.170760753498882,103.7470283156919,0.5179381853218236,0.3004116708664625,0.7303757468049452,0.0555,False,90.57626756219302,1460.2514396338656
678,Muzaffarnagar,Uttar Pradesh,all_injury,3877397.2953668353,40.83099671967027,10.94137459777222,100.2320732146753,0.5628839366945699,0.3368343398953885,0.7755275041151161,0.0395,False,89.29069861690307,1583.1799624798161
679,Hisar,Haryana,all_injury,1678512.0232706757,104.5799231764168,42.57796048308458,203.64778103462703,0.6377515405145918,0.48131567887909094,0.7752741816687861,0.0335,False,161.06982055154245,1755.386584443392
680,Nainital,Uttarakhand,all_injury,954605.0,68.84640388861955,30.46712618791557,128.51214279832823,0.6255165834201494,0.5024652656300231,0.7386876623609234,0.011,False,98.04501661041266,657.2112138409566
681,Panipat,Haryana,all_injury,1160218.206910327,133.40423336846516,58.70915220018664,260.33896227695556,0.7408727828320959,0.6194036412076516,0.8393507621730235,0.0,False,201.62981007676893,1547.7802043300749
682,Champawat,Uttarakhand,all_injury,259648.0,78.45983936599805,37.815571939685995,138.1025550081526,0.42156434389086345,0.3543424796761274,0.49161676964536377,0.632,False,100.2869830684666,203.71940371702664
683,Udham Singh Nagar,Uttarakhand,all_injury,1648902.0,48.426217117696396,20.843646502383525,92.05056425132712,0.5990564411215304,0.442551674541977,0.748184489516373,0.0215,False,71.2069177489436,798.5008625780382
684,Sonipat,Haryana,all_injury,1395608.0328031918,125.5920028122846,58.299321504211285,234.2993704859955,0.6178495739932826,0.4748979219401569,0.7416381084467489,0.047,False,176.0000489817842,1752.7720798066546
685,Baghpat,Uttar Pradesh,all_injury,1219360.482347623,37.31032674025332,15.832497494883816,72.40632136913834,0.5084264876871756,0.37425709091193576,0.6394694886929937,0.0205,False,56.57382387425452,454.9473801054271
686,Meerut,Uttar Pradesh,all_injury,3222520.030033585,23.887047356978393,18.85109511092387,32.151996022938164,0.7454800276600083,0.5562110363084557,0.88324533005241,0.0,False,13.300900912014296,769.7648856622368
687,Moradabad,Uttar Pradesh,all_injury,4465526.625209318,41.31350812076437,10.406587101544252,104.87072131535842,0.5902367746294883,0.3491713948952985,0.803335361656512,0.033,False,94.46413421381418,1844.8657049407464
688,Bikaner,Rajasthan,all_injury,2359495.505549025,71.44379823138006,24.835211657165004,159.1055222765389,0.6648230475747419,0.49609208733458293,0.8100003714529157,0.0085,False,134.2703106193739,1685.7132082629262
689,Rampur,Uttar Pradesh,all_injury,2185802.3514995165,42.45880499206678,14.30657256881057,94.37419196174025,0.545446701517308,0.37288769186645526,0.7151139865231965,0.036,False,80.06761939292969,928.0655579351898
690,Bhiwani,Haryana,all_injury,1573133.1020978696,105.68829830170361,43.78229819203425,209.67797802197143,0.5243831966751988,0.3754475011891045,0.6684792760798383,0.3215,False,165.8956798299372,1662.61760562804
691,Rohtak,Haryana,all_injury,1021395.7278945865,126.92794207891629,60.05451707489506,234.53298771740762,0.7070075670835761,0.591801271080218,0.803302400760567,0.0005,False,174.47847064251255,1296.4365778985662
692,Shamli,Uttar Pradesh,all_injury,2664164.546666667,33.85931984015912,10.372166508344081,83.53265960088999,0.49149468632081356,0.3059821067558324,0.6754106596872225,0.0355,False,73.1604930925459,902.0679949239919
693,Ferozepur,Punjab,all_injury,1870387.6672663917,63.62729782432254,27.613568681227633,122.96718309682046,0.5915537406761384,0.4381031806537766,0.7404982100801895,0.051,False,95.35361441559283,1190.0771315209859
694,Pathankot,Punjab,all_injury,1261060.8181818181,67.5940870951998,26.815065224463417,134.73381963149342,0.6270375061370873,0.49432875216937777,0.749487893770938,0.0155,False,107.91875440703001,852.4025477652574
695,Udhampur,Jammu & Kashmir and Ladakh,all_injury,515813.09161629423,62.154080297809486,26.107460707044602,115.49888746158467,0.4722017634316625,0.3816148252153882,0.5686535477813998,0.256,False,89.39142675454008,320.59888314980515
696,Samba,Jammu & Kashmir and Ladakh,all_injury,296389.56600674434,62.70486258666442,24.26197686840877,119.70982645114518,0.46339695838042083,0.38921938397102757,0.5395411478348711,0.297,False,95.44784958273641,185.85067008574006
697,Kapurthala,Punjab,all_injury,751416.7417995647,61.83016647734531,31.218449118439153,112.09392311860957,0.6501799012051136,0.5425259579750064,0.7458873184162036,0.002,False,80.87547400017041,464.60222239331483
698,Panchkula,Haryana,all_injury,540237.5719438827,135.6629505071724,58.102277923418605,256.5970718572923,0.8047283597304259,0.7237046446909474,0.8731761150641044,0.0,False,198.4947939338737,732.9022298473795
699,Ambala,Haryana,all_injury,1086022.9226141786,129.27790395801708,53.63589036877627,245.99196091707068,0.7198636355028167,0.6063902600580379,0.8153664787630522,0.0,False,192.3560705482944,1403.9876708592078
700,Aurangabad,Bihar,all_injury,2567965.2705937233,209.26866912742193,156.55928472421314,295.3894636243997,0.5238281962761145,0.36210713938851496,0.6747566498682805,0.3845,False,138.83017890018655,5373.946745425884
701,Balrampur,Chhattisgarh,all_injury,946118.4444444445,77.36302750530596,18.584174274421837,196.0779508939027,0.5011956260916225,0.38380576409469225,0.6149369698424332,0.23,False,177.49377661948088,731.9458724083285
702,Balrampur,Uttar Pradesh,all_injury,2010668.210843695,55.7456765535414,14.602266911972908,140.04567722268604,0.3744508197207218,0.22649388421936667,0.547264507563575,0.2435,False,125.44341031071313,1120.8605973818042
703,Hamirpur,Uttar Pradesh,all_injury,1033362.9231227436,53.32370235476811,22.245932582468587,107.32193570122038,0.4673582440724762,0.346940257290426,0.5901589401270234,0.1455,False,85.0760031187518,551.0273693705029
704,Hamirpur,Himachal Pradesh,all_injury,454768.0,79.6155321902484,21.886670533635932,203.42994740242412,0.3769175403959465,0.2934398755704813,0.47461831645302155,0.4885,False,181.54327686878818,362.06596343094884
705,Pratapgarh,Rajasthan,all_injury,866217.4395932336,81.03198165765417,34.901986775436924,153.88908301394704,0.3989548919791387,0.29345322309104577,0.5168141003224681,0.6095,False,118.98709623851012,701.9131567665906
706,Pratapgarh,Uttar Pradesh,all_injury,3003035.7421073765,40.81880460174369,12.84060632420585,99.95681787161631,0.3475649905826375,0.17908625503103218,0.5505719996256827,0.1015,False,87.11621154741046,1225.8032916913335
707,Bilaspur,Himachal Pradesh,all_injury,381956.0,92.98497728182579,42.59618373913088,168.35166521890054,0.3754093155084141,0.29495896011783,0.45853146549860685,0.7905,False,125.75548147976966,355.1616998265705
708,Niwari,Madhya Pradesh,all_injury,1396669.403846154,147.1975866481779,51.90431444393939,336.3650393157518,0.5399791354663783,0.40193350102042835,0.6731229620830225,0.2695,False,284.46072487181243,2055.863655915032
709,Muzaffarabad,Jammu & Kashmir and Ladakh,all_injury,570059.1818181818,26.665510395033003,10.77599055610265,52.31270029984156,0.4802007811346708,0.3880402239124687,0.5757667013305494,0.004,False,41.53670974373891,152.00919038556734
710,Mirpur,Jammu & Kashmir and Ladakh,all_injury,570059.1818181818,45.65817765311798,15.20535222563572,99.51783964779476,0.48082001374311995,0.39058696134694665,0.5744619574927425,0.0855,False,84.31248742215904,260.27863396245624
0,Aizawl,Mizoram,road,320247.2,14.069289618745918,7.482173608913006,23.737916570650718,0.33629125011711986,0.22691206673779646,0.45794519337854317,0.0,False,16.255742961737713,45.05650606392448
1,Champhai,Mizoram,road,100596.0,16.262466747294734,9.461938059200756,25.028773041624188,0.3045750043224058,0.259225665540278,0.3551711715012481,0.001,False,15.566834982423432,16.359391049108613
2,Kolasib,Mizoram,road,67164.0,18.146410460804063,9.837764344302014,30.494340373076426,0.31910615742765824,0.25544476010364003,0.38416584197929793,0.005,False,20.65657602877441,12.18785512189444
3,Lawngtlai,Mizoram,road,94315.20000000001,20.930125672294515,11.62001201295,32.753533490270314,0.2868590470484063,0.24151142389256422,0.3335192761538137,0.0085,False,21.133521477320315,19.74028988807592
4,Lunglei,Mizoram,road,129142.40000000001,13.525826092755935,8.33267277013427,20.457528672701315,0.30867122132729924,0.25534749306351545,0.36521332929623823,0.0,False,12.124855902567045,17.467576436011242
5,Mamit,Mizoram,road,69091.2,22.192317234514537,12.724974442056348,34.82966372157,0.28744521375746335,0.24466766272360088,0.3319201999637479,0.009,False,22.10468927951365,15.332938285132908
6,Saiha,Mizoram,road,45259.200000000004,16.804179299312185,9.811989192001885,25.571068144573875,0.3088295230333855,0.26440440587460207,0.3551341642707536,0.001,False,15.75907895257199,7.605437117434302
7,Serchhip,Mizoram,road,51949.600000000006,15.274136274733687,9.619856373704513,22.937376890807748,0.31518325230206884,0.2618469614739399,0.37189784406929294,0.0005,False,13.317520517103235,7.934852698179053
8,Khawzawl,Mizoram,road,109720.6,16.862389014272882,9.968250079476364,26.46074997952891,0.30821728945578764,0.2590268248167787,0.36270278019866165,0.001,False,16.492499900052543,18.501514400794292
9,Hnahthial,Mizoram,road,109720.6,16.714949186075742,10.054537395269477,25.394516831906706,0.30826117446623674,0.2595142904814568,0.36216501657429123,0.0005,False,15.339979436637229,18.339742536657422
10,Thiruvallur,Tamil Nadu,road,3508803.7647058824,78.90264794317366,25.404995936510296,185.35540305982576,0.35500801692335276,0.1663365182411044,0.5648716566112897,0.797,False,159.95040712331547,2768.5390814827056
11,Chennai,Tamil Nadu,road,4373394.823529412,22.46428076107255,9.674979455350892,50.581676744516784,0.3078829061071114,0.11586255736746591,0.5985126880916686,0.08,False,40.90669728916589,982.4516919478606
12,Krishnagiri,Tamil Nadu,road,1769232.0,78.41413380477663,33.75800222697366,157.50345219988068,0.3018068097849961,0.17649941586327986,0.4617399344731395,0.94,False,123.74544997290702,1387.3279477969256
13,Tiruvannamalai,Tamil Nadu,road,2319882.3529411764,80.92444466246182,32.91899820350815,163.72335237806777,0.3002792282445123,0.16468399040907203,0.46452112989427935,0.9355,False,130.80435417455962,1877.3519109400995
14,Dharmapuri,Tamil Nadu,road,1418205.1764705882,88.70482028981438,41.90414127676139,164.2566418736127,0.2960917825293314,0.18076154694604407,0.4361853713965783,0.9835,False,122.3525005968513,1258.0163531290802
15,Salem,Tamil Nadu,road,3277229.176470588,79.24304005931333,28.959479641090336,176.3990899997125,0.33863089356181275,0.16492715559907467,0.5492174624393715,0.8435,False,147.43961035862216,2596.9760291460925
16,Erode,Tamil Nadu,road,2119288.470588235,81.5342836662079,32.090843250486486,166.07144867294755,0.32582248868709796,0.18197361921847274,0.4978617646975552,0.9245,False,133.98060542246105,1727.9466733146505
17,Nilgiris,Tamil Nadu,road,692135.5294117647,74.98044725518417,39.33625573370901,128.1800462540591,0.3222169615516728,0.2239985769084848,0.4352237235782555,0.9775,False,88.8437905203501,518.9663155649779
18,Namakkal,Tamil Nadu,road,1625036.2352941176,86.59171583843805,38.155195258206504,164.50542682134832,0.3133400063776032,0.18727056706325867,0.46012910139714885,0.97,False,126.35023156314182,1407.1467591375338
19,Perambalur,Tamil Nadu,road,531974.5882352941,90.73034824554273,51.78480120176795,147.88940078059878,0.28794676314126477,0.21064983303927967,0.3813550665714119,0.998,False,96.10459957883083,482.66239648367434
20,Coimbatore,Tamil Nadu,road,3254630.588235294,49.19001994775155,26.85058466241939,92.02263252156588,0.3196988375001387,0.15380856265801432,0.5385602384682967,0.7215,False,65.17204785914649,1600.953435578565
21,Tiruchirappalli,Tamil Nadu,road,2562155.294117647,57.92082794487029,35.14649970484168,91.26010370900481,0.2981472281451756,0.1776213128106867,0.46261850859595033,0.9475,False,56.11360400416313,1484.0215595862678
22,Ariyalur,Tamil Nadu,road,710488.4705882353,96.01553705270132,50.800501220631084,159.4725110116214,0.2838087405671986,0.19923034067364848,0.3824346398481161,0.997,False,108.67200979099033,682.179320732818
23,Tiruppur,Tamil Nadu,road,2333225.411764706,79.94275122033831,30.354611301037355,163.1754150057009,0.3343759454939463,0.18309563589475789,0.5143251001041139,0.8955,False,132.82080370466355,1865.2445863367732
24,Thanjavur,Tamil Nadu,road,2264367.058823529,101.74926132917811,41.847402989956954,205.68601557901866,0.3123815948556457,0.16697526288539258,0.48961099685296317,0.965,False,163.8386125890617,2303.976756134177
25,Karur,Tamil Nadu,road,1001875.7647058823,84.94969745834233,43.46887233922413,149.55974380542594,0.3106862228500933,0.21208524798179512,0.42822616722815215,0.9895,False,106.0908714662018,851.0904310261008
26,Thiruvarur,Tamil Nadu,road,1189907.7647058824,121.40001431459476,56.22310361673752,225.22333502783388,0.2936165157792343,0.19034037524306124,0.41248191876345597,0.9965,False,169.00023141109637,1444.5481966834157
27,Dindigul,Tamil Nadu,road,2032729.4117647058,79.95344874918649,33.4760917665147,159.80090840216005,0.31046132083328565,0.1845032594868981,0.4629168966600204,0.9365,False,126.32481663564535,1625.237268444934
28,Madurai,Tamil Nadu,road,2859531.294117647,58.14297908474818,34.43297458709845,95.26823664016825,0.3318610906485212,0.19135115927216031,0.5126939538307694,0.9305,False,60.835262053069805,1662.6166822606524
29,Theni,Tamil Nadu,road,1172610.8235294118,65.23422385453931,31.18504430776685,116.62932673544498,0.3214200455871653,0.2099656773161867,0.4469441719960905,0.915,False,85.44428242767813,764.9435695637334
30,Virudhunagar,Tamil Nadu,road,1828035.7647058824,64.88567994869747,26.588611706137304,130.93696862243144,0.3219830940167635,0.1977574967660698,0.4758731210324741,0.854,False,104.34835691629414,1186.1334356347832
31,Thoothukkudi,Tamil Nadu,road,1647224.4705882352,60.9049991449994,26.293373612842633,122.68316805502815,0.3194389582585829,0.19464283259631887,0.4673961530354759,0.8305,False,96.38979444218552,1003.2420497279855
32,Kanyakumari,Tamil Nadu,road,1760352.0,46.05279186951522,17.439805532397937,105.50265216552465,0.35306097518982354,0.1858449552070814,0.5420930360506313,0.5195,False,88.06284663312671,810.6912427308486
33,Viluppuram,Tamil Nadu,road,3255409.882352941,165.25673218572746,55.128896597667925,354.7690481099434,0.3078628994561613,0.15004899230123672,0.4979481277329796,0.9735,False,299.6401515122755,5379.783990827706
34,Cuddalore,Tamil Nadu,road,2452624.9411764704,113.14938076150615,44.66544761237427,237.18087636337137,0.3161451787906973,0.16030134241980673,0.4980154668333452,0.966,False,192.5154287509971,2775.129933343431
35,Pudukkottai,Tamil Nadu,road,1523148.2352941176,104.68299027082944,47.22214194913549,202.55112316073135,0.297277885511631,0.18085767037599063,0.42942584688261587,0.9945,False,155.32898121159587,1594.4771189632513
36,Sivaganga,Tamil Nadu,road,1260330.3529411764,66.34519081355221,30.69213325939888,124.85398428833503,0.3034381501641771,0.2006436831654209,0.4232629881683384,0.918,False,94.16185102893616,836.1685775399395
37,Ramanathapuram,Tamil Nadu,road,1273830.5882352942,83.65327815602248,38.763010869898345,161.27321751158536,0.29952123148101295,0.1886622170987114,0.41952174212031684,0.9745,False,122.510206641687,1065.601045212968
38,Nagapattinam,Tamil Nadu,road,1521364.705882353,129.7237932418433,58.183560727484036,251.3613027318035,0.2962123222783946,0.1856652134189291,0.4340738917919204,0.9955,False,193.17774200431947,1973.5720055132012
39,Kallakurichi,Tamil Nadu,road,2121971.470588235,81.63334843005228,34.68329027392251,167.99859784268398,0.32341368204314574,0.17444393363804409,0.5073726150419636,0.93,False,133.31530756876145,1732.2363641715983
40,Tenkasi,Tamil Nadu,road,2121971.470588235,80.47774735290098,35.91288036599037,154.7094300281287,0.32098910195224767,0.18714129947357622,0.48918000147875085,0.9465,False,118.79654966213835,1707.7148390006373
41,Tirunelveli,Tamil Nadu,road,2896219.294117647,54.778953874824964,18.33922468423792,126.62476796436397,0.33213284007439425,0.16988174434999306,0.5207509843849553,0.653,False,108.28554328012605,1586.518631238487
42,Vellore,Tamil Nadu,road,3704782.117647059,80.48046754535402,24.29192851587106,186.35856992387525,0.33692585343339054,0.16271436554309218,0.5607389314287623,0.8165,False,162.0666414080042,2981.6259698190206
43,Kancheepuram,Tamil Nadu,road,3763060.705882353,98.53879442968328,30.794557707872496,254.74424007639408,0.3543925955441588,0.1637379569490968,0.5842035174811143,0.8315,False,223.9496823685216,3708.0746532335997
44,Burhanpur,Madhya Pradesh,road,719703.4256611126,55.14388344455957,29.814167934958643,94.31231710964218,0.3022586480779368,0.2162716763276228,0.39966234861655037,0.861,False,64.49814917468353,396.87241819306644
45,Gondia,Maharashtra,road,1389365.547007887,62.18201496150906,25.983206857562983,123.80904755627316,0.28790014230388444,0.17895120810719065,0.41361426275394664,0.847,False,97.82584069871018,863.9354923104964
46,Bhandara,Maharashtra,road,1261016.1643773264,71.10357168217222,30.49088303928182,134.6509916693239,0.29097177959260423,0.18137942778921737,0.4240310158072085,0.9195,False,104.16010863004209,896.6275323618108
47,Jalgaon,Maharashtra,road,4443757.913192867,41.816867215026036,12.57860132151395,102.71262376786088,0.3156627998563445,0.13669340502113608,0.5430962326615456,0.4325,False,90.13402244634693,1858.2403459170732
48,Mahasamund,Chhattisgarh,road,688502.6666666666,81.29186044098472,34.91582465602326,152.4970081622331,0.28462671570039755,0.19838136775380294,0.3811455892397827,0.9655,False,117.58118350620984,559.6966269191248
49,Wardha,Maharashtra,road,1366533.8482470317,54.23810184576418,22.046034136532064,107.05185169903325,0.3012520555712177,0.19182714845136595,0.4307326097888035,0.7305,False,85.00581756250119,741.1820203690655
50,Buldhana,Maharashtra,road,2717004.7197281555,42.464096540102766,15.688255721516132,93.7245053855651,0.2961352225038139,0.14685970532519696,0.48319525832764154,0.4875,False,78.03624966404897,1153.7515071845125
51,Valsad,Gujarat,road,1375269.7712555276,70.72540795855201,28.180610906715632,144.56071976768573,0.3140645384817649,0.1964997874722341,0.4585608330566436,0.8815,False,116.3801088609701,972.665156251117
52,Akola,Maharashtra,road,1905606.9282891417,36.663786738167474,14.124123514067735,77.7969782925045,0.3093124968455251,0.18163235978591308,0.46811361610600516,0.3685,False,63.67285477843677,698.667660255675
53,Bhadrak,Odisha,road,1541338.0673229115,36.721091900037756,11.552438343191104,85.80403874019275,0.288493807225422,0.17730624486347235,0.43095267418594485,0.3655,False,74.25160039700165,565.9961681919121
54,Dhenkanal,Odisha,road,1220527.0144871362,47.006742567139675,21.204373808391708,89.54684137266334,0.2844178397817899,0.1842493573492603,0.41050261777017155,0.647,False,68.34246756427163,573.7299916623637
55,Jajpur,Odisha,road,1869648.4159307547,40.67765950458865,14.486883061824495,86.0937244263992,0.28638416993161525,0.16904668529934505,0.44295383381548636,0.449,False,71.6068413645747,760.5292165652477
56,Subarnapur,Odisha,road,624361.1395944573,29.030115817166614,14.261644516575515,52.82509360303889,0.2807365297534134,0.19709101561311484,0.3740336921463428,0.127,False,38.56344908646337,181.2527619416523
57,Nuapada,Odisha,road,624564.7635347823,54.10745508865741,25.945258738012836,101.1631351990537,0.2796788055354233,0.1944056378414305,0.3791586298778142,0.807,False,75.21787646104086,337.9360989291617
58,Balangir,Odisha,road,1687312.8981106346,42.550031314357234,17.558798224545683,83.43249480672654,0.28705346023207756,0.16926293982560162,0.4286129635234465,0.5215,False,65.87369658218086,717.9521665172637
59,Nashik,Maharashtra,road,6415932.170441787,51.40610916841133,27.867888406186523,99.66751472697823,0.36234645509300173,0.16617842103092004,0.5865980407859622,0.7355,False,71.7996263207917,3298.1810957085268
60,Boudh,Odisha,road,451412.7877469054,43.24520111334411,24.461673071072703,69.5714485962091,0.27640167621965167,0.20265966106678648,0.3667973446911944,0.6235,False,45.10977552513639,195.2143679125024
61,Gadchiroli,Maharashtra,road,1127183.9383366108,118.92595620699777,52.214562896518615,231.64672494713665,0.283235253835861,0.17390884030364132,0.4106249622724469,0.9955,False,179.43216205061805,1340.5142768785104
62,Washim,Maharashtra,road,1257681.7047138214,39.465813248217835,18.10593667514234,73.70485049639659,0.2912623313396869,0.1861160732570722,0.4271405245728248,0.4475,False,55.59891382125425,496.3543128393592
63,Cuttack,Odisha,road,2685451.872686498,32.57042707556636,11.112722433075604,73.15874722665815,0.3025828837656621,0.1585509980982737,0.4719668898978628,0.278,False,62.046024793582546,874.6631438427869
64,Chandrapur,Maharashtra,road,2315744.41634586,50.4894523061245,19.392279246057708,105.25454578715106,0.3061254132327759,0.17250202352404534,0.46974121087974685,0.651,False,85.86226654109335,1169.2066726226842
65,Yavatmal,Maharashtra,road,2912502.3879013276,52.858603761905734,19.858712800968917,111.29801678900544,0.29471949440775563,0.14724415016050518,0.47584239573322534,0.68,False,91.43930398803653,1539.5080967768054
66,Kandhamal,Odisha,road,750144.4567418178,48.112058901174564,23.110287019426675,87.61205661045986,0.28233263488409793,0.19718885840901118,0.3852919494534791,0.702,False,64.50176959103318,360.9099428715193
67,Jalna,Maharashtra,road,2058084.393809343,34.563390889711805,13.164889211598034,69.0757507315362,0.2939780599845893,0.1697443713680802,0.45544870140366034,0.327,False,55.910861519938166,711.3437538724788
68,Nayagarh,Odisha,road,985160.2506608804,25.99964790449996,10.733129253193868,53.57497803986828,0.2815775748456462,0.1821652644845811,0.401775497867285,0.096,False,42.84184878667441,256.13819646691815
69,Uttar Bastar Kanker,Chhattisgarh,road,499294.0,70.1083292299755,36.48750807536831,115.30450185911684,0.28491230601883066,0.2076723698291956,0.37277545674998536,0.9715,False,78.81699378374853,350.04668134551383
70,Khordha,Odisha,road,2303992.6059462004,27.419142117013568,10.73830465257732,56.77610902109517,0.32443471956529596,0.17936666903290635,0.5066257863551696,0.1545,False,46.037804368517854,631.7350069898731
71,Kalahandi,Odisha,road,1613508.9404837112,45.343539550628755,19.189088754802807,88.9261157732524,0.2845124560654222,0.16199093599534858,0.42911860380484,0.5875,False,69.7370270184496,731.6220645811625
72,Jagatsinghpur,Odisha,road,1163389.5228904276,31.113025693879376,12.124579131281012,63.102591016590814,0.28601338330762494,0.18213414383695029,0.41325294925009315,0.2175,False,50.978011885309805,361.9656811767994
73,Puri,Odisha,road,1738201.4881818937,31.669188878643435,11.529839587979458,67.96348361568936,0.28807230080265944,0.17053268994355178,0.43706649133653314,0.248,False,56.433644027709896,550.474312383715
74,Ahmednagar,Maharashtra,road,4772835.674350914,41.920155464864166,11.761267800931366,101.09466070936124,0.30570640906492397,0.125262671209297,0.5464628994567495,0.4305,False,89.33339290842987,2000.780134770401
75,Nabarangapur,Odisha,road,1249315.755999912,65.78428939630162,31.87476102067425,121.9854748827484,0.28257439265563716,0.17190972215488706,0.424245139816374,0.927,False,90.11071386207416,821.8534924005755
76,Hingoli,Maharashtra,road,1236864.9692909003,35.56077399462311,17.07870256361312,66.31633337266216,0.2866969050015355,0.18536604971352982,0.40985853365100294,0.3325,False,49.23763080904904,439.83875634820157
77,Rayagada,Odisha,road,990401.2648435155,53.76360796824802,26.111525324529836,96.49395598387669,0.2891844129697667,0.19659281037492085,0.39820143922532103,0.812,False,70.38243065934685,532.4754533430374
78,Nanded,Maharashtra,road,3531220.0980661986,37.31352583078634,11.604697531913853,87.46370443157211,0.30762358033196463,0.13704457920253751,0.5280943342917995,0.3635,False,75.85900689965825,1317.6227234338498
79,Narayanpur,Chhattisgarh,road,93213.33333333333,167.31722530578028,42.07007085992622,343.7171134521428,0.28660956479535055,0.24157256166559074,0.33810829321897146,0.9765,False,301.6470425922166,155.96196294836133
80,Parbhani,Maharashtra,road,1928908.224866502,35.78014424238623,14.616366365771997,73.36035201818376,0.3047774762564004,0.18470121052052976,0.4528515645189407,0.3385,False,58.743985652411766,690.1661451604862
81,Pune,Maharashtra,road,9906106.057571374,27.637973330904018,13.251068339760645,55.53934467354085,0.3221329980363134,0.1399486171926387,0.5854296514344267,0.1415,False,42.28827633378021,2737.8469503226434
82,Beed,Maharashtra,road,3210695.2285714285,44.07884088882824,15.565719674275197,96.98572092767508,0.3066278987207262,0.15219931477947943,0.4996582092318487,0.518,False,81.42000125339987,1415.2372412272002
83,Mumbai,Maharashtra,road,3241392.099821892,40.122019259466384,10.43712263211048,104.98025125081448,0.3716040827327729,0.16496968819495336,0.6226248660770886,0.3785,False,94.543128618704,1300.5119625653613
84,Koraput,Odisha,road,1411704.3135552355,62.60794555934494,26.459066665465684,124.15710627934557,0.2886407546989832,0.17864364393074417,0.42417421105108477,0.853,False,97.69803961387989,883.8390680895861
85,Srikakulam,Andhra Pradesh,road,4629404.761373135,39.3111883639033,11.004878274339024,97.5148249732886,0.3004510220188946,0.12465487791821891,0.5339421954440425,0.4,False,86.50994669894958,1819.8740258709013
86,Vizianagaram,Andhra Pradesh,road,4015191.0346790846,50.70930226652851,15.325951861684379,119.55230471022567,0.30292564895752394,0.1342182818567204,0.527487551991873,0.584,False,104.2263528485413,2036.0753583539706
87,Latur,Maharashtra,road,2578266.404642522,34.86341904019015,11.951675970034941,76.79535099437932,0.30368401253320376,0.15902142454047588,0.4855479121023872,0.3225,False,64.84367502434438,898.871820622967
88,Osmanabad,Maharashtra,road,1741373.7590403266,34.69915450118441,13.567956393911876,72.55868832185098,0.2924732383096568,0.1755258189310085,0.4411624940695905,0.305,False,58.9907319279391,604.2419710924856
89,Malkangiri,Odisha,road,627440.0563604763,77.02925662000338,20.422097405694778,170.00677759479353,0.27959126760576597,0.19593696792900944,0.37181086363485993,0.8645,False,149.58468018909875,483.31241115060516
90,Solapur,Maharashtra,road,4536037.56107649,40.06357291791498,11.623517450131478,103.78661798730876,0.31340371619644647,0.12647329541055652,0.5443190082068734,0.3955,False,92.16310053717729,1817.298715865892
91,Visakhapatnam,Andhra Pradesh,road,7348144.823228025,52.75767792249833,28.556967462656775,95.07717270104776,0.38639140443071496,0.19517589056657578,0.6403179745847373,0.7705,False,66.52020523839099,3876.710579117376
92,Bidar,Karnataka,road,2281052.309325669,60.29539835325855,25.36729204199765,122.96211484644839,0.30952315070414904,0.16901171765262654,0.4808546597753796,0.811,False,97.59482280445073,1375.3695765541156
93,Satara,Maharashtra,road,3155593.3220277983,64.06159051047172,16.734739584964544,169.59427053528856,0.2976263740714304,0.153283838894252,0.4864792848364099,0.6905,False,152.85953095032403,2021.5232721332393
94,Ratnagiri,Maharashtra,road,1696717.843187583,50.260638400089505,19.534128495311876,107.86245431966678,0.2869830610012006,0.16762340748032098,0.4298001290680739,0.662,False,88.3283258243549,852.7812198343088
95,Kalaburagi,Karnataka,road,2036509.9,65.92973834955585,28.146837646339993,128.31651079420192,0.3072265428980054,0.18232914839443237,0.4603973153031068,0.8785,False,100.16967314786193,1342.6656485328012
96,Sangli,Maharashtra,road,2964814.7442164607,34.19477194806372,12.418135383368092,78.04965318718858,0.303974959435497,0.15629000068271492,0.4933233269502225,0.2995,False,65.63151780382049,1013.8116404673874
97,Kolhapur,Maharashtra,road,4071949.902396068,37.66423738878118,10.827823324113988,94.40866108638367,0.31283732862164276,0.13797341333259855,0.5486359119559516,0.361,False,83.58083776226968,1533.6688775906987
98,Krishna,Andhra Pradesh,road,7736582.256692643,25.96050760490082,6.836965360385843,65.70226495637361,0.3265079488701426,0.12766521900844027,0.592499638524079,0.164,False,58.865299595987764,2008.456025108101
99,Belagavi,Karnataka,road,2036509.9,65.00947597999763,29.441962551566863,119.83489853457358,0.3060034816976129,0.17616156993133122,0.46710697771314585,0.8805,False,90.39293598300672,1323.9244142707737
100,Yadgir,Karnataka,road,1572578.8623989683,77.88792079074456,36.755120894811846,143.12823302443033,0.29714752326892185,0.18365555764258762,0.4314079654795344,0.963,False,106.37311212961848,1224.8489787173003
101,Bagalkote,Karnataka,road,2530748.0559225045,58.783967736356686,24.125271116312195,119.68909046589745,0.31685430624691974,0.1694705990675126,0.49531781579897816,0.7685,False,95.56381934958526,1487.674120681959
102,Sindhudurg,Maharashtra,road,892604.5959535928,35.8250823822812,16.033039672408574,72.03065134724463,0.2836936171075802,0.1927591918318588,0.3934726276941664,0.3315,False,55.99761167483605,319.7763318484029
103,Guntur,Andhra Pradesh,road,8370962.0737051815,27.680963499956313,6.915896605622257,69.7525661163187,0.32364270378657195,0.12682585893901863,0.5805953156109307,0.1835,False,62.836669510696446,2317.162956217517
104,East Godavari,Andhra Pradesh,road,8827345.958744805,30.425318002060973,7.8375802811030075,74.64366970489897,0.31188238543436164,0.10653672898781877,0.593950760955607,0.234,False,66.80608942379597,2685.748079090185
105,Raichur,Karnataka,road,2583057.0462367535,67.57975543678782,26.16911911682247,143.32989485667204,0.3141907991178807,0.15629844237932833,0.5090542125882278,0.847,False,117.16077573984957,1745.6236346395133
106,Prakasam,Andhra Pradesh,road,5818534.456081999,22.980232147199935,6.03836650305101,59.95821418702884,0.3048378475614969,0.11170543011085511,0.5644270301823295,0.1205,False,53.91984768397783,1337.1127255724602
107,Kurnool,Andhra Pradesh,road,6942038.298144226,24.70964716257315,5.820435005125611,64.34167161569205,0.3191285399405174,0.11857196882562025,0.5696156866996676,0.1435,False,58.52123661056644,1715.3531693621362
108,Koppal,Karnataka,road,1861375.1105371537,70.66388448201722,26.84247616084322,145.62456783695131,0.2972249512040874,0.17302670621004693,0.451136264512547,0.8825,False,118.7820916761081,1315.3199578869946
109,Gadag,Karnataka,road,1425667.7372974975,51.3944550143899,24.033035385872342,96.15234835743917,0.3099742234386416,0.1931550402208567,0.4487348999889608,0.7415,False,72.11931297156683,732.7141639000326
110,North Goa,Goa,road,818008.0,52.91176839915043,31.014769958458363,80.74013844640334,0.3390914470490978,0.23409371721586153,0.45351635786315586,0.8875,False,49.725368487944976,432.8224984465225
111,Ballari,Karnataka,road,2036509.9,64.52995752823387,28.59560028279916,123.36116939880273,0.30765376260494487,0.17704332323156272,0.4592222471261506,0.873,False,94.76556911600358,1314.158973528278
112,Dharwad,Karnataka,road,2473525.5559957875,53.09797390481346,18.686911844164086,117.40983743286326,0.33842195096691335,0.18165753383536037,0.5284675883864749,0.6495,False,98.72292558869917,1313.3919542515353
113,Uttara Kannada,Karnataka,road,1924650.7757536913,55.58360781432774,24.314664334579234,111.71429482155554,0.30661739604445554,0.18130213510613835,0.45766307794528877,0.7715,False,87.3996304869763,1069.7903389903483
114,South Goa,Goa,road,640537.0,68.62296276808765,41.249663249357326,104.10697387968541,0.3361090944264166,0.23426623452912684,0.44492531571634764,0.984,False,62.85731063032809,439.5554670258256
115,Haveri,Karnataka,road,2139590.3721808977,51.38018452819578,20.743708077576976,104.92510475176455,0.3079460030449415,0.17028287651572888,0.48023686727504644,0.6775,False,84.18139667418757,1099.325481374056
116,Anantapur,Andhra Pradesh,road,6989452.158905784,23.38723565734802,5.742214783593808,61.401719909989616,0.32146406923832105,0.12327257215798325,0.5925033754314895,0.1195,False,55.65950512639581,1634.6396475608942
117,S.P.S. Nellore,Andhra Pradesh,road,5075444.426835378,28.81254348176698,7.340957396049606,72.14810118949967,0.31350879380679636,0.12537184286448944,0.5690298683458308,0.1995,False,64.80714379345007,1462.3646323748621
118,Chitradurga,Karnataka,road,2222336.606014406,81.31550617401905,32.85664658993707,159.8949066863042,0.3033150643749734,0.17341898101403427,0.4702341995749007,0.935,False,127.03826009636714,1807.1042600711296
119,Davanagere,Karnataka,road,2605401.5291705285,56.49862464350344,21.78854243835344,124.73403641077724,0.3166297700449959,0.17044440984818765,0.5013447536262734,0.7155,False,102.9454939724238,1472.0160304221558
120,Shivamogga,Karnataka,road,2347279.5622189245,63.90222302028962,26.370363249093735,124.83959429046743,0.31525876639661105,0.16828298614394085,0.49666401566953167,0.832,False,98.46923104137369,1499.963820758815
121,Udupi,Karnataka,road,1576716.97760816,59.82402211335951,26.711478312842118,118.22380376085849,0.3032428641285206,0.1877234265666906,0.44895189107781275,0.834,False,91.51232544801637,943.2555133493995
122,Chikkamagaluru,Karnataka,road,1523952.6607013138,84.8184276040006,40.33876951467482,155.8713702822562,0.29483566102752046,0.1787380944168556,0.43149168349229816,0.9775,False,115.53260076758139,1292.5926842361848
123,Chikkaballapura,Karnataka,road,1680830.0813972198,71.29068122640597,26.393493187478764,150.64941183807156,0.2985129152914383,0.18347808053282208,0.43633988997439804,0.875,False,124.25591865059279,1198.2752152864318
124,Hassan,Karnataka,road,2378975.649847129,99.46277794825686,40.34056630702384,196.93248241538046,0.30675723200811855,0.16928563276466943,0.4763197736194183,0.9695,False,156.59191610835663,2366.1952680505506
125,Kolar,Karnataka,road,2057541.8593907517,63.44431615257105,24.91435110786375,127.73559676165738,0.3090305094031728,0.17471804920954867,0.46492187905526644,0.8355,False,102.82124565379362,1305.3933622433574
126,Bengaluru Rural,Karnataka,road,1327039.9797533727,63.576363267380366,31.972340681937965,112.46059572671362,0.3016960813854407,0.19619586737170863,0.42792769262071795,0.919,False,80.48825504477566,843.6837582313751
127,Dakshina Kannada,Karnataka,road,2798449.290864836,48.47720175324199,18.457959201239152,101.56396322418375,0.33709375999314045,0.1768438211514386,0.5340785045050453,0.599,False,83.1060040229446,1356.6099086947163
128,Bengaluru Urban,Karnataka,road,2036509.9,65.23786393709884,26.506524312034465,129.1650881295323,0.30712287217964207,0.177908866744133,0.45466301480068383,0.8695,False,102.65856381749785,1328.5755576275474
129,Kasaragod,Kerala,road,1307375.0,32.234661849774916,13.969324227835777,59.7259329214676,0.30770192042751043,0.19809942174308634,0.43391077556776436,0.257,False,45.756608693631826,421.4279103584948
130,Kodagu,Karnataka,road,742609.5494128813,98.94505220230043,49.430594550437156,177.72343063796444,0.28699193949055457,0.20051463088207405,0.3899920706819171,0.995,False,128.2928360875273,734.7754063258434
131,Chamarajanagara,Karnataka,road,1367039.081717172,63.060356041302164,29.17797544457422,115.32555672324752,0.2926958671567231,0.18026760224258626,0.41264212899677405,0.8925,False,86.1475812786733,862.0597121545962
132,Wayanad,Kerala,road,817420.0,53.16040566818011,25.80253875208621,94.36150975687555,0.2776595463190141,0.1859446481058215,0.391875825851829,0.7995,False,68.55897100478934,434.5437880128379
133,Kozhikode,Kerala,road,3086293.0,26.650806346506297,14.98626757321231,45.83357333470181,0.34420345107548855,0.18232295926434325,0.547934009633172,0.078,False,30.8473057614895,822.5219707157795
134,Malappuram,Kerala,road,4112920.0,21.59601352744223,11.797147552736773,38.98919463928316,0.3192918706831961,0.16457526351985796,0.523389218196434,0.024,False,27.19204708654639,888.2267595728771
135,Palakkad,Kerala,road,2809934.0,45.80260465503266,17.771308005339623,91.57079809239742,0.3035992734287665,0.15568990365724772,0.49082202189210156,0.5945,False,73.7994900870578,1287.0229610873453
136,Thrissur,Kerala,road,3121200.0,40.99778745328204,23.06401762483023,72.23616937506844,0.3315475372455701,0.1713092984291908,0.5391052956834185,0.4975,False,49.172151750238214,1279.6229419918388
137,Idukki,Kerala,road,1108974.0,47.17160494367158,23.501296402585375,82.3571812171421,0.27967322718697357,0.17811923599789,0.3958836037283109,0.6725,False,58.855884814556724,523.1208342080324
138,Ernakulam,Kerala,road,3282388.0,44.40274105459896,15.739849280429313,89.1838690420486,0.34532504961416194,0.1738736709981297,0.5474335581815589,0.5255,False,73.44401976161929,1457.4702440472297
139,Alappuzha,Kerala,road,2127789.0,53.58084557883034,23.039634550921324,102.85605438904012,0.3278428330392144,0.18323462122119388,0.5124255357307026,0.723,False,79.8164198381188,1140.0873383333383
140,Kottayam,Kerala,road,1974551.0,51.93929380979352,22.79547697949711,101.2229519698072,0.3029416801446914,0.17285342891227715,0.4620862591380222,0.7225,False,78.42747499031009,1025.5678453142161
141,Pathanamthitta,Kerala,road,1197412.0,44.458772480622265,21.353478938069156,80.9599125565197,0.28390578258110316,0.18223584104776036,0.4058701658124596,0.601,False,59.60643361845054,532.3546767356687
142,Kollam,Kerala,road,2635375.0,54.45403828945117,34.64406426361803,86.49661845225668,0.3633592315743071,0.22375831597477422,0.5333504441767319,0.924,False,51.852554188638656,1435.0681115706238
143,Thiruvananthapuram,Kerala,road,3301427.0,27.33268682838839,15.693171763675233,47.1869568904604,0.32077467681183874,0.1724539188259236,0.5130829933490537,0.087,False,31.49378512678517,902.3687027778578
144,West Godavari,Andhra Pradesh,road,6742523.306735915,28.769464703266333,6.937560073719217,75.24543751368299,0.30815295472373055,0.11276522131363803,0.5732207522486811,0.215,False,68.30787743996378,1939.7878628408953
145,Dakshin Bastar Dantewada,Chhattisgarh,road,355758.6666666666,131.16680615400625,51.092283353688366,231.1705750375363,0.2897354980968081,0.22600429713454284,0.35974825118885606,0.99,False,180.07829168384794,466.6372806827439
146,Bastar,Chhattisgarh,road,942132.6666666666,136.19417752329107,49.498560777335115,248.87564980828174,0.28816948751452676,0.1911818955644642,0.3934217729294605,0.989,False,199.37708903094662,1283.129836544916
147,Kondagaon,Chhattisgarh,road,946118.4444444445,115.34193477131497,40.86547911764749,220.4537749679016,0.2944566850412168,0.19826909288729214,0.3986602611955677,0.9795,False,179.58829585025413,1091.271319050491
148,Gariaband,Chhattisgarh,road,946118.4444444445,95.78730956204527,36.661916570883825,199.78678603219583,0.29299207399754024,0.1957190348236702,0.4041535361022051,0.971,False,163.12486946131202,906.2614032036073
149,Raipur,Chhattisgarh,road,2709248.0,51.34472407289189,29.71789034692294,88.52747707001375,0.29811812889240774,0.16467324180170295,0.46280556842131676,0.812,False,58.8095867230908,1391.055910050342
150,Durg,Chhattisgarh,road,2229248.0,45.79958320137428,28.29704403738814,73.52239306879024,0.2994272484366906,0.17594988783677892,0.44791619777896996,0.712,False,45.2253490314021,1020.9862925249722
151,Thane,Maharashtra,road,11619287.138751013,40.51676377406049,11.059114296017345,98.1227055568008,0.3780524388570726,0.1375069000136761,0.6679957788467782,0.3685,False,87.06359126078345,4707.75912223754
152,Adilabad,Telangana,road,2741239.0,14.168498656257388,3.7489780625191704,38.42606822489322,0.29589237322295164,0.1526708125441629,0.48876669154466496,0.021,False,34.67709016237405,388.39241087980344
153,Hyderabad,Telangana,road,3943323.0,12.027629434014107,6.471715068342947,24.318641931377098,0.4007826488755236,0.18037344783348244,0.6669918529531846,0.001,False,17.84692686303415,474.28827782624813
154,Jagtial,Telangana,road,3208589.6470588236,30.5499086917964,9.069092645480916,75.47407768857022,0.3068395164624538,0.14916922857946313,0.5113226216119187,0.225,False,66.4049850430893,980.2212074709031
155,Jangaon,Telangana,road,4229917.0,22.633004753683746,7.059953154484063,53.12527956032559,0.3101948958537765,0.13461423201511283,0.539047924726712,0.087,False,46.065326405841525,957.3573156868769
156,Mulugu,Telangana,road,3208589.6470588236,21.727382859851037,7.93209545153154,48.584607602014586,0.30395947736829704,0.15002030408844164,0.5035846434429381,0.065,False,40.65251215048305,697.1425570180137
157,Jogulamba Gadwal,Telangana,road,3208589.6470588236,15.929402086680016,4.95111554996944,37.7697565441449,0.3057332994316794,0.1496530557444245,0.49322261237848897,0.0215,False,32.81864099417545,511.10914619158723
158,Kamareddy,Telangana,road,3208589.6470588236,17.62703384814663,4.2930221165584905,47.47382585357666,0.3051862305353474,0.15033502494801998,0.5013786710835113,0.054,False,43.180803737018174,565.5791831351873
159,Karimnagar,Telangana,road,3776269.0,27.784157090430437,9.111476230332654,62.773921225983656,0.29720115556072224,0.1336534483425554,0.5091937371387102,0.179,False,53.662444995651,1049.2045111172265
160,Khammam,Telangana,road,2797370.0,13.62271817856472,4.090076695560258,33.97284329901784,0.298730845627676,0.1500625322696617,0.4897757107872616,0.009,False,29.882766603457583,381.0778315117159
161,Komaram Bheem,Telangana,road,3208589.6470588236,20.287990623232275,5.678665976009561,50.98895299692656,0.30483123575726995,0.14366677450114979,0.5069255154776823,0.068,False,45.310287020916995,650.9583667332957
162,Mahabubabad,Telangana,road,3208589.6470588236,30.23574309406159,9.557150241114448,70.15461288620628,0.30768861099634875,0.15739106896203392,0.5196938264236695,0.2185,False,60.59746264509183,970.1409226273634
163,Mahabubnagar,Telangana,road,4053028.0,21.6255031370774,6.575502050157216,53.77900346960396,0.2924639366048261,0.12591263648609297,0.5193584923850418,0.0775,False,47.20350141944674,876.4876972866253
164,Mancherial,Telangana,road,3208589.6470588236,23.2467286469842,7.56299091508609,58.27966212737537,0.3057493972997046,0.15279947073245734,0.5165720684275169,0.091,False,50.71667121228928,745.8921286469928
165,Medak,Telangana,road,3033288.0,29.309519917900413,4.337590674995346,91.25244668463111,0.2979219152439435,0.14258117060239514,0.4992500694268095,0.241,False,86.91485600963577,889.0421505272831
166,Medchal Malkajgiri,Telangana,road,613192.0,17.70102574534584,8.376425176586526,33.58561594509187,0.28027615151778,0.19878044779383225,0.37733864496288383,0.01,False,25.20919076850534,108.54127378840107
167,Nagarkurnool,Telangana,road,4053463.0,31.11782396006793,9.803565797748652,71.83449214409316,0.3017890367753782,0.139923190643642,0.5085607919682232,0.249,False,62.03092634634451,1261.3494806264885
168,Nalgonda,Telangana,road,3488809.0,27.235033606685484,9.157874070546763,61.59370264269432,0.29692677325995404,0.13482659783786566,0.5174376784934887,0.1685,False,52.43582857214756,950.1783036230677
169,Nirmal,Telangana,road,3208589.6470588236,26.03858774463491,7.8540411606427485,62.216866842226835,0.3064548338171976,0.1542632520503328,0.5068482078968282,0.1475,False,54.362825681584084,835.4714306146834
170,Nizamabad,Telangana,road,2551335.0,19.064802127650175,6.868632070917356,41.92358598104032,0.29592324443967244,0.1582683048273919,0.474448618568274,0.0415,False,35.05495391012296,486.4069693634836
171,Peddapalli,Telangana,road,3208589.6470588236,24.86636975684481,7.865407476936795,56.506595277928476,0.3071935734177374,0.15303152062594397,0.5095851427775321,0.125,False,48.64118780099168,797.859765617489
172,Rajanna Sircilla,Telangana,road,3208589.6470588236,29.20062742080187,9.807697940865129,65.43866351454857,0.30674542316994113,0.14913154095618772,0.5046125276841245,0.2045,False,55.63096557368344,936.9283083000687
173,Ranga Reddy,Telangana,road,5296741.0,22.345350157152957,5.847091415313298,58.502970337862145,0.3408150180480302,0.13127574972536038,0.6218760486552842,0.0975,False,52.655878922548844,1183.575323367485
174,Sangareddy,Telangana,road,5296741.0,15.97676956490776,3.7803886853867947,44.610653649924096,0.3442710011439859,0.1313660402469895,0.60852505400697,0.041,False,40.8302649645373,846.2481040199909
175,Siddipet,Telangana,road,3208589.6470588236,25.79920594965184,9.206539270794826,58.15938794520233,0.3048571978104047,0.14728977311083105,0.5075147634263503,0.1295,False,48.952848674407505,827.790651123913
176,Suryapet,Telangana,road,3208589.6470588236,22.413857708425354,7.69846398876098,50.6853108768125,0.3072007688119386,0.14964851247752825,0.4993415993858814,0.074,False,42.986846888051524,719.168717939032
177,Vikarabad,Telangana,road,3208589.6470588236,22.145389857279486,5.446235312329648,52.07653309646291,0.3079634907429114,0.15437445872291392,0.5131761739201511,0.1045,False,46.63029778413326,710.5546862614844
178,Wanaparthy,Telangana,road,3208589.6470588236,25.941572088910476,9.04110594254167,60.1607805457486,0.30488031348412503,0.15089728367466587,0.5082634505110233,0.1435,False,51.11967460320693,832.3585963290828
179,Warangal Rural,Telangana,road,3512576.0,29.95771590373525,10.057871223403318,66.95112613688121,0.30458792330867884,0.14559234916830932,0.510884277777689,0.222,False,56.8932549134779,1052.2875389827875
180,Warangal Urban,Telangana,road,3512576.0,20.858107763917957,6.551341670264231,52.30766503480639,0.3002665028185405,0.14583091068085596,0.50305552775501,0.0755,False,45.75632336454216,732.6568873695188
181,Yadadri Bhuvanagiri,Telangana,road,3208589.6470588236,34.80131694916801,10.705385682332174,82.1265654203265,0.3066863890424887,0.1532133940945715,0.5064135352378262,0.325,False,71.42117973799432,1116.6314526711326
182,South 24 Parganas,West Bengal,road,7704329.421039488,23.705057128197964,5.215707706973252,61.46888275206569,0.32468256781737304,0.11717712766882377,0.5917907803034717,0.1335,False,56.25317504509243,1826.3156906019742
183,Amreli,Gujarat,road,1220875.0625483869,33.56956266267407,15.0351768054204,64.19853732169014,0.29760049422657747,0.19128656966302635,0.4225607820805499,0.287,False,49.16336051626974,409.842419155142
184,Angul,Odisha,road,1303419.353209367,38.90817453046828,17.058583506297555,76.39850152974441,0.2903743860845031,0.1832683654359985,0.4187299240492832,0.4275,False,59.339918023446856,507.13667681060133
185,Dang,Gujarat,road,184068.5705916918,90.71825804749865,46.572904528759786,148.58453364131404,0.28185790761083424,0.22338799305915322,0.34352458229107974,0.991,False,102.01162911255426,166.98380085371318
186,Dhamtari,Chhattisgarh,road,533187.3333333333,70.70849989783777,34.92950140830265,120.43302700973376,0.28900500710024585,0.216823787273857,0.3736701500719084,0.961,False,85.50352560143111,377.00876504528384
187,Kendrapara,Odisha,road,1473829.0568360838,35.72761245732756,12.52472260336146,78.53265996451259,0.27913998867888457,0.16421633078488224,0.41363713422127146,0.341,False,66.00793736115114,526.5639337098819
188,Dadra and Nagar Haveli,Other Union Territories,road,343709.0,40.632116037518415,30.060883754722184,56.26712689949779,0.33218452617661187,0.2353294449682088,0.4399540933991669,0.538,True,26.206243144775605,139.65623971139416
189,Palghar,Maharashtra,road,3210695.2285714285,58.45275753396371,18.693582985608376,142.2045026163719,0.31056020739831774,0.15838326319714538,0.5128933122562024,0.696,False,123.51091963076354,1876.739897111399
190,Ganjam,Odisha,road,3611031.1444667703,32.5732463230966,10.480517835379942,77.76664050745121,0.3047233932183264,0.14509649770106847,0.4997070737003255,0.274,False,67.28612267207127,1176.2300694908952
191,Gajapati,Odisha,road,591243.0870690441,35.89836557595996,18.04569086461516,65.90096831374645,0.28376918373735616,0.20555006161106876,0.37731870272123064,0.338,False,47.855277449131286,212.2466048386367
192,Y.S.R. Kadapa,Andhra Pradesh,road,4936571.566389897,21.304395448170617,5.641724420471385,53.35964472273984,0.3157521033955757,0.12151733314260613,0.5841323665951559,0.0855,False,47.71792030226845,1051.706728085654
193,Tumakuru,Karnataka,road,3587678.926576223,67.29589918605964,23.822384715811296,145.03961655573409,0.3223111636439014,0.14971464318566857,0.5401027448807099,0.7965,False,121.21723183992279,2414.360793548242
194,Chittoor,Andhra Pradesh,road,7148581.878483924,24.32305050556478,6.249383071560846,61.60056126248429,0.31844450837687727,0.11429297173548068,0.5944318535555199,0.125,False,55.35117819092345,1738.7531807352964
195,Ramanagara,Karnataka,road,1449861.6497147332,57.365076213511244,26.901230139301532,107.60562787206727,0.2960212307882122,0.1859591792758796,0.426685495285122,0.834,False,80.70439773276574,831.7142403493282
196,Mandya,Karnataka,road,2418278.369963426,67.43292513253758,27.322654423050153,133.22753425407805,0.30448334521165066,0.16267553587452713,0.47645841411528495,0.8695,False,105.9048798310279,1630.7158427137872
197,Mysuru,Karnataka,road,2036509.9,65.71105522684744,28.97120293440752,130.70100480431572,0.30464255927560885,0.17743710489702616,0.45844424393734834,0.872,False,101.7298018699082,1338.2121450892155
198,Kannur,Kerala,road,2523003.0,24.332688701831636,14.140016696577492,41.76454479461216,0.31635086863834283,0.17296515136920626,0.4888983903094075,0.0375,False,27.624528098034673,613.9144659278733
199,Puducherry,Other Union Territories,road,99221.33333333333,40.632116037518415,30.060883754722184,56.26712689949779,0.33218452617661187,0.2353294449682088,0.4399540933991669,0.538,True,26.206243144775605,40.31572729397294
200,Balod,Chhattisgarh,road,946118.4444444445,54.75651836351923,22.551516271958384,107.74541922082346,0.2936608156117531,0.19386897651489468,0.4041956133470058,0.7595,False,85.19390294886509,518.0615197728647
201,Bhadradri Kothagudem,Telangana,road,1506337.0,17.22615270064873,6.936115775231477,35.09197928707774,0.2860074989940082,0.173140011637969,0.4236827336656068,0.0135,False,28.155863511846263,259.48391180637105
202,Vadodara,Gujarat,road,3358699.3067601733,37.8900497768186,21.310483754555758,63.96577863802878,0.311565170999834,0.1714370884822478,0.49902309034700937,0.398,False,42.65529488347302,1272.612839185091
203,Paschim Medinipur,West Bengal,road,4551470.281432921,26.436061480384414,7.46794277534545,61.75794170954232,0.2908901610544132,0.11855410941216879,0.5172768221029007,0.1675,False,54.28999893419687,1203.2294818610324
204,Seoni,Madhya Pradesh,road,1309717.2716068493,134.91049641938145,48.01370467491949,288.23064525774464,0.28883656288815157,0.1794472884182952,0.42065323962284507,0.9905,False,240.21694058282515,1766.9460728151787
205,Alirajpur,Madhya Pradesh,road,692307.3886992037,137.5675659897678,55.55334804879006,268.59450105804314,0.2821344441273444,0.19898959691259419,0.38441067451031463,0.994,False,213.04115300925307,952.3904238008151
206,Chhindwara,Madhya Pradesh,road,1985682.764713966,100.31344473037136,41.73964709808229,204.63555570388488,0.30295139512043123,0.17206512301977894,0.4578847947811393,0.9715,False,162.8959086058026,1991.9067827018541
207,Harda,Madhya Pradesh,road,541752.6423140379,54.345531083151904,31.555109152140172,84.88521042549381,0.29045734435478393,0.21614329183888853,0.37494099689214916,0.9085,False,53.330101273353634,294.41835062257223
208,Khargone,Madhya Pradesh,road,1778772.7900497653,61.736262390483624,27.23612687445624,120.35801958668158,0.29420974882761125,0.16596725954181296,0.4478892841215766,0.862,False,93.12189271222533,1098.1478369956494
209,Purba Medinipur,West Bengal,road,3922193.6712141456,18.882977248451812,4.9215690780529116,46.578145812251044,0.2894703842138653,0.1320905873170062,0.4909387341323779,0.0565,False,41.65657673419813,740.626938575584
210,Mayurbhanj,Odisha,road,2578286.3323944765,89.68064748379268,24.726463692087368,199.83532217830148,0.29101403575053597,0.14007471304045893,0.48055462162146484,0.8855,False,175.1088584862141,2312.223876877498
211,Bharuch,Gujarat,road,1250569.8879524607,52.30050605604592,23.68631135786999,97.0801489624943,0.3072255568031935,0.20018539553174616,0.42949537477154265,0.7465,False,73.39383760462431,654.0543799836634
212,Sundargarh,Odisha,road,2142079.853075556,69.94952578866834,20.178356237481164,158.42050630284226,0.3081776999199172,0.17126908382611006,0.46869135774250775,0.8095,False,138.2421500653611,1498.374699240955
213,Kabeerdham,Chhattisgarh,road,548350.6666666666,57.72012249392383,25.689945506287316,106.06527542094209,0.28150341751016517,0.20007891109696593,0.3691432211728508,0.8395,False,80.37532991465477,316.5086764962479
214,Khandwa,Madhya Pradesh,road,1244123.6681348912,53.218854709218924,26.3611817253223,95.24248290028348,0.2914738897576733,0.1859948827002297,0.42624337135745005,0.807,False,68.88130117496118,662.1083673477127
215,Porbandar,Gujarat,road,472041.2131198136,49.13746893417209,24.692211191725708,87.56929928357202,0.3116477151937022,0.23072711741495686,0.3959867403842491,0.735,False,62.87708809184632,231.94910445323748
216,Balaghat,Madhya Pradesh,road,1616048.9914727698,119.22121127320423,50.17860463215159,231.44732863104926,0.2900161911404069,0.17220333762467216,0.4358093860785425,0.9905,False,181.26872399889766,1926.673182402237
217,Narmada,Gujarat,road,475950.103221607,63.75876555778574,35.98599414238421,100.17713793094029,0.2845478052361924,0.21349941394068456,0.366656711097308,0.9605,False,64.19114378855608,303.45991048510365
218,Barwani,Madhya Pradesh,road,1316127.533999143,77.25426597895787,37.80846546301229,138.71191576317315,0.29073392281757154,0.18783813077586112,0.4164623417469151,0.9745,False,100.90345030016087,1016.7646657379971
219,Janjgir Champa,Chhattisgarh,road,1079804.6666666665,73.49185448036256,28.44466310581308,147.68267117389007,0.29057433103393465,0.19057126970400326,0.4093113418057468,0.9015,False,119.238008068077,793.5684742988306
220,Nandurbar,Maharashtra,road,1731623.5636600524,58.196950394430985,20.70097498817071,125.76122633235092,0.29241860227437055,0.16722374556040312,0.4424565046931196,0.753,False,105.0602513441802,1007.7521063615188
221,Kendujhar,Odisha,road,1843597.853635615,80.12879679784517,28.53504252331889,165.96785336808804,0.29057661088117753,0.17022621697905171,0.4387159072974254,0.911,False,137.43281084476916,1477.252777909117
222,Balasore,Odisha,road,1399140.5999999999,43.00464463435833,20.952124212749,76.84088565940083,0.2875303478459769,0.18241745551021327,0.41647502420364435,0.5675,False,55.88876144665183,601.6954429650289
223,Jharsuguda,Odisha,road,592970.3092362225,38.912704618054676,21.11397538685534,64.95902368014836,0.3071822968301127,0.22437701974572966,0.40105856115844696,0.452,False,43.84504829329302,230.74078490585666
224,Bametara,Chhattisgarh,road,946118.4444444445,77.74779408989282,40.8978172917001,134.09916229472603,0.29232005947737477,0.20098147858287763,0.4042836587177677,0.985,False,93.20134500302592,735.5862200331636
225,Rajnandgaon,Chhattisgarh,road,1024755.3333333333,88.09932938665537,35.951401223548146,177.10749970138326,0.29467893332831513,0.19870973568616918,0.41453308375595027,0.963,False,141.15609847783512,902.8025765206514
226,Amravati,Maharashtra,road,3034468.6020014985,45.77307802450635,15.963540390070161,99.53008377377415,0.30688797268034723,0.15546421783754547,0.4990459412086195,0.5375,False,83.56654338370399,1388.969680823293
227,Surat,Gujarat,road,4903304.325828913,27.89115367626772,12.712146016422448,55.84526787482447,0.28191597732743956,0.11894813565874966,0.5294151721247373,0.1495,False,43.13312185840202,1367.5881447320248
228,Dhule,Maharashtra,road,2154542.09653914,42.345039312531206,17.98748988982049,85.74694519226284,0.3018959238772976,0.1702195320614598,0.46542207591666795,0.4945,False,67.75945530244235,912.3416977845329
229,Tapi,Gujarat,road,650693.1327824938,69.7143269085387,32.32115110918716,122.30832869046186,0.283761525606148,0.19734492749605248,0.38730030733177895,0.942,False,89.9871775812747,453.62633775939946
230,Bargarh,Odisha,road,1515673.26495492,40.8893471151522,18.12416722545416,78.67741253228188,0.28394549020489923,0.16849515951915878,0.428410781048978,0.487,False,60.55324530682772,619.7489024389777
231,Nagpur,Maharashtra,road,4888828.436136438,38.59449450646836,20.566435757840182,71.86589687694322,0.354814143689904,0.17004223991685105,0.5985372891522188,0.4085,False,51.29946111910304,1886.8186222153402
232,Baloda Bazar,Chhattisgarh,road,946118.4444444445,81.87731900100734,34.695153587282924,163.65358095146806,0.29372765457129296,0.20348062485862659,0.39993749586868615,0.955,False,128.95842736418513,774.6564168851462
233,Mungeli,Chhattisgarh,road,946118.4444444445,57.306519191911924,22.430359653724587,115.80124986424745,0.2932245963648028,0.20048038474725027,0.40207831775029124,0.784,False,93.37089021052287,542.1875479437741
234,Botad,Gujarat,road,1888740.375,33.67745710526049,14.346067879701742,70.22161738599122,0.30681678835976667,0.17828640560168843,0.4533013939740123,0.289,False,55.87554950628948,636.079729620361
235,Chhota Udaipur,Gujarat,road,1888740.375,54.80621488598304,23.210447762746103,106.96899734318401,0.309428488751956,0.18290458605922308,0.4576535696595961,0.7745,False,83.75854958043791,1035.1471085608218
236,Jhargram,West Bengal,road,3968526.739130436,19.90446497092103,5.915271779639402,48.598801601600044,0.3060833117286919,0.13887245662145595,0.5237498139341308,0.057,False,42.68352982196064,789.9140146518522
237,Rajkot,Gujarat,road,3067574.0734115043,37.89620657430243,21.928924460650943,63.55413490429614,0.3597278657092157,0.19767633637797388,0.5673767892341921,0.398,False,41.6252104436452,1162.4942076797674
238,Bhavnagar,Gujarat,road,2322407.2273209994,42.37031901575795,16.3478098985583,89.68841178745653,0.3186984368254896,0.17449453066892887,0.4921619185468438,0.4925,False,73.34060188889823,984.0113510609264
239,Betul,Madhya Pradesh,road,1496071.6715330954,73.80483044832073,34.270072097480956,137.18017505205927,0.2950467909408508,0.18053074717118356,0.42674568526903106,0.9515,False,102.91010295457832,1104.1731605603588
240,Junagadh,Gujarat,road,2211717.4253728753,44.84418636477515,18.05853538766846,90.36904503153792,0.3110983453102166,0.18155264804169946,0.4811209816946189,0.5595,False,72.31050964386947,991.8266840964188
241,Deogarh,Odisha,road,319781.67753945914,42.76935674631454,23.60662132247637,70.16921803712627,0.27865920554420415,0.2108455107266714,0.35743429058533466,0.6015,False,46.5625967146499,136.76856647620048
242,Jamnagar,Gujarat,road,1741680.6472351283,34.77703524546852,14.254442449569778,69.09829040853788,0.3165228586412784,0.18673534704302974,0.47268182398474234,0.3135,False,54.8438479589681,605.7048925524648
243,Devbhumi Dwarka,Gujarat,road,1888740.375,56.65385191210451,19.176079386756076,129.2135336551892,0.3074551113703002,0.17804637534110848,0.4583358647968367,0.7065,False,110.03745426843312,1070.0441750566274
244,Aurangabad,Maharashtra,road,3888398.08829779,39.43752099489979,12.796189103442844,92.61526421319975,0.3224696397341149,0.1499148931090807,0.5470576121878149,0.3985,False,79.81907510975691,1533.487812437723
245,Vijayapura,Karnataka,road,2036509.9,65.20927101347219,29.099317091408043,125.52877190205625,0.30515617661054895,0.1757161073536094,0.4714650044956285,0.8785,False,96.42945481064821,1327.9932599071915
246,Bijapur,Chhattisgarh,road,170153.3333333333,35.28718780311722,13.739863229822577,70.6509406886872,0.28312281588588645,0.2265502010600263,0.3397366074595742,0.326,False,56.911077458864625,60.04232628659739
247,Raigad,Maharashtra,road,3210695.2285714285,44.03488671271758,15.304149624290725,99.40998214399613,0.3069495152522531,0.15060131504380975,0.5073099524039769,0.5045,False,84.1058325197054,1413.8260065920572
248,Raigarh,Chhattisgarh,road,995989.3333333333,49.240262605614234,15.712040078550979,110.22203958094727,0.2893869369527764,0.19351053645668057,0.3988013416487219,0.6115,False,94.50999950239628,490.4277632572398
249,Bilaspur,Chhattisgarh,road,1775752.6666666665,45.92658621700855,14.96931969218066,111.63497531302357,0.3089945456493349,0.18363007541595458,0.4627206415052011,0.532,False,96.66565562084291,815.542579457495
250,Karaikal,Other Union Territories,road,200222.0,40.632116037518415,30.060883754722184,56.26712689949779,0.33218452617661187,0.2353294449682088,0.4399540933991669,0.538,True,26.206243144775605,81.35443537264013
251,Mahe,Other Union Territories,road,41816.0,40.632116037518415,30.060883754722184,56.26712689949779,0.33218452617661187,0.2353294449682088,0.4399540933991669,0.538,True,26.206243144775605,16.9907256422487
252,Yanam,Other Union Territories,road,55626.0,40.632116037518415,30.060883754722184,56.26712689949779,0.33218452617661187,0.2353294449682088,0.4399540933991669,0.538,True,26.206243144775605,22.602020867029996
253,Sambalpur,Odisha,road,1065289.8525043305,56.19031788475051,26.37396302291343,103.30823207756261,0.29988943534767354,0.20402347120352107,0.41046445391742337,0.8055,False,76.93426905464918,598.5897545161732
254,Navsari,Gujarat,road,1072100.1896517866,61.21154207851561,27.53545727226892,116.87297206684045,0.3032478644442488,0.20173032286444792,0.4187481401927381,0.8505,False,89.33751479457152,656.2490587125491
255,Lakshadweep,Other Union Territories,road,64473.0,40.632116037518415,30.060883754722184,56.26712689949779,0.33218452617661187,0.2353294449682088,0.4399540933991669,0.538,True,26.206243144775605,26.19674417286925
256,Daman,Other Union Territories,road,191173.0,40.632116037518415,30.060883754722184,56.26712689949779,0.33218452617661187,0.2353294449682088,0.4399540933991669,0.538,True,26.206243144775605,77.67763519240509
257,Diu,Other Union Territories,road,52074.0,40.632116037518415,30.060883754722184,56.26712689949779,0.33218452617661187,0.2353294449682088,0.4399540933991669,0.538,True,26.206243144775605,21.15876810537734
258,Jayashankar Bhupalapally,Telangana,road,3208589.6470588236,30.48806292904683,9.536463068997511,70.36417849737289,0.3043965332447542,0.15668050373256287,0.49255964744136477,0.235,False,60.82771542837538,978.2368307301757
259,Narayanpet,Telangana,road,139820.0,20.676379055330003,12.858195424350672,31.12048378641089,0.2864469307573927,0.23720435628758005,0.33896018490780083,0.0035,False,18.262288362060218,28.909713195162407
260,Sukma,Chhattisgarh,road,946118.4444444445,267.309198158093,32.6557100450554,683.9373822591966,0.2933553385677898,0.1970334664791055,0.4028177235378757,0.9665,False,651.2816722141413,2529.0616274702675
261,Upper Subansiri,Arunachal Pradesh,road,53634.526519014165,52.922474353810614,7.709933350269255,147.1697700131032,0.2913020992871083,0.25453326697534595,0.3307278135516658,0.5695,False,139.45983666283394,28.384718541813022
262,Anjaw,Arunachal Pradesh,road,13604.66425591953,60.11618914755814,23.488710752346982,110.26594113969882,0.2775705855392529,0.2260161861765759,0.33353310808586883,0.835,False,86.77723038735184,8.178605696978817
263,Tinsukia,Assam,road,1074262.8532566435,54.53977357156798,23.486123302444344,97.01472259176387,0.2917798946968137,0.19453269078397045,0.3997595414030267,0.793,False,73.52859928931953,585.900527729639
264,Dhemaji,Assam,road,555065.2137979822,106.29737641842617,14.156040456475482,283.21332963876824,0.2791861309329756,0.19732585229820382,0.3755192056765113,0.8405,False,269.0572891822928,590.0197596785831
265,Changlang,Arunachal Pradesh,road,95269.28539698248,44.73731734069639,21.49108666316761,71.31755737194352,0.28487555390743596,0.2396662899263484,0.33736003499109807,0.675,False,49.826470708775915,42.62092253626178
266,Dibrugarh,Assam,road,1072973.3453175211,80.84413111813957,25.680948103679857,148.71662422840438,0.2896945690183053,0.1873326119630365,0.3997503109505779,0.9215,False,123.03567612472453,867.4359781511852
267,Tawang,Arunachal Pradesh,road,32121.713304582147,19.657906167549022,8.450980803710896,36.8986292276548,0.28651640584006005,0.2482207861315121,0.327884635585284,0.0195,False,28.447648423943903,6.314456260823868
268,Papum Pare,Arunachal Pradesh,road,113488.75049182591,23.198366571521497,10.847165178448606,42.247330031934865,0.32251377691266186,0.2530094540015493,0.3994843423764747,0.0445,False,31.40016485348626,26.32753635653318
269,Lakhimpur,Assam,road,843063.949280661,51.2843297631016,25.161854115224862,84.94735725511818,0.28194329384660793,0.1902557830457815,0.3861777074795207,0.7985,False,59.785503139893315,432.3596958629218
270,Tirap,Arunachal Pradesh,road,71969.68299979162,28.525556976947563,13.570262790091341,52.03727144313638,0.2930237110081622,0.25338331936190855,0.3339698551311365,0.1225,False,38.46700865304504,20.529752930234103
271,Sivasagar,Assam,road,931171.9657007714,56.578976229461055,28.186103991000778,98.3190106825064,0.2839780810012806,0.19076296479767363,0.4011219440669895,0.8505,False,70.13290669150562,526.8475651292448
272,Jorhat,Assam,road,883609.02355976,34.017373143626656,14.355386921840084,69.53568672828301,0.2916950539359516,0.19854345415303162,0.40109224362579615,0.284,False,55.180299806442925,300.58057867507955
273,Sonitpur,Assam,road,1556559.0468915435,35.83727231556643,12.246543195227513,71.11664202275064,0.282327196023462,0.17108938193409512,0.4237856298699938,0.3615,False,58.87009882752312,557.8283043871078
274,Golaghat,Assam,road,863086.9172864468,45.37891547139573,23.273914243732445,77.94472872814501,0.2816303187564469,0.18855516493015897,0.3835485395833876,0.6555,False,54.67081448441256,391.6594826400918
275,Udalguri,Assam,road,672799.5537730152,32.44835070318205,14.790442137322454,59.814754169903075,0.2761134845453658,0.1908475469803792,0.3720737725688299,0.2465,False,45.024312032580625,218.3123587377119
276,Chirang,Assam,road,390057.5451337608,31.656020043079888,16.71169942957547,52.98906448440532,0.27962814157621246,0.20595737420095497,0.3652601376880423,0.186,False,36.27736505482984,123.4766946670887
277,Baksa,Assam,road,768587.9894992922,31.0781576785586,13.907575315258988,58.48348365940489,0.27437448410126847,0.18125850218162912,0.38204273203310185,0.213,False,44.5759083441459,238.86298727505348
278,Nagaon,Assam,road,2284360.887227258,19.83327066478165,5.406411201705836,45.802152565670255,0.28782808943069754,0.1539059778748368,0.4477977066097215,0.05,False,40.39574136396442,453.0634777241896
279,Kokrajhar,Assam,road,717676.6951876233,37.22915659592416,18.80074769481903,64.43646118194391,0.2804652374875497,0.19458773550342792,0.38132664726660476,0.3805,False,45.63571348712488,267.18498070385357
280,Darrang,Assam,road,751134.3296582826,13.452232992612892,3.611021018527279,32.67736917902213,0.27918471225592784,0.18705785358858293,0.3907505324693014,0.01,False,29.06634816049485,101.04434011313316
281,Barpeta,Assam,road,1370099.758389359,15.005056452892555,3.511703667078006,39.365892052268464,0.28234326928669845,0.173829563796572,0.4184756117407405,0.023,False,35.854188385190454,205.58424220726783
282,Nalbari,Assam,road,624237.5261208266,17.58910489521124,6.114195115648187,38.02426451275708,0.2824699361490481,0.1970015488050738,0.377300177649321,0.021,False,31.91006939710889,109.79779326466385
283,Morigaon,Assam,road,774532.3460467657,27.976138764031393,6.306817369372791,65.30086500216593,0.28135820043401083,0.1926808958384036,0.38419430845331876,0.209,False,58.99404763279314,216.684243902351
284,Kamrup,Assam,road,1227655.242755293,21.065827392653418,7.412219265706969,42.46905413693356,0.2828264322769663,0.17504963008767832,0.40596013380704565,0.0425,False,35.05683487122659,258.61573441569027
285,Bongaigaon,Assam,road,597674.7951414732,19.74287321702663,5.5916012879223365,45.8239015517336,0.28742493742672137,0.21057525242556402,0.3826768796199382,0.048,False,40.23230026381126,117.9981770549047
286,Dhubri,Assam,road,1576903.1784179264,16.096403034864444,3.3179503823498226,45.71554528107776,0.2843548196627696,0.17144514483300013,0.41745843619618334,0.0405,False,42.39759489872794,253.824691067737
287,Kamrup Metropolitan,Assam,road,1014405.9009833577,21.75072616283716,8.250874415933708,44.78283762683833,0.3507202657157387,0.21299447849827663,0.5169351428556854,0.057,False,36.53196321090462,220.6406497025512
288,Kiphire,Nagaland,road,334888.7882692796,6.793589653970226,2.9426697687352803,12.901555530130862,0.28315557005222475,0.22502291053324192,0.3495006530686178,0.0,False,9.958885761395582,22.750970072168034
289,Goalpara,Assam,road,815595.97402033,17.95747547742501,6.6650129418347115,35.368803301239524,0.28596052258134863,0.1938917804359217,0.39607457540477037,0.014,False,28.703790359404813,146.4604470295664
290,Ribhoi,Meghalaya,road,169484.1690194807,18.34916500542483,11.445159389983383,26.51994455433363,0.27912102384792375,0.21937365464325498,0.3480185607977032,0.001,False,15.074785164350248,31.09892983145762
291,Dima Hasao,Assam,road,173203.40576036362,85.09191382558713,17.982904839960757,189.6352462515831,0.3019015789076431,0.2512676311979989,0.354726455715444,0.8425,False,171.65234141162236,147.38209277259062
292,Kamjong,Manipur,road,178487.12499999997,10.66104718246811,6.690469734282323,15.723259804116672,0.2901718106636451,0.23906055843495227,0.3446445179888409,0.0,False,9.032790069834348,19.028596610880832
293,West Khasi Hills,Meghalaya,road,251083.94736663223,30.02457470828878,14.205205721799915,49.6084076968154,0.2830872507546622,0.22484562741839775,0.3508218394449051,0.157,False,35.403201975015484,75.38688735761498
294,Peren,Nagaland,road,430892.5940518422,10.722650304664727,5.184856953651425,18.27372303356062,0.2761958763276305,0.20853054938435275,0.3508545712161118,0.0,False,13.088866079909195,46.20310604887761
295,Senapati,Manipur,road,269520.74999999994,10.9571527280095,6.564406696505636,16.740545797792684,0.27203683232875026,0.20517732275563394,0.35444530998425816,0.0,False,10.176139101287049,29.53180021117666
296,East Jaintia Hills,Meghalaya,road,258720.68768217156,40.061204421783785,18.843989602868735,66.56558097619985,0.27789063652294116,0.21376341868743054,0.3568506510990624,0.517,False,47.72159137333112,103.64662357379953
297,East Khasi Hills,Meghalaya,road,540800.1230293136,12.26724080121578,6.807382676728704,19.988742229349434,0.3117570677312267,0.23100278933422758,0.4064085655742733,0.0,False,13.18135955262073,66.3412533452771
298,Tamenglong,Manipur,road,79116.18749999999,5.864753920602232,1.5946522884994365,15.257126747995185,0.2826168096258473,0.23381809207246254,0.3326959652435637,0.0005,False,13.66247445949575,4.639969708237262
299,South Garo Hills,Meghalaya,road,93197.95902186201,12.449054634021758,3.5688034199046395,26.177532306106013,0.27905839987011655,0.22530862872683033,0.33752221385443676,0.002,False,22.608728886201373,11.602264836424812
300,Cachar,Assam,road,1404881.6867724047,30.721952314596972,6.539701521735798,83.1264752072205,0.2917429196069294,0.18045623708123315,0.41611353996404177,0.27,False,76.5867736854847,431.60708188672373
301,Imphal West,Manipur,road,291370.49999999994,10.37447418088943,5.883529620422546,16.8085254104845,0.31983037718915747,0.23252415802170026,0.41874322939344916,0.0,False,10.924995790061953,30.22815729322843
302,Karimganj,Assam,road,993977.6359402441,33.708385135536666,4.038161783635313,112.575103470947,0.2824101460017415,0.1875906743699677,0.39287746388249084,0.319,False,108.53694168731168,335.05380968384
303,Hailakandi,Assam,road,533354.7216008477,37.23833423002495,5.432995773966835,117.02004438027062,0.2796809056134004,0.20290856899467316,0.37220439156169705,0.3615,False,111.58704860630378,198.6124138613427
304,Kakching,Manipur,road,178487.12499999997,10.575926286112963,6.845908196128158,15.318334206815383,0.29127998464450783,0.24157201921303081,0.3440243687662638,0.0,False,8.472426010687226,18.8766667702023
305,Bishnupur,Manipur,road,133536.93749999997,16.530298681985897,9.675325270955467,25.44670401937923,0.3023232740056161,0.2548599572621007,0.3528045780336762,0.0005,False,15.771378748423762,22.074054619526827
306,Chandel,Manipur,road,81102.37499999999,13.300505924211594,7.969923483507323,20.308494813509746,0.2804787571232637,0.22980058657020613,0.3375435467120342,0.0,False,12.338571330002424,10.7870261915513
307,Churachandpur,Manipur,road,154205.43749999997,18.201916648189798,8.406726790323322,33.17218508857044,0.2771692984305839,0.2203161140330065,0.3421555339646737,0.008,False,24.765458298247115,28.068345200726405
308,North Tripura,Tripura,road,346973.5,25.54184782165532,14.62319601303198,40.13797957930173,0.2886404997154854,0.22012852049295584,0.35856985406676595,0.035,False,25.51478356626975,88.62344335147122
309,Dhalai,Tripura,road,189115.0,36.08987602028371,21.798137949545815,53.79855566472834,0.2824352295562304,0.22610441018206265,0.34162141944791014,0.327,False,32.00041771518252,68.25136903575954
310,Sipahijala,Tripura,road,459239.625,19.936586428944015,11.588423820749576,32.97732256979242,0.2892802297533881,0.2226772022957853,0.3620635580146178,0.0045,False,21.388898749042845,91.55670475408338
311,Gomati,Tripura,road,459239.625,23.68236363306086,13.534263852355824,37.76624773414098,0.29003666244472925,0.21730423223324563,0.37118063423075065,0.024,False,24.23198388178516,108.75879793960506
312,West Garo Hills,Meghalaya,road,421216.35208125,17.342756009743404,6.277954083690465,33.16389112676402,0.2805434247095166,0.20909128550779993,0.36380446570686975,0.0075,False,26.885937043073557,73.05052421459293
313,East Garo Hills,Meghalaya,road,208166.81564737382,13.458627153840405,3.3246874228610617,31.957893878683972,0.2843664961198871,0.2271524791326711,0.3472272183463654,0.012,False,28.63320645582291,28.016395576002353
314,Kohima,Nagaland,road,1212720.6176788781,10.614689573687464,6.526953604859946,15.324989736992105,0.24014453760660864,0.15518593392432695,0.34937206708656704,0.0,False,8.79803613213216,128.7265289627181
315,East Siang,Arunachal Pradesh,road,63767.806466991075,38.69031682915916,17.179008726832848,68.93704671635487,0.29860975253746924,0.26123097174813353,0.33935675162894646,0.4465,False,51.75803798952202,24.67196635708389
316,Lohit,Arunachal Pradesh,road,93662.46059234324,29.55430240263672,17.954921912266418,43.64338435646059,0.29159502504159845,0.25104652168001235,0.3362038496448111,0.0615,False,25.68846244419417,27.681286841211566
317,Kurung Kumey,Arunachal Pradesh,road,59180.000284785114,29.965233969132004,15.269670515231656,50.426717661049864,0.2765213449744266,0.2204929689665261,0.33834671568778935,0.14,False,35.15704714581821,17.733425548268844
318,Lower Subansiri,Arunachal Pradesh,road,53365.86541167848,31.58411202413867,14.534667588292155,57.5472279530307,0.29014928893143643,0.25257984796633554,0.3288087393639098,0.2145,False,43.01256036473855,16.855134714275604
319,East Kameng,Arunachal Pradesh,road,50576.417550824764,33.17031637253988,19.013461449394224,52.03267608422196,0.293051854603155,0.2551158393976242,0.3332676618615021,0.224,False,33.01921463482773,16.77635771150536
320,West Kameng,Arunachal Pradesh,road,53955.24875002016,25.31793084624327,13.796195247267669,40.35938142170421,0.2928924148654342,0.25707449171256314,0.33177624441500236,0.03,False,26.563186174436538,13.66035256644864
321,West Jaintia Hills,Meghalaya,road,258720.68768217156,30.240115651925528,15.35004023836195,48.48670461281243,0.27874100062418644,0.21211325440062456,0.3514276956295705,0.1495,False,33.13666437445048,78.23743517054572
322,South West Khasi Hills,Meghalaya,road,251083.94736663223,28.95371604148156,11.171316500895871,52.408247121531794,0.28248795389750136,0.22033203157930698,0.35073904941913936,0.1715,False,41.236930620635924,72.69813314627771
323,North Garo Hills,Meghalaya,road,93197.95902186201,14.957375347998738,3.04194086637505,39.71097945824233,0.2793969893818132,0.22651502476786334,0.339908499308718,0.0285,False,36.66903859186728,13.939968547573955
324,South West Garo Hills,Meghalaya,road,421216.35208125,11.405454606099005,3.396208017050289,24.908585673604577,0.2807877324080699,0.2114042724709122,0.36297410027879373,0.002,False,21.51237765655429,48.041639830093125
325,Khowai,Tripura,road,459239.625,31.144233204059184,18.37280574342595,47.40956367006301,0.2887600585914587,0.21997513846366215,0.36839870998977897,0.1535,False,29.03675792663706,143.0266597754469
326,West Tripura,Tripura,road,862869.5,23.204796589799894,12.614649360850441,37.460648776745465,0.29886436492654184,0.2081462877254775,0.4050784663797781,0.0205,False,24.845999415895022,200.2271123104234
327,South Tripura,Tripura,road,438000.5,23.456730966746488,12.896468696773269,38.85781455101916,0.2835501888286237,0.21293914343747167,0.36132864113032587,0.024,False,25.96134585424589,102.74059891800445
328,Unokoti,Tripura,road,459239.625,25.767352792036085,14.385997157856588,40.91048360180613,0.28932273638948536,0.22430328092514898,0.3690586572996726,0.04,False,26.52448644394954,118.33389433457354
329,Charaideo,Assam,road,945623.5151515151,73.62405719105524,26.44318888412223,135.20342273701297,0.2867588772255278,0.1948739550557894,0.3972978481505075,0.907,False,108.76023385289074,696.2063976072185
330,Majuli,Assam,road,945623.5151515151,62.85926591217756,7.541671366518271,175.45686895547908,0.2862465523673214,0.19398398141221496,0.39476019691515934,0.6435,False,167.9151975889608,594.4119999171716
331,Biswanath,Assam,road,945623.5151515151,53.91003086019529,26.39817289886682,90.88875976743186,0.2851784289565682,0.1874592896898577,0.39443745432382665,0.8355,False,64.49058686856505,509.7859288394453
332,Hojai,Assam,road,945623.5151515151,21.343531246023794,6.325473718962551,48.289148217423936,0.2871101989529015,0.19042576155776045,0.39131299125752217,0.0605,False,41.96367449846139,201.82945042611217
333,South Salmara Mankachar,Assam,road,1404881.6867724047,15.448597461132854,2.6265899592426156,44.55589757304856,0.2917982315882886,0.1793997363530516,0.41795719200681436,0.0395,False,41.929307613805946,217.03451659464213
334,Karbi Anglong,Assam,road,773634.3825508899,60.25321571869242,16.910614512079416,121.91587379947,0.284759506852227,0.19239488415548708,0.3904707234178034,0.77,False,105.00525928739059,466.1395933923618
335,West Karbi Anglong,Assam,road,773634.3825508899,74.93564282256138,16.663223168659318,163.88707116678486,0.28399794650214255,0.1965345148052614,0.3824544415864965,0.813,False,147.22384799812554,579.7278976608629
336,Kra Daadi,Arunachal Pradesh,road,55349.079999999994,19.719261087678028,5.877062399653236,49.04208753608916,0.2914333315412935,0.2551372273635212,0.3325649326740587,0.057,False,43.16502513643593,10.914429594827782
337,Namsai,Arunachal Pradesh,road,55349.079999999994,47.62116118671777,24.601639157783826,76.54860844128957,0.29194090300232645,0.25364669015522245,0.3327791884853467,0.7375,False,51.94696928350575,26.357874602165367
338,Longding,Arunachal Pradesh,road,55349.079999999994,34.10950013032902,19.251063652116986,53.64645596888414,0.2921799715573997,0.25531100050067784,0.33460813897118624,0.2345,False,34.39539231676716,18.87929451473591
339,Imphal East,Manipur,road,256563.56249999994,9.691265397838466,5.747296965969466,15.122742580496928,0.30267355132704915,0.24108998928972167,0.3680997930539326,0.0,False,9.375445614527461,24.86425575602416
340,Jiribam,Manipur,road,178487.12499999997,10.585186661873223,6.723880874691002,15.216992928056495,0.2910450946229333,0.24366984323962135,0.3439549767899945,0.0,False,8.493112053365493,18.893195348660985
341,Kangpokpi,Manipur,road,178487.12499999997,10.572982749787334,7.149047676784242,14.942436544701815,0.29080856463713994,0.23872955143888486,0.3470630143110634,0.0,False,7.793388867917573,18.871412936841352
342,Thoubal,Manipur,road,237469.49999999994,10.746175054355616,6.521464414886013,16.37698909906082,0.29885251190594997,0.24327608916501708,0.3602065129182433,0.0,False,9.855524684174807,25.518888170703004
343,Tengnoupal,Manipur,road,178487.12499999997,10.61948841924069,6.93579940702551,15.492931404926185,0.29157618900320054,0.24160217178008514,0.34321101868919257,0.0,False,8.557131997900676,18.954419569210653
344,Ukhrul,Manipur,road,103498.87499999999,8.206951592686867,3.5141470294308617,16.09393916616218,0.28254733251253034,0.23228869698206817,0.33495356953918476,0.0,False,12.579792136731317,8.494102570225488
345,Noney,Manipur,road,178487.12499999997,10.577273010165005,6.998457602667426,14.928747972448905,0.29049655649734063,0.2399098327862513,0.34263217533038226,0.0,False,7.930290369781479,18.879070499244474
346,Pherzawl,Manipur,road,178487.12499999997,10.57620151648956,6.795212551240377,15.273660057999152,0.2913374524817044,0.2433015893693333,0.346311712237732,0.0,False,8.478447506758775,18.877158020988613
347,Upper Siang,Arunachal Pradesh,road,22701.220839943202,48.943261336116926,28.6448019000493,74.31685449409137,0.28775818084990284,0.24888969451501533,0.3258887398834891,0.8225,False,45.67205259404207,11.11071784218244
348,Lower Siang,Arunachal Pradesh,road,34758.83417395607,30.670939019249417,17.84115755546347,46.29240495076504,0.29160237091186836,0.25678971988345345,0.327795340207017,0.1095,False,28.451247395301568,10.660860833296093
349,Upper Dibang Valley,Arunachal Pradesh,road,5144.410294532995,50.10935130304089,24.769908824122027,84.00667176731609,0.301232404035428,0.2656208726348298,0.33704871161740435,0.771,False,59.236762943194066,2.5778306269573394
350,Lower Dibang Valley,Arunachal Pradesh,road,34758.83417395607,30.925128662674325,17.320419951606333,48.19227750165134,0.2917476537417678,0.2574108324834092,0.3304379731221082,0.1245,False,30.871857550045007,10.749214189941528
351,Siang,Arunachal Pradesh,road,72161.85924642648,42.95570298878248,24.88453895702631,66.10081063410274,0.29417391864798026,0.2564416042141335,0.33613214705392913,0.6545,False,41.216271677076435,30.997633929078223
352,Shi Yomi,Arunachal Pradesh,road,55349.079999999994,32.73232033985789,21.56044107094866,45.87843825275167,0.29220158913209165,0.2546377359550836,0.3309856865342228,0.1225,False,24.317997181803012,18.117038170764214
353,Pakke Kessang,Arunachal Pradesh,road,55349.079999999994,32.68509417147628,21.40598748700046,47.34746231833607,0.29186515309476363,0.2537291349192276,0.32992343833936016,0.12,False,25.94147483133561,18.090898921045742
354,West Siang,Arunachal Pradesh,road,72161.85924642648,27.48136429626072,15.876347300161077,41.162526109297296,0.29413828512007534,0.25565009992526144,0.3344293444636863,0.0425,False,25.286178809136217,19.831063422465363
355,Lepa Rada,Arunachal Pradesh,road,55349.079999999994,32.69054626671136,20.133873192834717,48.22181873304914,0.292000794190215,0.254436299957089,0.3307610201969392,0.1405,False,28.087945540214424,18.093916605599084
356,Kamle,Arunachal Pradesh,road,55349.079999999994,32.66106175915139,22.421583570152663,44.330547704152345,0.2921561570214118,0.2551470960016152,0.332239304725102,0.112,False,21.90896413399968,18.077597201922107
357,North and Middle Andaman,Other Union Territories,road,105597.0,40.632116037518415,30.060883754722184,56.26712689949779,0.33218452617661187,0.2353294449682088,0.4399540933991669,0.538,True,26.206243144775605,42.906295572138326
358,South Andaman,Other Union Territories,road,238142.0,40.632116037518415,30.060883754722184,56.26712689949779,0.33218452617661187,0.2353294449682088,0.4399540933991669,0.538,True,26.206243144775605,96.76213377406711
359,Nicobars,Other Union Territories,road,36842.0,40.632116037518415,30.060883754722184,56.26712689949779,0.33218452617661187,0.2353294449682088,0.4399540933991669,0.538,True,26.206243144775605,14.969684190542536
360,Amroha,Uttar Pradesh,road,2664164.546666667,36.10271093943133,13.263025370924638,75.45412987305372,0.29107503656813855,0.15003948103944667,0.46968320474456793,0.347,False,62.19110450212908,961.8356252338779
361,Churu,Rajasthan,road,2035714.9872674257,46.36267393330128,19.84737908736904,92.66072095186514,0.2997028842419874,0.1698442578406879,0.4560806428421812,0.6175,False,72.81334186449611,943.8119017581423
362,Hapur,Uttar Pradesh,road,2463647.2185003962,34.776215235764425,12.746374420591675,76.1139611627817,0.28100788918317754,0.1512894111832348,0.451967242428407,0.318,False,63.36758674219003,856.7632593556212
363,Delhi,Delhi,road,16787941.0,23.615508496833794,14.16742689463113,39.55577438941127,0.39927992385519384,0.22441427072236786,0.6201703817560947,0.037,False,25.388347494780138,3964.557633298444
364,Jhajjar,Haryana,road,922452.9615350218,63.5822397409917,34.240177814489186,105.75151353865712,0.297319557383748,0.20640333768395355,0.4014692589758299,0.9505,False,71.51133572416794,586.5162535010755
365,Bareilly,Uttar Pradesh,road,4162665.669948758,36.39916173374205,10.810591743486683,85.0700180692376,0.29573253120135407,0.1334177407962276,0.513176138594463,0.357,False,74.25942632575092,1515.1754096396053
366,Pilibhit,Uttar Pradesh,road,1900566.7290624739,34.189265223249734,14.552632962579311,66.69930387520813,0.28782024547329593,0.16843744345746461,0.43354634358906374,0.3075,False,52.14667091262882,649.7897997440114
367,Bulandshahr,Uttar Pradesh,road,3274438.730098058,37.06783450084845,12.319021159895026,85.38648143326952,0.29096189646323867,0.1404587343050368,0.48985903602497555,0.3605,False,73.0674602733745,1213.7635293044318
368,Gautam Buddha Nagar,Uttar Pradesh,road,1542265.750275011,34.56705898108694,15.08690236262259,70.55019167353025,0.3286462181057309,0.19570251170626307,0.491099796202562,0.308,False,55.46328931090766,533.115911542666
369,Lakhimpur Kheri,Uttar Pradesh,road,3762980.952441508,110.39988993659388,23.294053939791787,270.23913490695224,0.27665327784783983,0.11904809045773435,0.4853736548971926,0.8925,False,246.94508096716046,4154.326829830417
370,Jhunjhunu,Rajasthan,road,2133029.802679181,54.83597673430911,23.605904564993544,107.61291151686618,0.2969726156195093,0.1717379653844775,0.4576326428313329,0.7525,False,84.00700695187263,1169.6677263330353
371,Gurugram,Haryana,road,1152339.1818181819,69.76245155129189,38.08182739239341,116.2643573880011,0.305707826379626,0.2041588487492222,0.42335232626122415,0.9755,False,78.1825299956077,803.9000634224625
372,Faridabad,Haryana,road,1741845.6346092306,63.01929916913171,40.63870351391768,100.25621268164022,0.3637876279955709,0.2169744960942126,0.5339468586040899,0.9405,False,59.61750916772254,1097.698911538852
373,Mahendragarh,Haryana,road,887498.2981056079,63.62549447307048,34.03618830901913,109.14726890572967,0.2888606151059643,0.19548871218196498,0.39977708931614714,0.943,False,75.11108059671054,564.6751806097782
374,Rewari,Haryana,road,866558.4171250664,79.88197611039108,43.217221612163755,130.6064145333549,0.2953246673082806,0.20286391285374655,0.40046870300997334,0.9875,False,87.38919292119114,692.2239877504286
375,Budaun,Uttar Pradesh,road,3445428.3207631516,33.14691126122215,11.745943532443944,72.06270522299515,0.28408771081392087,0.13151253597271176,0.4894176062282975,0.299,False,60.3167616905512,1142.0530680523784
376,Jaisalmer,Rajasthan,road,668660.3194509401,48.10173366451147,25.28898682891068,81.094211463006,0.2858964630019453,0.20320950954429867,0.3844194831341725,0.7465,False,55.805224634095325,321.6372059825628
377,Bahraich,Uttar Pradesh,road,3263733.4575999943,48.08574866596839,14.091073584689235,117.51015902891984,0.27950139268581536,0.13369449953279164,0.48308163193823017,0.5415,False,103.4190854442306,1569.390667548653
378,Nuh,Haryana,road,1152339.1818181819,69.4641947978173,36.27500214653493,115.18034911823649,0.3034522723833883,0.19575773083133577,0.4294576258220803,0.964,False,78.90534697170156,800.463133989756
379,Shahjahanpur,Uttar Pradesh,road,2813444.804701329,40.274646078972225,15.831795840432989,84.38741216464867,0.28921248433721314,0.1503426714783539,0.467913525650729,0.4395,False,68.55561632421568,1133.1049377206916
380,Sikar,Rajasthan,road,2672302.679960628,53.0030717976458,19.688669324982975,114.99669300227212,0.2998249003368355,0.15868247343233077,0.4786858908904141,0.6715,False,95.30802367728916,1416.4025081099446
381,Palwal,Haryana,road,1003593.5566031683,69.30694211448863,35.29471417191372,119.96675534473648,0.2975129137224074,0.20213801869636167,0.4094209254270348,0.9575,False,84.67204117282276,695.5600053396955
382,Alwar,Rajasthan,road,3667275.751038463,62.84368077686809,22.78980835299521,133.28282213710764,0.302066619629883,0.14279726423740158,0.506671562474793,0.7695,False,110.49301378411243,2304.6510661901034
383,North Sikkim,Sikkim,road,152644.25,35.07213664222416,23.790258878618317,49.3433180687096,0.29462776370840044,0.24680649050001163,0.3453104497501438,0.246,False,25.553059190091282,53.53559993649825
384,Aligarh,Uttar Pradesh,road,3437935.5657900753,36.360177809419824,12.35815263708972,80.55772263015977,0.2962512122674781,0.13860150309307512,0.5125132381237367,0.3585,False,68.19956999307006,1250.0394846945549
385,Kasganj,Uttar Pradesh,road,2664164.546666667,35.263190800560004,13.932429079253069,75.5330424602743,0.28940411014434814,0.154245095321003,0.4682075007655396,0.3345,False,61.60061338102123,939.4694273319411
386,Mathura,Uttar Pradesh,road,2383592.5544324904,33.563428319885325,14.2673387513592,68.70980951466822,0.30071249881556833,0.15987376003509474,0.47107288079572257,0.274,False,54.442470763309025,800.0153784450725
387,Jaipur,Rajasthan,road,6613728.373458272,72.89065221596397,41.627507163757265,131.5768657185294,0.41267082584212983,0.20731163292030563,0.6556103368183921,0.7705,False,89.94935855477215,4820.789747205999
388,Shrawasti,Uttar Pradesh,road,1045599.1244500758,38.499435702722025,13.811466884336596,84.55594843619613,0.27719033365532236,0.17535049579198078,0.40389166671797105,0.41,False,70.74448155185954,402.5497626258813
389,Jodhpur,Rajasthan,road,3680237.352229636,65.03081664575213,39.39321783393148,106.59787400883995,0.3662305447627757,0.20701824130758062,0.561649199655023,0.9185,False,67.20465617490848,2393.2884046569375
390,Sitapur,Uttar Pradesh,road,4196010.16076375,35.495351132944194,11.025776362552698,80.90434319455127,0.27709228875637704,0.11822283436862067,0.5007525659803089,0.3465,False,69.87856683199857,1489.3885401371092
391,Bharatpur,Rajasthan,road,2543673.8098614635,59.75119123508434,25.111746986127617,120.15923149489092,0.2983878876283661,0.1607193924271139,0.47582151458359806,0.795,False,95.0474845087633,1519.8754025270787
392,Hathras,Uttar Pradesh,road,2664164.546666667,35.56911811958149,14.451925340360843,73.49688334087772,0.28942118268492734,0.14999793201967726,0.4599996205713243,0.338,False,59.04495800051687,947.6198345038795
393,Nagaur,Rajasthan,road,3301528.2310870583,45.927889690826724,16.258492186465112,102.4991244510414,0.2983166151715002,0.14351848345850785,0.5115961359154569,0.539,False,86.24063226457628,1516.322244085167
394,Etah,Uttar Pradesh,road,1660515.0299269175,32.504396734355126,15.049176941882354,61.617956770112265,0.28694828830340474,0.17053112379538385,0.4276059068771598,0.24,False,46.56877982822991,539.740393161041
395,Hardoi,Uttar Pradesh,road,3829984.354662343,32.28944753537537,9.964008035853313,73.40308519825439,0.2762985894478246,0.11443447340764054,0.4888499847127005,0.27,False,63.43907716240108,1236.6807888117823
396,Farrukhabad,Uttar Pradesh,road,1764127.8439195396,39.19762683228011,17.81445330288863,72.82968339950249,0.2921763266686155,0.1700825211535267,0.43744066767501694,0.4465,False,55.015230096613855,691.49624910393
397,West Sikkim,Sikkim,road,152644.25,35.93838779562913,23.352568055066016,50.92047508307355,0.294029943766269,0.24555910382658167,0.344393195157969,0.313,False,27.567907028007532,54.857882512729624
398,South Sikkim,Sikkim,road,152644.25,38.648130798287724,25.82548996962059,53.63262442871485,0.2950265977694331,0.24721889028854793,0.34260874571755956,0.4815,False,27.807134459094257,58.99414939606531
399,East Sikkim,Sikkim,road,152644.25,30.122538759296773,19.089472596616435,43.72820932554711,0.29480137695949604,0.24790334918932064,0.3430630909016588,0.077,False,24.638736728930677,45.980323370087866
400,Firozabad,Uttar Pradesh,road,2337713.349883971,35.459571897197804,14.431129669311005,74.98950467111176,0.3005291035351981,0.16420989407270895,0.47772932831691595,0.3195,False,60.558375001800755,828.9431460524979
401,West Champaran,Bihar,road,3995256.9749684567,42.78840285763156,11.26663653792982,103.17925609087895,0.27976673344905906,0.12006104007319256,0.4963255704303702,0.469,False,91.91261955294914,1709.5066496471272
402,Siddharthnagar,Uttar Pradesh,road,2394927.603887826,34.09560675802978,13.409742670383757,68.33653834073256,0.2787525345674886,0.14577397627038616,0.447018467606725,0.3005,False,54.9267956703488,816.5650979610983
403,Mainpuri,Uttar Pradesh,road,1748523.7863229301,31.64875236692813,13.89783730102903,59.27965456039363,0.2871960735918049,0.16431261695126248,0.44084509696667706,0.238,False,45.3818172593646,553.3859632101797
404,Maharajganj,Uttar Pradesh,road,2512279.4747700086,36.49468416374621,13.609145647211674,77.46731520547098,0.27834752936572205,0.14904217620073404,0.457648370230156,0.36,False,63.858169558259306,916.8484596279368
405,Agra,Uttar Pradesh,road,4135002.272607171,74.39461307983413,46.612491795409035,119.11963861873835,0.3977594311066675,0.2327033494833474,0.5907852801124058,0.86,False,72.50714682332932,3076.218941548453
406,Gonda,Uttar Pradesh,road,3213377.502734103,37.97659385327951,12.761941238638293,85.16973528368612,0.27833530358970837,0.12396325198876731,0.47034261883300654,0.3955,False,72.40779404504784,1220.3313231859859
407,Barabanki,Uttar Pradesh,road,3051282.458842968,32.36977953473162,11.346601404964328,68.40448464588388,0.2807111951286318,0.13877681334965125,0.46503682617083075,0.2725,False,57.05788324091955,987.6934049094068
408,Darjeeling,West Bengal,road,1421462.944529197,18.17861298732314,7.924141550913116,34.63345813854577,0.3102004061350312,0.18998094367005305,0.4426753189183212,0.0135,False,26.709316587632653,258.40224744417054
409,Dausa,Rajasthan,road,1631338.182755664,56.41441266295266,23.66703310619672,114.78574924361601,0.2875542275660946,0.17473048115212625,0.4310425579223966,0.785,False,91.11871613741928,920.309854348093
410,Kushinagar,Uttar Pradesh,road,3335613.1863057427,35.13288799976736,11.925911875763388,80.67836736331299,0.27504055628565655,0.12872120862787104,0.47270704109006023,0.3305,False,68.7524554875496,1171.897244850268
411,Kannauj,Uttar Pradesh,road,1550220.7783786857,34.67051969285257,16.53088647109876,62.972022173481385,0.28821921830050723,0.17828602708222088,0.4226184442803388,0.3055,False,46.441135702382624,537.4696002504746
412,Lucknow,Uttar Pradesh,road,4295058.261535606,47.85206825095579,28.926862203251876,83.01832243432555,0.38603632721504766,0.20875855749381453,0.5904857270406629,0.7135,False,54.09146023107368,2055.2742107283334
413,Jalpaiguri,West Bengal,road,2980852.566200509,32.7556215221868,12.098308678761692,72.40546789095272,0.2996388602138344,0.1541229069084117,0.4861058511566892,0.287,False,60.30715921219103,976.3967847190315
414,Basti,Uttar Pradesh,road,2306185.199446492,36.793747295120845,13.822418330276578,79.31119773593794,0.2780659496445497,0.1479973602795124,0.4482379022110367,0.377,False,65.48877940566136,848.5319544418209
415,Gorakhpur,Uttar Pradesh,road,4155681.0411091126,37.59411578594639,12.289691446680504,87.81803016184591,0.28395788678250666,0.12530509760615166,0.5051406047962518,0.3765,False,75.5283387151654,1562.2915422891822
416,Sant Kabir Nagar,Uttar Pradesh,road,1605026.346070477,35.05691742041479,14.943432748172095,66.89885714605514,0.2799972432475589,0.16597446929673346,0.42647266252958116,0.3175,False,51.95542439788304,562.672760717828
417,Karauli,Rajasthan,road,1455508.1637014244,56.06070965673103,23.739473649360313,111.59303596701139,0.2886528225293913,0.17559638727943316,0.4170990705787669,0.766,False,87.85356231765107,815.968205682673
418,East Champaran,Bihar,road,3995256.9749684567,35.31812043056007,10.758131745712449,83.8549498533912,0.2796979391617451,0.12180682986665325,0.49149136568901364,0.337,False,73.09681810767876,1411.0496699297107
419,Unnao,Uttar Pradesh,road,2908733.8950164793,38.2134035790795,13.990871717486309,82.05010426158071,0.2867090598640557,0.14672532939385746,0.47425835717236753,0.3925,False,68.0592325440944,1111.5262223441257
420,Etawah,Uttar Pradesh,road,1480219.1512379386,34.828960920754,16.582443794953456,63.84372689973884,0.2935429297555588,0.17986365488947972,0.4280816851445364,0.3055,False,47.261283104785385,515.5449497261782
421,Dholpur,Rajasthan,road,1333041.6935525378,53.197249205280286,24.534111260649425,95.7138029841571,0.2899617922284242,0.1859343342401529,0.4166374487021267,0.78,False,71.17969172350767,709.1415117294323
422,Kanpur Nagar,Uttar Pradesh,road,4287038.664917739,58.0207197552703,35.14707739840033,98.62264013159344,0.4011926246798482,0.22284348281893387,0.6134783445028033,0.8215,False,63.475562733193115,2487.370689572003
423,Auraiya,Uttar Pradesh,road,1290944.5059738792,31.244491007317244,14.547123735887858,60.54612912205574,0.2878923230340098,0.18612389931177203,0.41088572135054985,0.205,False,45.99900538616788,403.34904007846467
424,Morena,Madhya Pradesh,road,1867019.7859818377,39.21616264892179,15.961621883486822,78.34698711653543,0.30119691892134975,0.17511411761010848,0.4518186783070074,0.4485,False,62.38536523304861,732.173515958189
425,Barmer,Rajasthan,road,2598858.929856751,50.101307411695,18.17016320630318,108.70719251858003,0.28491645527081894,0.14907658462197756,0.4634260826852499,0.622,False,90.53702931227684,1302.0623016438178
426,Ayodhya,Uttar Pradesh,road,2664164.546666667,35.38970620758386,13.186895165794304,73.87100367556707,0.2892173278117048,0.15132350829465427,0.47190908356634337,0.3345,False,60.68410850977276,942.840005951942
427,Kanpur Dehat,Uttar Pradesh,road,1680825.1028550619,39.05707139266808,17.92280614681134,73.44783563977336,0.2833346658272093,0.16313947226426814,0.42432771995469004,0.438,False,55.52502949296202,656.4810604079881
428,Bhind,Madhya Pradesh,road,1617290.2082056182,39.15839721319577,17.283143062877784,77.75392264644805,0.29949876010669085,0.18290514951523826,0.43983484926807803,0.441,False,60.47077958357026,633.3049238192768
429,Sawai Madhopur,Rajasthan,road,1333041.6935525378,51.77469238887006,23.49404250043823,95.9571616883308,0.2920897283733861,0.18511978777806576,0.4191745966407851,0.749,False,72.46311918789257,690.1782362522104
430,Deoria,Uttar Pradesh,road,2901789.5045262584,29.658983607410597,10.129238857062063,63.627120257742334,0.2770258978821112,0.13961945781801396,0.45494187366266314,0.206,False,53.49788140068027,860.6412734690042
431,Sitamarhi,Bihar,road,3461167.900807432,25.367309808355053,8.787027123962567,59.097485365422195,0.2785121876548622,0.1287959123061351,0.474937126923299,0.1325,False,50.31045824145963,878.0051843851604
432,Tonk,Rajasthan,road,1418655.5347794688,55.153049138909566,26.84660482700427,100.27344194218995,0.294219291875115,0.17950081248304064,0.4237080814359784,0.8225,False,73.42683711518568,782.4317842087808
433,Sheohar,Bihar,road,663452.1673062344,25.55508228854359,12.496696363651562,48.6568193973527,0.27652309187935226,0.18937325640633051,0.3787622903625245,0.0705,False,36.16012303370114,169.5457473002341
434,Sultanpur,Uttar Pradesh,road,3553249.317485126,34.65790848138162,11.226816913950572,81.12085396608899,0.27459390529434846,0.11958460077601354,0.4855483466812897,0.3065,False,69.89403705213842,1231.481896569312
435,Pali,Rajasthan,road,2033744.6961268608,46.88683424474716,20.34763547902061,91.75608567196608,0.2956196780205014,0.1708395127540206,0.45820015888918375,0.6255,False,71.40845019294547,953.5585046343381
436,Gopalganj,Bihar,road,2590145.1804118883,24.647216294827135,9.161817827440043,53.486960661801405,0.28139451239330604,0.14376734209561007,0.4526465684314307,0.1075,False,44.32514283436136,638.3986849661587
437,Ambedkar Nagar,Uttar Pradesh,road,2243885.005230488,41.133354516973284,16.755428801296876,83.47440544030981,0.28225150656151626,0.15562298815105982,0.44611260870302166,0.478,False,66.71897663901294,922.985174154661
438,Rae Bareli,Uttar Pradesh,road,3186838.9076252664,40.63063434400888,15.400479758306538,89.22706701333425,0.2792718712249608,0.129636941951508,0.47006228461399213,0.456,False,73.8265872550277,1294.8328636898289
439,Jalaun,Uttar Pradesh,road,1581436.3797764485,34.46354576806532,15.400041293904275,66.48668873343594,0.2932043469372454,0.1805367906271911,0.43320921689559955,0.297,False,51.08664743953167,545.0190505370916
440,Azamgarh,Uttar Pradesh,road,4317587.058335508,36.37761091270769,11.089008896192754,89.21353936249513,0.27587985029005213,0.10679606147686678,0.5037664527707951,0.3475,False,78.12453046630237,1570.6350208987128
441,Gwalior,Madhya Pradesh,road,1929760.5852720994,47.07568620755979,30.007402968881532,72.47496843230846,0.3428165237557591,0.213761184181006,0.5057153310315465,0.768,False,42.46756546342692,908.4480376798628
442,Sheopur,Madhya Pradesh,road,653239.9258408077,55.64710998524789,29.539650842787776,94.51063842158484,0.2865940195261911,0.20009084177741335,0.3831391232321963,0.8845,False,64.97098757879706,363.509140000186
443,Mau,Uttar Pradesh,road,2064290.9582175184,32.81737721658281,13.957795325479864,66.15226122192873,0.29060734817308054,0.16210160305533777,0.45018442582516416,0.27,False,52.19446589644886,677.446150606055
444,Fatehpur,Uttar Pradesh,road,2463647.2185003962,52.61042532434431,19.88415345985576,115.65658646906907,0.2823133522495901,0.15160038915017413,0.45406189497215216,0.6845,False,95.7724330092133,1296.1352801444368
445,Ballia,Uttar Pradesh,road,3031701.355082305,27.324052547171114,9.434294228480123,60.785003172702226,0.28049101320705055,0.1362140843396835,0.4627409641504746,0.163,False,51.350708944222106,828.3836713359877
446,Jaunpur,Uttar Pradesh,road,4205566.300864294,32.20967054381951,10.38538049486803,73.76568115883934,0.2721293720216813,0.11867597985468563,0.4777693065435168,0.2635,False,63.38030066397131,1354.5990500102864
447,Bhilwara,Rajasthan,road,2403997.734927561,50.041666302706126,20.685570242594082,103.2767074571235,0.2991390271234429,0.16325627644681018,0.4655687911975115,0.661,False,82.59113721452943,1203.0005244370639
448,Samastipur,Bihar,road,4308361.801547834,22.753255165032023,6.884441151374683,54.44815199275555,0.2776076195373172,0.11816994431040258,0.4954609386361918,0.1005,False,47.56371084138087,980.2925541389492
449,Jalore,Rajasthan,road,1825294.0818061852,50.698735636674115,22.832713449103114,100.17183449354297,0.2854047295045897,0.16454061524852773,0.43592094131871506,0.691,False,77.33912104443986,925.401021126776
450,Bundi,Rajasthan,road,1108818.7688958906,59.63652111195388,29.058322603315723,108.74098496813238,0.29158050527932633,0.19487367479210838,0.40491766700404663,0.8735,False,79.68266236481665,661.2609392059048
451,Katihar,Bihar,road,3104751.6417780793,23.766360458519173,8.071965966854968,51.936128991253426,0.28144621989622703,0.1330931961496107,0.4755779654459514,0.0975,False,43.86416302439846,737.8864665267703
452,Jhansi,Uttar Pradesh,road,1870243.8575565952,29.97370645210995,13.46749465007734,58.376822773416,0.3057841436990857,0.1813361819405798,0.4628492755211965,0.1995,False,44.90932812333866,560.5814038026313
453,Shivpuri,Madhya Pradesh,road,1639175.3188471599,50.73058124588878,22.880731387159507,94.74566355038321,0.290756244234072,0.17158267545992817,0.43310020350234213,0.716,False,71.8649321632237,831.563166890315
454,Kota,Rajasthan,road,1947348.3279221167,41.4777372411157,25.02984483926918,65.32988717123935,0.2958140753101438,0.17630250094066666,0.44332085893423057,0.551,False,40.30004233197017,807.7160226247956
455,Banda,Uttar Pradesh,road,1683843.9148374705,39.772857026036526,16.419393011074266,80.03512662375478,0.28530619640304744,0.16455136894707798,0.4248424227900158,0.4425,False,63.615733612680515,669.7128327899234
456,Ghazipur,Uttar Pradesh,road,3387758.344057674,29.6832169199433,9.867364158591984,67.77837159215007,0.2784911133644126,0.13006587599314823,0.480017289402109,0.212,False,57.91100743355808,1005.5956579901183
457,Kaushambi,Uttar Pradesh,road,1496862.8554906098,38.27461470106708,16.809937690123352,71.95660976869452,0.27885543716897293,0.16292553159360884,0.42008926348288705,0.415,False,55.14667207857117,572.9184905424214
458,Khagaria,Bihar,road,1685189.8973135375,19.455670869857908,8.30228077300306,39.02013436931623,0.28007623283570454,0.16345066778346096,0.4235430447744345,0.025,False,30.71785359631317,327.8649999534183
459,Bhojpur,Bihar,road,2758367.3461529687,29.22350802271591,11.29021292961191,61.65862760070345,0.2860246272483388,0.14487502006844527,0.47158727653280164,0.186,False,50.368414671091536,806.0917026989888
460,Prayagraj,Uttar Pradesh,road,4135002.272607171,110.93789385470951,73.36943780573279,174.03651448367924,0.4479083666857189,0.26997654847699354,0.6410235513015445,0.7035,False,100.66707667794645,4587.284432074769
461,Buxar,Bihar,road,1725089.2692486166,22.636814303408496,10.015836579862405,44.32610290344438,0.28277585282952244,0.16305498026098325,0.436818067233895,0.0485,False,34.31026632358197,390.50525444783597
462,Dakshin Dinajpur,West Bengal,road,1290196.309447968,22.64857588541553,9.633422569256952,44.21571543534655,0.28570850768012834,0.18275938598831337,0.41113888573103924,0.05,False,34.5822928660896,292.21109021615354
463,Malda,West Bengal,road,3070134.690206135,16.45389697996223,5.541937842754337,38.44444880151635,0.2890144933616653,0.14428357415038445,0.4947176443484728,0.0215,False,32.902510958762015,505.15679907260005
464,Tikamgarh,Madhya Pradesh,road,1372428.6311735318,49.81591272354645,21.78015735552144,99.66505692218487,0.29101290929690943,0.1855519529390111,0.41572436881953867,0.6815,False,77.88489956666344,683.6878490983697
465,Varanasi,Uttar Pradesh,road,3440697.975266848,44.489016889748704,27.818995945788593,71.77140758279126,0.36489629179664473,0.2164696680319373,0.5374509689803559,0.664,False,43.95241163700266,1530.7327033417098
466,Darbhanga,Bihar,road,3980621.0045761154,23.03399901027175,7.171487932662985,55.1972256132098,0.27977349771495014,0.12683092136287177,0.4968459247313609,0.1075,False,48.02573768054682,916.8962027967317
467,Saharsa,Bihar,road,1921531.9556453445,25.087831714123183,9.519098724947414,51.091128796400824,0.283565287677087,0.15641197589581943,0.4431775054430496,0.0995,False,41.57203007145341,482.0707033654042
468,Sirohi,Rajasthan,road,1034398.8563120378,60.155022322303296,31.337309076182372,106.50941793341107,0.2934674055188166,0.20022229315265272,0.40614015186692576,0.9055,False,75.1721088572287,622.2428629161564
469,Chitrakoot,Uttar Pradesh,road,928036.7040650905,35.12893006385039,17.302619003863324,64.51238477243058,0.28149679101603997,0.18943653331240085,0.3892591300066558,0.326,False,47.20976576856725,326.00936473788784
470,Chandauli,Uttar Pradesh,road,1827341.3550899236,37.592411794302635,16.842777881909797,72.6671125262583,0.2841194138776385,0.15976588256880794,0.44769885268275655,0.3965,False,55.8243346443485,686.941687092994
471,Bhadohi,Uttar Pradesh,road,1476853.1665197974,28.590223317548343,12.816189259384773,60.54886123578789,0.28452571379015706,0.17292402774907592,0.420638452062545,0.151,False,47.73267197640312,422.23561838029417
472,Baran,Rajasthan,road,1220457.6208619764,78.54795272481783,35.4978415655288,144.7486984047425,0.2928427520778347,0.1923204030868739,0.4135686327657518,0.9585,False,109.2508568392137,958.6444750611017
473,Sahibganj,Jharkhand,road,1191843.0884379183,37.58382650100721,19.169181557217133,68.44253360376125,0.28490718023653877,0.18257449471779125,0.4017249759951816,0.397,False,49.27335204654412,447.94023852275313
474,Kaimur,Bihar,road,1644243.149172997,24.932368385207877,10.693347040330217,49.63897362681189,0.2764825404795092,0.16286170033128441,0.4245688215633812,0.0905,False,38.94562658648167,409.9487591003547
475,Rohtas,Bihar,road,2992420.543742338,29.323313812545752,11.262419925016435,63.09458764706532,0.2881979797601188,0.13746892346880255,0.4893966628591542,0.1915,False,51.83216772204888,877.4768666326538
476,Udaipur,Rajasthan,road,3062654.8842616105,55.94900025294062,22.134319701513004,116.12914792608122,0.30179330261499404,0.15333775321791188,0.49485318287065744,0.729,False,93.99482822456821,1713.5247889422267
477,Godda,Jharkhand,road,1360674.0682295912,38.60681546255301,18.440948244264263,71.2795936644589,0.2770652197700207,0.17106887500116402,0.4055296123177951,0.433,False,52.83864542019464,525.3129265682109
478,Mirzapur,Uttar Pradesh,road,2336603.520060308,33.22247372613713,13.910562928277697,67.77445184593131,0.28382309068301803,0.15319618474219715,0.4549628068720265,0.263,False,53.86388891765361,776.2774905360311
479,Lalitpur,Uttar Pradesh,road,1143135.9476795923,34.076679315174125,16.18336726889664,64.56905312049537,0.28482639622497763,0.1806841223725733,0.4083683481887818,0.2895,False,48.38568585159873,389.5427710272514
480,Jamui,Bihar,road,1779735.8194743,37.458487056527034,15.94300289825513,74.08241631274251,0.2816824921970008,0.1585784011575742,0.43124842168490257,0.3855,False,58.13941341448738,666.662111578156
481,Neemuch,Madhya Pradesh,road,784489.8109058931,40.843560056193645,20.450542213812945,72.60614377064765,0.29721891706576786,0.21276231391764425,0.395947027562814,0.505,False,52.155601556834704,320.4135670520684
482,Banka,Bihar,road,2057106.5153990048,28.633873747630467,11.968599689876935,56.83066643453341,0.2778376319878854,0.14888776240689908,0.4433785450344042,0.1675,False,44.862066744656474,589.0292824736315
483,Rewa,Madhya Pradesh,road,2246066.6734204288,61.67115387599535,24.262485880189313,124.86036901302789,0.2988836503193536,0.16012383512165673,0.47260630748075305,0.8275,False,100.59788313283858,1385.1752343225626
484,Satna,Madhya Pradesh,road,2116749.363758057,68.32919986706828,28.780715312695637,137.0248875783254,0.29653866837264253,0.1659286491803577,0.4565565153960347,0.8855,False,108.24417226562977,1446.357903447139
485,Guna,Madhya Pradesh,road,1179031.489632286,47.902939151834246,23.595170969095964,87.39811331656065,0.29733227518545574,0.19466182859973682,0.4154748938728756,0.6945,False,63.80294234746469,564.7907370595188
486,Nawada,Bihar,road,2243514.2054488114,43.76759066092991,16.328103863370163,93.65918876128981,0.285804178745399,0.1565419596663182,0.45854959929388567,0.522,False,77.33108489791965,981.9321138606499
487,Gaya,Bihar,road,4439639.692504958,46.38289426560814,14.23162660967118,104.6015956748471,0.2846127690550988,0.11761767269870715,0.519999798949619,0.5285,False,90.36996906517592,2059.233384348545
488,Ashoknagar,Madhya Pradesh,road,802537.3111285815,48.60082828019805,26.174234192575817,81.00778487812349,0.289781528520978,0.2043149992398262,0.3920871833893881,0.749,False,54.83355068554767,390.0397804661207
489,Banaskantha,Gujarat,road,2516030.3250798224,47.185291194025396,18.251652542827014,93.23836363048943,0.2962350564501898,0.15031201180753587,0.4741066973042107,0.5985,False,74.98671108766241,1187.1962354188981
490,Jhalawar,Rajasthan,road,1408477.6934621735,60.477835534329266,29.42902930082689,114.14618097693432,0.2890005809348662,0.17399179402331016,0.4185162897408805,0.86,False,84.71715167610742,851.8168229897676
491,Murshidabad,West Bengal,road,5467659.009871071,13.393403188899782,3.205959731410246,35.366542985252956,0.29752615372513436,0.11162612324211912,0.5551889653960661,0.0205,False,32.16058325384271,732.3056161862382
492,Sonbhadra,Uttar Pradesh,road,1742937.2061818952,45.82549721788139,19.2058086094309,95.1322667832762,0.29034213383970003,0.17352211920933192,0.43681570086639343,0.584,False,75.92645817384529,798.709640928304
493,Pakur,Jharkhand,road,932724.2458522166,39.6606388939772,19.633406475959912,71.17516873189325,0.278940066043563,0.1844557844638158,0.3848457935764199,0.462,False,51.541762255933335,369.92439502401976
494,Mandsaur,Madhya Pradesh,road,1272946.1071876483,43.55232034810594,20.048090577729575,79.56627698921983,0.2941718348643819,0.1883848138816314,0.4180805922758232,0.577,False,59.518186411490255,554.3975664611086
495,Munger,Bihar,road,1382784.2815279814,23.474467864349833,11.46614152198652,42.262417388426265,0.29593207694140267,0.1863390374984583,0.4234298342601134,0.045,False,30.796275866439743,324.60125180056673
496,Giridih,Jharkhand,road,2533204.311313144,36.53202622481411,13.777876565368842,79.86994993490352,0.2847089016799594,0.14948244528440882,0.4632841532784201,0.361,False,66.09207336953467,925.4308633370395
497,Dumka,Jharkhand,road,1368848.1544069834,60.82736705059492,28.436365526566558,110.77761022203659,0.28056326510473717,0.17438549166980036,0.4076302870135559,0.8665,False,82.34124469547002,832.6342912464302
498,Singrauli,Madhya Pradesh,road,1118968.7555192488,79.10794555580009,40.26938122966106,137.06017711742587,0.2919721061145053,0.19367668448859174,0.4101055974939707,0.9805,False,96.7907958877648,885.193193902581
499,Birbhum,West Bengal,road,2695730.7239355575,17.61972090422806,6.091882983955494,39.64225721155265,0.2884194472052331,0.14879494363991877,0.46965278823447765,0.0265,False,33.55037422759716,474.98022988697187
500,Deoghar,Jharkhand,road,1545600.4669826531,30.15859628808003,12.583785868297612,60.06512908842689,0.29065161277421286,0.1774517906954929,0.4287893000517817,0.205,False,47.48134322012928,466.13140506397804
501,Palamu,Jharkhand,road,2009460.952838884,43.37817599038178,17.621185433931327,87.55820420573515,0.28658228815989817,0.15840039876209216,0.44126428706344756,0.542,False,69.93701877180382,871.6675085804536
502,Sidhi,Madhya Pradesh,road,1070307.7414479714,70.37580425157616,33.16444685258388,127.74207597610678,0.2831461959069549,0.17948317953119602,0.398456273909305,0.9345,False,94.5776291235229,753.2376810108902
503,Chatra,Jharkhand,road,1080299.0796091552,47.53768733880541,24.675393765926437,81.59743752541802,0.2815141107431483,0.1792994877236982,0.4016924815589785,0.707,False,56.92204375949158,513.5491987885928
504,Garhwa,Jharkhand,road,1370238.2980706587,34.03435408906382,14.838890959803548,65.86807076332246,0.280611129742667,0.16891904214222733,0.41814408241431444,0.293,False,51.029179803518915,466.3517542293297
505,Sagar,Madhya Pradesh,road,2258746.6472666366,59.18312401087745,25.17742682178659,115.96589016944958,0.30705266052506786,0.1685066079515632,0.4704259511840492,0.812,False,90.788463347663,1336.79682934335
506,Patan,Gujarat,road,1083438.2285567822,38.0784337497466,19.40259792966689,68.14639044229506,0.2964295189424098,0.20076544913388608,0.4196112239001788,0.419,False,48.74379251262817,412.55630808042247
507,Damoh,Madhya Pradesh,road,1200588.9646404434,66.04642957235404,31.786605871862218,120.86114934615713,0.28887963811843975,0.18855957496023507,0.41066907832135235,0.924,False,89.07454347429491,792.946144984705
508,Shajapur,Madhya Pradesh,road,1436545.500124006,45.282298990929675,18.99782372668581,85.65999035461373,0.2930752137029465,0.1800938068759439,0.43146106091282366,0.591,False,66.66216662792792,650.5008285068984
509,Vidisha,Madhya Pradesh,road,1385447.6366751543,51.47902374265987,23.145378967733865,97.29812686912074,0.29661546848928744,0.1829427524190241,0.4314417163283265,0.7415,False,74.15274790138687,713.2149178261227
510,Mehsana,Gujarat,road,1640850.1497764285,47.23388039132381,21.962091931978186,84.8704813254829,0.29831749016484627,0.1790874602333737,0.44512268396737975,0.6635,False,62.90838939350471,775.0371971462558
511,Rajgarh,Madhya Pradesh,road,1468010.866619393,44.4955625729969,18.946211563977865,84.65657850209607,0.29325097455695176,0.17967396799788102,0.4291224024562833,0.587,False,65.7103669381182,653.1996937350261
512,Shahdol,Madhya Pradesh,road,1012406.4528467655,85.37292404088785,43.28049470716809,150.59944222661252,0.29150225726048085,0.195130107297652,0.4082704376456947,0.989,False,107.31894751944444,864.3209919739162
513,Nadia,West Bengal,road,3977398.977676301,13.03784893981824,3.794301261326814,33.741309890226866,0.30147906124833995,0.13382613467559804,0.5265997177217806,0.007,False,29.94700862890005,518.567270443311
514,Jamtara,Jharkhand,road,819420.2861407531,40.412676768836334,18.87110365651185,71.47555598222162,0.28123824973501793,0.1956419203037237,0.3812463586276724,0.498,False,52.60445232570977,331.1496716163363
515,Dungarpur,Rajasthan,road,1385943.112367677,49.687521152888635,23.575765204132235,93.82519078044282,0.28345464376855223,0.1703003302767306,0.4117524741524987,0.7125,False,70.24942557631059,688.6407771246926
516,Katni,Madhya Pradesh,road,1227011.5913872262,66.1915747492395,32.96099175139476,124.40341122394811,0.29374247707229084,0.18056931194761586,0.41913821171682836,0.93,False,91.44241947255335,812.178294694909
517,Dhanbad,Jharkhand,road,2780791.7982624588,33.00983777399665,19.21162873407781,54.08047918695485,0.34184000495939765,0.19302400171271694,0.5299549865039289,0.2345,False,34.86885045287704,917.9348614390418
518,Banswara,Rajasthan,road,1794107.786625358,69.03764441879626,29.941435981349947,133.56919337904674,0.28488468474829626,0.1604614437249166,0.4365909343724025,0.8975,False,103.6277573976968,1238.6097542203506
519,Umaria,Madhya Pradesh,road,612306.3643748773,105.03444671797801,56.62620094119497,179.4189100271358,0.28796611865330957,0.20571156846727623,0.376142193573003,0.9985,False,122.79270908594083,643.1326020401187
520,Latehar,Jharkhand,road,753058.0181305574,68.53245297076212,30.90804388447633,119.00177514816195,0.28180310447403245,0.1885377025595667,0.38898739392877163,0.917,False,88.09373126368563,516.0891321178775
521,Ratlam,Madhya Pradesh,road,1381833.1983544035,53.260653753753765,26.49140137275112,94.38418465491497,0.30099340500919347,0.19189356770295474,0.43721392393764447,0.8,False,67.89278328216386,735.9733952299603
522,Bokaro,Jharkhand,road,2136315.1877102093,34.084396163378464,13.995034107081356,69.16255867088411,0.31957432824034954,0.17482970360710695,0.49389536227833014,0.303,False,55.16752456380276,728.1501318775701
523,Ramgarh,Jharkhand,road,983503.8528097561,43.86551374753101,22.670983737845848,76.37233438127927,0.3109159877070972,0.21013868052559204,0.42522699411088505,0.596,False,53.70135064343343,431.4190177617607
524,Bhopal,Madhya Pradesh,road,2251721.9493531855,36.463076894515595,20.508377331510594,62.15256095219245,0.31276465889804966,0.1682127866298525,0.5036753788138774,0.345,False,41.64418362068186,821.0471058433375
525,Purba Bardhaman,West Bengal,road,5940054.800362343,23.072961761339727,5.546524591547778,61.885514535236034,0.31177768094099517,0.12167253809203224,0.5819281803643821,0.125,False,56.338989943688254,1370.5465726902282
526,Koriya,Chhattisgarh,road,439278.0,93.30391397050903,48.78472368199965,154.133844897841,0.30023059710129685,0.23148895773425993,0.3759204722080157,0.998,False,105.34912121584134,409.86356721137264
527,Ujjain,Madhya Pradesh,road,1886862.1596743683,52.86419227817628,23.54167534572228,100.76503327476428,0.31468814273395035,0.1859263592724263,0.4714990466607718,0.741,False,77.223357929042,997.4744401144077
528,Gandhinagar,Gujarat,road,1122155.4302477925,43.89839287763751,22.081383080781347,77.05009253290385,0.31109608330472915,0.20967162212682924,0.43750253541134965,0.6025,False,54.968709452122496,492.6081994679195
529,Ahmedabad,Gujarat,road,5816751.7934427885,29.759790794802708,14.316608142227658,61.08630569095206,0.3283494366935621,0.1388253108507413,0.5926114263908042,0.192,False,46.7696975487244,1731.0531647815083
530,Raisen,Madhya Pradesh,road,1264575.7290060667,50.11995030117782,24.72642288174747,92.33411693096522,0.2962535984890054,0.18687288534220745,0.4249652734356531,0.7245,False,67.60769404921776,633.8047268985978
531,Purulia,West Bengal,road,2255251.258896585,28.492486155162453,9.210753255896364,69.47337222327135,0.286362032104484,0.1535360220702201,0.4576890045132321,0.1965,False,60.26261896737499,642.5771527052364
532,Sehore,Madhya Pradesh,road,1245330.6968016475,48.15755490477178,23.206625177820534,90.06370062877785,0.29403699476960254,0.19109047321293116,0.4276874908385811,0.682,False,66.85707545095732,599.7208140582304
533,Ranchi,Jharkhand,road,3018800.5531268227,38.107375986850236,22.02744277459769,63.542030538886884,0.2928606944847651,0.1665658808098934,0.4647557159332321,0.416,False,41.51458776428919,1150.385677073153
534,Bankura,West Bengal,road,2768288.468657584,23.727331172046032,7.226863300726412,53.95544291244875,0.2855920715487951,0.1432880771132493,0.4826539188409011,0.11,False,46.72857961172234,656.8409727559466
535,Lohardaga,Jharkhand,road,478356.51449219935,50.47339722636636,27.762538926215285,83.84895253392637,0.28400674717677094,0.20903278494000113,0.3655776198324161,0.8085,False,56.08641360771108,241.44278371784856
536,Panchmahal,Gujarat,road,1927656.8981033966,49.842622080811516,21.992740214990356,96.32697752993765,0.29355260409480216,0.17061158451305355,0.4504949411074719,0.6795,False,74.3342373149473,960.7947427363698
537,Jabalpur,Madhya Pradesh,road,2339307.9760074746,73.2481099837302,44.352202593161124,120.73864094616565,0.30778974413424043,0.1759230503134285,0.4774294431376522,0.9835,False,76.38643835300452,1713.498879124128
538,Gumla,Jharkhand,road,1061992.068455556,91.1369176292117,32.08663786673794,171.158634929564,0.2802433064763654,0.17839104562301272,0.39956715515294156,0.9485,False,139.07199706282606,967.8668366571015
539,Dahod,Gujarat,road,1888740.375,46.01489316956828,20.486187065763794,89.54774398390452,0.307876910141257,0.17861598441206877,0.4739892466276296,0.608,False,69.06155691814072,869.1018658067533
540,Dewas,Madhya Pradesh,road,1485010.8824837557,54.70235962994474,25.846922880620024,96.67637940628593,0.30150666959036804,0.18396823810664437,0.4407630074157495,0.815,False,70.8294565256659,812.3359934800801
541,Anuppur,Madhya Pradesh,road,711526.7798540537,147.67855973784464,68.23005918265797,270.44470983270025,0.298430595624368,0.2130321203627945,0.39454845776414027,0.9985,False,202.2146506500423,1050.772500637531
542,Jhabua,Madhya Pradesh,road,973455.7992141846,70.27426674514453,31.844886207146438,131.54271551949617,0.2842802510060005,0.1889520791243971,0.40204672643230366,0.9365,False,99.69782931234974,684.0889249858546
543,North 24 Parganas,West Bengal,road,7704329.421039488,21.28150178734975,5.131906081033241,54.910937788945354,0.3284684807899401,0.1274022167329335,0.6016455287917695,0.0995,False,49.77903170791211,1639.5970034418315
544,Dindori,Madhya Pradesh,road,669064.2520989985,162.398941815674,80.18220377265948,282.3569557800278,0.2780371647853879,0.1914639641733962,0.38082288510165363,0.999,False,202.17475200736834,1086.553265475727
545,Hooghly,West Bengal,road,3968526.739130436,20.07920498851881,6.347725679124929,48.634518476828,0.30285815521499626,0.1324762240353166,0.5295922030920069,0.06,False,42.28679279770307,796.8486189741814
546,Khunti,Jharkhand,road,550966.1419924282,110.45447369959805,29.292626032353283,239.64044206410273,0.28105867525187395,0.20027078700840034,0.37778526186111094,0.937,False,210.34781603174946,608.5667524007167
547,Narsinghpur,Madhya Pradesh,road,1036899.3531963424,62.40511686587444,33.907960709810695,104.90684934409497,0.29153159272922924,0.1967010786947386,0.4038246197230079,0.9375,False,70.99888863428427,647.0782531436737
548,Dhar,Madhya Pradesh,road,2075778.7652205266,83.436029657342,32.66595386054289,172.60798849197033,0.29980831282741494,0.1639807499810561,0.45977905876806074,0.9305,False,139.94203463142745,1731.9473861702063
549,Jashpur,Chhattisgarh,road,567779.3333333333,141.61811329002836,65.11562946001425,248.45056915772818,0.2816766428068607,0.20041687241987377,0.37829027008237287,0.999,False,183.33493969771393,804.0783795173676
550,Indore,Madhya Pradesh,road,3111775.933339435,43.08759256733477,24.37421246754521,75.35941186307913,0.3424311715759503,0.18278409200530724,0.5477709791272661,0.566,False,50.985199395533925,1340.7893357656744
551,Saraikela-Kharsawan,Jharkhand,road,1103264.4186729982,47.617451810152055,22.35799282125557,87.35206412725404,0.29378741837237693,0.19803941327798763,0.40783438160077085,0.678,False,64.99407130599846,525.3464029001691
552,Mandla,Madhya Pradesh,road,1001810.0516951786,154.85613792818785,63.06050024209477,308.8373751258547,0.2854614241275966,0.19237474862708823,0.39802717464124454,0.996,False,245.77687488375992,1551.3643554315356
553,East Singhbhum,Jharkhand,road,1374505.5833333335,25.28450977077544,8.637452565856842,57.33278693847191,0.2894742125853843,0.18440451524344342,0.4166740667091899,0.1245,False,48.69533437261507,347.53699851777066
554,Hoshangabad,Madhya Pradesh,road,1178870.995655353,76.21594021526248,33.72653559570928,146.78143374813263,0.30458688408067225,0.19916360106522216,0.4248679959596352,0.945,False,113.05489815242335,898.4876132637534
555,Korba,Chhattisgarh,road,804426.6666666666,77.39055994889446,36.62664042354922,138.3266747600556,0.3075838724919952,0.21700180214309328,0.4077856204337837,0.9705,False,101.70003433650638,622.5503017115601
556,West Singhbhum,Jharkhand,road,1374505.5833333335,29.067070606707176,11.435586177476264,62.756604659798846,0.29171660675458566,0.18347183129266917,0.4292585872770431,0.176,False,51.321018482322586,399.5285084006324
557,Howrah,West Bengal,road,3968526.739130436,20.2857887551069,6.1573900729007836,46.700790403964,0.3022219256340851,0.13453520135481797,0.5162857901852304,0.0595,False,40.54340033106322,805.0469509899325
558,Simdega,Jharkhand,road,621087.5987921001,101.27672810720134,38.90749593691925,194.9058193256075,0.2785246795777024,0.19600660890948032,0.3787749926217051,0.972,False,155.99832338868825,629.0171987362207
559,Kolkata,West Bengal,road,3461015.9684424405,18.435090390751743,4.974382990630296,47.653760915114226,0.3650971646922953,0.15789231472426565,0.6405771049290638,0.0505,False,42.67937792448393,638.0414222207157
560,Koderma,Jharkhand,road,741954.4786887291,43.481237132880985,23.848844517839016,75.80385457430454,0.2920175094065179,0.21164345132871346,0.387791965166968,0.608,False,51.955010056465525,322.6109862966772
561,Hazaribagh,Jharkhand,road,1796719.2503175628,42.262663214586986,19.079500213604373,81.82775899579994,0.28956744540620927,0.1629691531782838,0.4358510040688616,0.522,False,62.74825878219556,759.3414056733637
562,Vaishali,Bihar,road,3533399.45269122,31.94299999410227,10.452856935331544,69.98126126050016,0.28029825194526725,0.12460450738082945,0.4932083127486979,0.2625,False,59.528404325168616,1128.6737869647661
563,Begusarai,Bihar,road,3003160.1937718913,25.094639306728148,8.866541045160997,54.42150192175455,0.2880362972538859,0.14629533691473323,0.47446644749116823,0.1275,False,45.554960876593555,753.6322184302942
564,Bhagalpur,Bihar,road,3071123.384324156,32.60548298151839,12.457475692351041,68.42021014149577,0.2913808905350473,0.13994949610879442,0.4821385793191617,0.259,False,55.96273444914473,1001.3546124172444
565,Lakhisarai,Bihar,road,1011902.9078772558,30.634905607429378,15.641677926924332,55.39229228990338,0.2863556995969454,0.1888074845548619,0.3930068319185744,0.18,False,39.75061436297905,309.9955006670304
566,Sheikhpura,Bihar,road,643329.6036059401,34.55055503436861,17.462007790966716,60.37927852508511,0.2901710811168905,0.21018137625756952,0.38291821841219276,0.2995,False,42.9172707341184,222.27394874625574
567,Arwal,Bihar,road,708538.8822048488,38.799008882800585,20.294174352056988,68.90231972394464,0.2795361710724242,0.19444738212701707,0.38436708083654975,0.4425,False,48.60814537188766,274.90606384475524
568,Jehanabad,Bihar,road,1137669.941984988,46.15749902996147,21.87163432905657,85.94544068052117,0.2837519816423526,0.18457214706384795,0.40851450657883615,0.636,False,64.07380635146461,525.1199924358841
569,Nalanda,Bihar,road,2909252.200554803,32.81339239191241,12.047542631613918,70.04589717264233,0.28518800113725173,0.13763619953937106,0.4719974317260005,0.2705,False,57.998354541028405,954.624340238394
570,Patna,Bihar,road,5902576.561215754,32.59335769662161,16.280660167566868,62.03887287044397,0.3332087700386147,0.1583330355159008,0.5849884904782567,0.236,False,45.7582127028771,1923.847891913998
571,Saran,Bihar,road,3995256.9749684567,30.210722089239674,10.336884892297729,67.90594541863292,0.27965722634324164,0.12103187898491735,0.49234129048301156,0.2265,False,57.56906052633519,1206.9959814586844
572,Siwan,Bihar,road,3367035.46983203,25.273640239895727,7.675303330671761,57.58947282794463,0.2822769973578479,0.13044538502553096,0.4787154572762538,0.1315,False,49.91416949727287,850.9724313950301
573,Muzaffarpur,Bihar,road,4853781.949560994,25.3928713482461,7.305250606426982,61.37319347608394,0.28017624133776187,0.11374701131437825,0.5174118247768674,0.146,False,54.06794286965696,1232.5146059764147
574,Madhepura,Bihar,road,2023743.134939127,27.339656322301707,10.72875543274537,55.438145377580376,0.2781461137413429,0.14958229193845546,0.4422562536180241,0.1315,False,44.70938994483501,553.2844179385318
575,Araria,Bihar,road,2842442.5392017965,25.415299711529993,8.339386212403909,60.50491616363403,0.2794775200773628,0.13905436919986738,0.4546968952162504,0.136,False,52.16552995123012,722.4152904661601
576,Supaul,Bihar,road,2253553.245719306,24.29776973037894,9.325352251731081,53.70798859671448,0.27685673879972683,0.14784151740443732,0.45078165460284514,0.108,False,44.382636344983396,547.5631783963577
577,Madhubani,Bihar,road,4536654.430007166,23.53315720782988,6.51404967185414,59.980943303573625,0.27652673312855974,0.10985101880711305,0.5067563479739323,0.1195,False,53.466893631719486,1067.618018989565
578,Purnia,Bihar,road,3300467.432912523,25.76849680435196,8.991846232610452,54.45406805658469,0.2834915577398724,0.13330083666092754,0.48095198491052066,0.125,False,45.46222182397423,850.4808449787407
579,Surajpur,Chhattisgarh,road,946118.4444444445,106.77439830252406,53.46306173089761,187.6723330880322,0.2951116581053689,0.19922722694222483,0.40751509262672275,0.9985,False,134.20927135713458,1010.212276284756
580,Surguja,Chhattisgarh,road,1573257.3333333333,108.81997589665447,49.476389438727466,196.27755611660757,0.2928411771654757,0.1776702719661653,0.4380600163184499,0.991,False,146.8011666778801,1712.0182509256822
581,Aravalli,Gujarat,road,1888740.375,44.34678731801927,20.983152377690256,80.35371091721571,0.3071972788700715,0.1836732892352693,0.4521977463012483,0.5885,False,59.37055853952545,837.5956770908095
582,Mahisagar,Gujarat,road,1888740.375,37.903535934456,16.407679010496278,74.34458539910477,0.3067738720630432,0.18214403885339606,0.4537225307118386,0.3945,False,57.93690638860849,715.8993867467041
583,Amethi,Uttar Pradesh,road,2664164.546666667,29.410939769755146,11.563630349251435,62.794746754251285,0.2893542772038535,0.15025367649201452,0.46180746021286323,0.199,False,51.23111640499985,783.5558301873036
584,Ghaziabad,Uttar Pradesh,road,4380969.009108135,43.43384732716394,24.82896951304563,75.62795505195042,0.38724257706283927,0.21034630889867892,0.6096413679108889,0.5675,False,50.79898553890479,1902.823390866394
585,Agar Malwa,Madhya Pradesh,road,2258746.6472666366,39.419884515280685,14.986567954518662,83.20005155897039,0.30548823439791717,0.1685602328393842,0.47400331662379,0.4275,False,68.21348360445172,890.3953198452825
586,Sambhal,Uttar Pradesh,road,2664164.546666667,35.61434139845304,14.149003838655636,73.24884200735346,0.28960552294937714,0.1539263449316966,0.46717591980128326,0.358,False,59.09983816869782,948.8246570664155
587,Charkhi Dadri,Haryana,road,1152339.1818181819,55.11144153504167,25.724064699188478,99.6245277556751,0.30439444369311025,0.1995726752630281,0.4249550029886824,0.816,False,73.90046305648663,635.0707344731048
588,Alipurduar,West Bengal,road,3968526.739130436,20.223205633829355,6.3413656873202795,48.4196863988047,0.3014404266547465,0.1393781413672355,0.5066991500588588,0.072,False,42.07832071148442,802.5633230878508
589,Paschim Bardhaman,West Bengal,road,5940054.800362343,18.579215008988037,4.475105561562085,51.80940604706064,0.3131822191946113,0.11805994107992522,0.5773820212336281,0.0605,False,47.33430048549856,1103.6155530110348
590,Kalimpong,West Bengal,road,3968526.739130436,20.16379644416899,5.971352044882074,47.66347987013719,0.29969184825047623,0.12495511247870288,0.5249029438999675,0.0655,False,41.69212782525511,800.2056535106784
591,Ajmer,Rajasthan,road,2578198.8202728834,52.097064895227525,20.685516399295544,102.78801746554124,0.31359185322160366,0.16922426923782993,0.4871916349142526,0.68,False,82.10250106624571,1343.1659125255544
592,Cooch Behar,West Bengal,road,3968526.739130436,20.2565786294851,6.211808876939926,49.116244708869395,0.3068724330675819,0.13607309224860878,0.5364490238902065,0.055,False,42.90443583192947,803.8877393440979
593,Uttar Dinajpur,West Bengal,road,2314531.2519033295,16.579884390389502,6.202773176960653,35.90074453437186,0.2868634754701903,0.15829428052321062,0.4561388416595147,0.0155,False,29.697971357411205,383.74660574500683
594,Datia,Madhya Pradesh,road,747155.4930646727,42.324400263441056,21.812586097618905,72.49875085859773,0.29209142317331216,0.20727819693713329,0.3936783942652038,0.552,False,50.686164760978826,316.22908147497867
595,Rajsamand,Rajasthan,road,1154423.9221398393,50.38507968087164,25.32140533932292,89.6892509874663,0.28888013060931717,0.19040243588381028,0.41638048446553233,0.7485,False,64.36784564814337,581.6574130252015
596,Mahoba,Uttar Pradesh,road,819700.0950051411,32.524633713281084,15.071036257393981,63.79535412972603,0.2889608200948981,0.1966904080159167,0.39046312254224325,0.2305,False,48.72431787233205,266.6044534478392
597,Chhatarpur,Madhya Pradesh,road,1673672.027202725,62.12698521128471,26.911498230427462,119.78871228119604,0.29803848191195875,0.17626144266218988,0.44638286627439344,0.853,False,92.87721405076857,1039.8019728256459
598,Chittorgarh,Rajasthan,road,1541436.413089084,53.22001402104099,25.394162669572545,95.28328436813665,0.2918277049554842,0.17752408016570087,0.4276408225284655,0.797,False,69.88912169856411,820.3526751714417
599,Panna,Madhya Pradesh,road,965357.0262243359,58.46401663791776,29.860226340542546,103.19803480454252,0.28336652417435326,0.18936486117258033,0.39889800849570944,0.888,False,73.33780846399998,564.3864924271038
600,Sabarkantha,Gujarat,road,1958145.112092488,48.629043986536054,20.322203254487373,99.50098719169455,0.29344984328089135,0.1650627246788145,0.44678081149519683,0.644,False,79.17878393720717,952.2272478796617
601,Kutch,Gujarat,road,1888740.375,46.91896153715186,21.156085356492184,89.65993299603338,0.30695917981191256,0.18250179338690115,0.4607311979584669,0.6205,False,68.50384763954119,886.1773700829077
602,Surendranagar,Gujarat,road,1416059.9425116598,33.11401964123178,14.798603208305765,60.169044010167475,0.3042554400024348,0.19260365509044572,0.43673080530227826,0.2665,False,45.37044080186171,468.91436749492647
603,Kheda,Gujarat,road,1854372.4652976817,52.52130417053684,23.02039990539433,99.47465685170354,0.29840454900256685,0.16870130297250913,0.4559024397336758,0.748,False,76.45425694630921,973.9406029536781
604,Anand,Gujarat,road,1687357.7178378035,43.29977365686739,19.4835532234768,80.06784090461122,0.30412413593799326,0.18513066672110529,0.44370737916953334,0.549,False,60.58428768113441,730.622072605452
605,Kishanganj,Bihar,road,1708962.102038654,22.64728737609736,9.079713858281773,47.740992449700855,0.2823702778285135,0.16165394200393385,0.4367256035103,0.068,False,38.661278591419084,387.0335583972882
606,Morbi,Gujarat,road,1888740.375,35.7064920255217,14.357909032278055,74.66596373749152,0.30646300847096786,0.1733687350978982,0.4677052377156163,0.3395,False,60.308054705213465,674.4029313821835
607,Leh,Jammu & Kashmir and Ladakh,road,133487.0,80.47412569941686,28.19226547422396,172.28972097513312,0.29796305525659855,0.2553347667258263,0.3447521498331511,0.904,False,144.09745550090918,107.42249617238058
608,Kargil,Jammu & Kashmir and Ladakh,road,140802.0,20.379427655237713,11.62164780465511,31.207565960719094,0.28515604889858764,0.23054047178453738,0.34316685644928246,0.0005,False,19.585918156063983,28.694641727127802
609,Kupwara,Jammu & Kashmir and Ladakh,road,808922.7412283361,17.293089252468217,6.867797822503424,33.30817358011484,0.2809384918553284,0.19306205242985944,0.3844693989162706,0.01,False,26.440375757611417,139.88773162412866
610,Bandipora,Jammu & Kashmir and Ladakh,road,364547.5112856065,18.899552469334058,8.550159441684231,34.40551686625765,0.28640278586258056,0.21926582577568804,0.36200964443598577,0.009,False,25.85535742457342,68.8978481710747
611,Baramulla,Jammu & Kashmir and Ladakh,road,936889.669197902,18.903999434397367,8.236529626790473,36.82967475669623,0.28587054212765445,0.19466969804113715,0.3944542139607564,0.013,False,28.593145129905757,177.10961776609875
612,Ganderbal,Jammu & Kashmir and Ladakh,road,276451.6894130476,17.595874125383983,8.649666582108425,30.672895324753117,0.2859745412226065,0.22534635104594303,0.35258861759545174,0.0055,False,22.02322874264469,48.64409128661733
613,Anantnag,Jammu & Kashmir and Ladakh,road,1002555.8446115907,15.379956384662151,6.317529529071857,29.79997429465632,0.2908701600425083,0.19784141072895478,0.40315492963867955,0.003,False,23.48244476558446,154.1926516331439
614,Kishtwar,Jammu & Kashmir and Ladakh,road,214413.03275496204,23.311329703814103,13.532476915666578,35.985839170115725,0.2786265308463357,0.21582590621627987,0.3508213310990046,0.012,False,22.453362254449146,49.98252899345613
615,Srinagar,Jammu & Kashmir and Ladakh,road,1149531.2310975785,13.191288396761331,7.647990089920271,23.28568028408985,0.3534062286957834,0.19580263671736722,0.542105399770164,0.0,False,15.63769019416958,151.63797990492256
616,Budgam,Jammu & Kashmir and Ladakh,road,700544.2286554117,23.138458285342196,12.628555455279521,38.05925558917166,0.2827850221553808,0.1988046936337712,0.3787173100095063,0.0205,False,25.43070013389214,162.09513411780472
617,Pulwama,Jammu & Kashmir and Ladakh,road,520883.0672278277,16.61915588559638,7.505729593363196,30.092570228011596,0.2821403007900111,0.2057137751336981,0.370075990881998,0.0045,False,22.5868406346484,86.56636892426847
618,Punch,Jammu & Kashmir and Ladakh,road,443179.06887727714,17.47834220451988,8.472263127865542,30.195522332240134,0.28109451876538843,0.20432101160151678,0.36371074613797344,0.001,False,21.723259204374592,77.46035423717537
619,Shopiyan,Jammu & Kashmir and Ladakh,road,247425.0334416818,23.524673322512257,13.227039496324855,38.946594228657794,0.2782730388350311,0.20936823907384525,0.3518803316226499,0.022,False,25.719554732332938,58.20593083527235
620,Kulgam,Jammu & Kashmir and Ladakh,road,394522.17369579256,16.260221709451887,8.219106616014612,27.62899404596582,0.2900804072094918,0.22181941836185254,0.365591932439333,0.003,False,19.409887429951205,64.15018013588474
621,Rajouri,Jammu & Kashmir and Ladakh,road,597072.1141124205,21.8751683247471,11.308178803716332,36.7127673397361,0.27804059131388287,0.19601980318422435,0.3723479255435896,0.0125,False,25.404588536019766,130.61052998221808
622,Ramban,Jammu & Kashmir and Ladakh,road,263687.99095783435,24.087958917697215,14.042161559601661,37.87917156716643,0.2771464171867437,0.20970542722205696,0.3578471521180056,0.017,False,23.83701000756477,63.51705493282429
623,Reasi,Jammu & Kashmir and Ladakh,road,292457.1981217951,24.14277309608294,14.029684780862453,36.876998695913464,0.2815877107667133,0.2167244476352082,0.35565642575189643,0.015,False,22.84731391505101,70.60727774570672
624,Doda,Jammu & Kashmir and Ladakh,road,381001.9289256776,22.301069438580132,12.604005376256113,35.969323349073235,0.2786052964695306,0.20674464151366953,0.3595579615309841,0.014,False,23.365317972817124,84.96750473204509
625,Lahaul and Spiti,Himachal Pradesh,road,31564.0,45.039668623530424,28.713211403225184,67.07723780097496,0.27223401098279465,0.21358858998463714,0.338315257528982,0.7515,False,38.36402639774977,14.216321004331144
626,Chamba,Himachal Pradesh,road,519080.0,62.73301967545865,35.24685512758058,101.07011269081416,0.2794051622111283,0.1954806246732566,0.37114159632208044,0.9465,False,65.82325756323357,325.63455853137077
627,Jammu,Jammu & Kashmir and Ladakh,road,1421970.6226710312,44.302609236467426,17.721171033231816,78.96753014870956,0.30896298397961947,0.18762060405800796,0.45055212412385237,0.5825,False,61.246359115477745,629.9700884193096
628,Kathua,Jammu & Kashmir and Ladakh,road,572925.832464824,37.27655076174864,20.309897013923187,61.02367826725445,0.2845756374730481,0.2050444745005074,0.3739286256937692,0.4,False,40.71378125333126,213.56698876592108
629,Gurdaspur,Punjab,road,2118579.704138289,54.263944816716844,22.903365798945835,105.98579413431024,0.30148386016595896,0.17506453187623905,0.4659019711112058,0.7575,False,83.0824283353644,1149.6249215517641
630,Kangra,Himachal Pradesh,road,1510075.0,48.97130862284012,25.459083534341346,81.14354984543706,0.28638510507047543,0.17680808975816448,0.41987771446897076,0.749,False,55.68446631109572,739.5034886863529
631,Kullu,Himachal Pradesh,road,437903.0,47.47097653144962,29.102242598791474,71.84497309713984,0.2819645969843498,0.20830893439653247,0.3624781074181283,0.782,False,42.742730498348365,207.87683036051382
632,Hoshiarpur,Punjab,road,1462540.9583763524,44.65992807285301,20.877078938884246,79.28083318428368,0.29477647640963356,0.18556046815823019,0.43415936314844944,0.611,False,58.40375424539943,653.1697400468942
633,Amritsar,Punjab,road,2295871.055369613,34.1998506893002,19.978121322507914,55.839903497642965,0.2946874620473425,0.1696640519573535,0.4607186176158427,0.257,False,35.86178217513505,785.1844729552685
634,Mandi,Himachal Pradesh,road,999777.0,51.86292788104349,28.785287089208747,82.98711677484225,0.282365805762193,0.18402748234485122,0.4016005106789425,0.826,False,54.2018296856335,518.5136244812601
635,Kinnaur,Himachal Pradesh,road,84121.0,94.72517502927677,43.94616641671427,173.71878099909114,0.2721839083413549,0.2104482089257142,0.3433014030322292,0.987,False,129.77261458237686,79.68376448637791
636,Una,Himachal Pradesh,road,521173.0,32.64282293625335,18.081344789878344,54.483666937841186,0.2817829804074729,0.20727841643460124,0.3680952856968012,0.213,False,36.40232214796284,170.1255795815597
637,Shimla,Himachal Pradesh,road,814010.0,48.77624296678329,27.425586708882676,78.01187410950129,0.29610381525236573,0.20929601385552418,0.3942429892283728,0.793,False,50.586287400618616,397.04349537391266
638,Jalandhar,Punjab,road,2022037.482634386,55.27740420794769,24.49515578487013,105.4798173485913,0.32050261830012616,0.1829518939546754,0.4891467065582052,0.777,False,80.98466156372118,1117.7298325120196
639,Tarn Taran,Punjab,road,1032065.1354945499,59.96042259138099,28.79432556277784,106.84357416903147,0.2888073370784984,0.19218029327315117,0.4097673981235189,0.8885,False,78.04924860625363,618.8306166608409
640,Rupnagar,Punjab,road,631084.8680124964,50.409185583941586,28.501613762721927,81.8436894431832,0.2973780523878687,0.21843321203714997,0.386012093832262,0.822,False,53.342075680461264,318.1247423085921
641,Uttarkashi,Uttarakhand,road,330086.0,35.54097932420242,20.429616888973467,55.595136036847045,0.27783513148833483,0.20974804414256223,0.3589843745634793,0.3095,False,35.16551914787358,117.3157970120868
642,Solan,Himachal Pradesh,road,580320.0,39.10853357642078,23.02936868601168,61.92313952270683,0.2900788812828015,0.2143835918324333,0.3751590028839919,0.4645,False,38.893770836695154,226.9546420506851
643,Shahid Bhagat Singh Nagar,Punjab,road,564423.511682612,48.575899326392744,26.62819512496798,80.7057329902206,0.2891558853184764,0.21345617760694263,0.3728599822488083,0.7555,False,54.077537865252616,274.17379680943617
644,Fazilka,Punjab,road,1261060.8181818181,49.99797389420949,23.98467059611913,91.33305892427005,0.3017573902120835,0.1941375374681695,0.4361262945754641,0.7305,False,67.34838832815092,630.50485866465
645,Moga,Punjab,road,917872.4078716895,74.65800607054442,39.60190781843759,125.32296963651038,0.29674968152522263,0.19903572534717337,0.4110495410168198,0.9795,False,85.7210618180728,685.2652379886982
646,Ludhiana,Punjab,road,3225115.6323445807,68.83407212885969,42.7760576526301,112.08718505034194,0.3825665973902317,0.22088844839119176,0.5739629231689222,0.895,False,69.31112739771184,2219.9784206071977
647,Chamoli,Uttarakhand,road,391605.0,53.586735101644855,29.27290693816896,87.46760006308551,0.28145328193902175,0.21265131314358526,0.3631438946546581,0.858,False,58.194693124916554,209.84833399479632
648,Dehradun,Uttarakhand,road,1696694.0,28.747128329083658,13.417231778801769,52.12164005125028,0.30247788164455974,0.17271678239152705,0.45670616580382284,0.15,False,38.70440827244851,487.75080153186263
649,Sirmaur,Himachal Pradesh,road,529855.0,34.16988347578344,17.752398917465225,59.77025536779265,0.2826122679587266,0.2037599778082506,0.37048878115368233,0.2805,False,42.01785645032743,181.05083609061236
650,S.A.S. Nagar,Punjab,road,564423.511682612,59.89637136912737,27.68683593887427,111.93319304604157,0.2893058879100223,0.2139748179118015,0.3794006749325743,0.8555,False,84.2463571071673,338.0692026520873
651,Faridkot,Punjab,road,569214.995430593,63.85048296335152,35.71298438476376,104.38627242414533,0.3023719122820323,0.22397987449508372,0.38916930230178387,0.956,False,68.67328803938157,363.4465236822529
652,Fatehgarh Sahib,Punjab,road,553226.48338582,57.25648323720033,34.404944922628324,90.75010754228771,0.3013629667020022,0.22463057803651307,0.3861003366719021,0.931,False,56.34516261965938,316.7580287235549
653,Tehri Garhwal,Uttarakhand,road,618931.0,51.45651635718593,26.91511988284915,84.79741811508119,0.2794814168551729,0.19510334340204077,0.37512063618190067,0.808,False,57.88229823223203,318.4803312546945
654,Chandigarh,Other Union Territories,road,1055450.0,40.632116037518415,30.060883754722184,56.26712689949779,0.33218452617661187,0.2353294449682088,0.4399540933991669,0.538,True,26.206243144775605,428.85166871798816
655,Sri Muktsar Sahib,Punjab,road,831362.0674045844,76.69300138222886,39.75142974001843,130.14648675161294,0.3007888142159795,0.21222991324190135,0.4026542968587548,0.9785,False,90.3950570115945,637.5965218459243
656,Rudraprayag,Uttarakhand,road,242285.0,56.281371350821104,30.747237568864207,94.52536542787179,0.2750870736196247,0.2055319374740379,0.3568901132179631,0.8815,False,63.77812785900758,136.36132057733693
657,Pithoragarh,Uttarakhand,road,483439.0,46.889190114516474,26.688722943434474,74.23244871398559,0.2817629832499363,0.206530781855711,0.3659091691424968,0.753,False,47.54372577055112,226.6806317977173
658,Sangrur,Punjab,road,1525724.3870069038,54.08910650846981,25.998749901559684,96.4916045408927,0.30259928817191495,0.19170375281534335,0.4388714300422241,0.8075,False,70.49285463933302,825.2506887138622
659,Barnala,Punjab,road,548953.0477075515,68.56472917597546,39.51213226027383,111.06872397642333,0.3012969595775461,0.2239982396020128,0.39060620208364216,0.982,False,71.5565917161495,376.38817046394604
660,Bathinda,Punjab,road,1279933.622771307,71.6135229720457,33.84173302320178,127.3729416606392,0.30668174439071766,0.19742299643126904,0.43262121873689063,0.9545,False,93.53120863743742,916.6055589702665
661,Patiala,Punjab,road,1747431.446763182,53.61223816300818,24.35368049827396,102.40270791900042,0.3088384785310981,0.18341982965133058,0.4614653477382666,0.77,False,78.04902742072646,936.8371089739767
662,Yamunanagar,Haryana,road,1168657.29849138,77.83176535930279,38.01715337532228,136.30052962218124,0.30897798138123256,0.20392120638711897,0.43245712660782115,0.97,False,98.28337624685896,909.5866064161777
663,Saharanpur,Uttar Pradesh,road,3243755.584998494,31.53455593584224,10.783693443999532,74.20858791884545,0.29656718535148696,0.14193810065393916,0.4947027621229214,0.2535,False,63.42489447484592,1022.9039193733568
664,Ganganagar,Rajasthan,road,1965468.2191915275,59.19858189219087,24.10811208095782,118.83005458165539,0.30153637266136524,0.172056596101471,0.45809016464417285,0.7915,False,94.72194250069757,1163.529313303082
665,Mansa,Punjab,road,709551.6364932833,68.13278371730088,37.62825909038154,111.21435397606973,0.29535041689959707,0.20827851723465415,0.3950445819432028,0.9685,False,73.5860948856882,483.4372818545377
666,Kurukshetra,Haryana,road,928468.5092518992,77.49208807259089,41.89887752556168,127.7551890889688,0.30118724468840413,0.20823423555431045,0.40661591205284353,0.9885,False,85.85631156340713,719.4896349157534
667,Bageshwar,Uttarakhand,road,259898.0,65.39629539578362,34.984495251161235,111.22859400629639,0.27578127139827563,0.2066751818963242,0.3509948647293318,0.956,False,76.24409875513516,169.96366380773372
668,Haridwar,Uttarakhand,road,1890422.0,26.45864093692885,11.735609902630268,49.671112127934784,0.28586888023974516,0.16571382882628385,0.43494502430114496,0.104,False,37.93550222530452,500.1799691727091
669,Pauri Garhwal,Uttarakhand,road,687271.0,37.50778849044282,19.84268953552933,63.870411998429596,0.28031939418116353,0.19540518520048014,0.3754200023019618,0.396,False,44.027722462900265,257.78015303615126
670,Kaithal,Haryana,road,1034004.3159091616,65.41359782166624,32.81333097875048,115.33562477202324,0.29798819374454694,0.20038343517336796,0.40992957919543593,0.941,False,82.52229379327275,676.3794246674903
671,Sirsa,Haryana,road,1246603.397099956,61.78023496160968,29.91980596809719,109.44752702775178,0.29973694249659893,0.19305625495830356,0.4228674084917538,0.9045,False,79.52772105965458,770.154507767761
672,Hanumangarh,Rajasthan,road,1771357.611363505,50.84452472697521,23.442384855534936,97.97581564965598,0.29403785873408367,0.1729474551902052,0.44169681706094166,0.707,False,74.53343079412105,900.6383587128746
673,Karnal,Haryana,road,1448855.7362177211,89.36317430106772,44.69973130354098,154.90719133049376,0.30375895764606486,0.18767410092016412,0.44049281602736634,0.989,False,110.20746002695279,1294.74347692726
674,Almora,Uttarakhand,road,622506.0,44.6173835591328,25.819413065242255,72.4392199430424,0.277032975876912,0.19799590162481007,0.3710085082598251,0.6685,False,46.619806877800144,277.7458896986152
675,Jind,Haryana,road,1284104.802810787,70.00980582875867,36.90545315353882,117.61392246828736,0.29772918877980115,0.19635046230934192,0.41776672639214446,0.964,False,80.70846931474853,898.9992790855964
676,Fatehabad,Haryana,road,906673.9392517436,63.92351713068507,34.35084635634833,107.58461213364659,0.2919811523379388,0.1983923231097228,0.40148208516014505,0.9455,False,73.23376577729826,579.5778708770455
677,Bijnor,Uttar Pradesh,road,3446192.849402218,32.660846578371284,11.760412844252333,71.25074679188793,0.28720137068897467,0.13840749601052119,0.47988612697064276,0.274,False,59.490333947635605,1125.5557593380602
678,Muzaffarnagar,Uttar Pradesh,road,3877397.2953668353,31.799241022126022,10.094108307593034,75.06613749944866,0.29524959426856706,0.13342371965405606,0.5028515311848292,0.2655,False,64.97202919185563,1232.9829113390956
679,Hisar,Haryana,road,1678512.0232706757,61.38216923748659,29.061048015121813,111.89116870822802,0.3090603332019541,0.18715623098927123,0.45497973797593805,0.872,False,82.83012069310621,1030.3070907955666
680,Nainital,Uttarakhand,road,954605.0,40.66185958053308,21.135444588966028,68.48976095366166,0.29799480770671666,0.20567072880270146,0.4026096364188955,0.515,False,47.354316364695634,388.16014464874786
681,Panipat,Haryana,road,1160218.206910327,74.95069611307595,38.86010801853746,130.46687129555514,0.31665317614270516,0.21011461283241362,0.44686067379440286,0.974,False,91.60676327701768,869.5916225099379
682,Champawat,Uttarakhand,road,259648.0,47.00346537720597,28.420756544886768,72.39386615043655,0.2825386305647694,0.22256692741642675,0.35300035162719245,0.778,False,43.97310960554978,122.04355778260775
683,Udham Singh Nagar,Uttarakhand,road,1648902.0,30.544456212340236,14.183910030314577,53.62967188851076,0.2882571255282037,0.17600891820431797,0.4249332785822797,0.1895,False,39.44576185819618,503.64814937440246
684,Sonipat,Haryana,road,1395608.0328031918,73.95049039210996,36.783219016342706,135.25177622894276,0.30542617660068105,0.19466549310058073,0.43247044623355807,0.9675,False,98.46855721260005,1032.058984209639
685,Baghpat,Uttar Pradesh,road,1219360.482347623,31.988130279690957,15.997384427408697,58.39125117838206,0.2909406157974526,0.19321908485574293,0.411212503287105,0.2215,False,42.393866750973366,390.0506196724257
686,Meerut,Uttar Pradesh,road,3222520.030033585,36.891099627234865,22.262608464604202,62.576662616003624,0.3498703204459441,0.19691553146582882,0.5370787220460997,0.348,False,40.31405415139942,1188.8230747872888
687,Moradabad,Uttar Pradesh,road,4465526.625209318,31.10471357058642,9.270398869196347,75.78467719806639,0.2955707161847272,0.12624361988901356,0.5219192448382515,0.242,False,66.51427832887005,1388.9892661896324
688,Bikaner,Rajasthan,road,2359495.505549025,44.179510342300766,17.69598993137955,93.45092064628467,0.3113685267221903,0.17225865856841202,0.4788561848199833,0.536,False,75.75493071490513,1042.4135609001532
689,Rampur,Uttar Pradesh,road,2185802.3514995165,32.954792407405215,13.39843886920107,66.15785575539418,0.2920180614324048,0.16168599363348174,0.4540844425071282,0.2685,False,52.75941688619311,720.3266273728474
690,Bhiwani,Haryana,road,1573133.1020978696,63.15370647743852,29.615329620645255,117.8869941550346,0.2976653156227433,0.18107045690646215,0.4336240063787606,0.885,False,88.27166453438934,993.4918617983119
691,Rohtak,Haryana,road,1021395.7278945865,72.1144403146039,38.40932359314486,120.4493759014781,0.312786452369685,0.2065644033338119,0.44089696945455753,0.973,False,82.04005230833324,736.5738125684557
692,Shamli,Uttar Pradesh,road,2664164.546666667,28.271012240794043,10.36927322285512,60.01708548398773,0.28830713020856424,0.1527784752661154,0.4790243980083094,0.1725,False,49.64781226113261,753.1862851030285
693,Ferozepur,Punjab,road,1870387.6672663917,57.3250704387074,27.45477180561946,104.74214103336162,0.30194533175459637,0.17792189205273568,0.45176739693113044,0.8515,False,77.28736922774216,1072.2010477373553
694,Pathankot,Punjab,road,1261060.8181818181,58.49613656498772,28.936884007955978,102.3935152863196,0.30428924379592187,0.19299080644399955,0.43023841683351727,0.8665,False,73.45663127836362,737.6718583711878
695,Udhampur,Jammu & Kashmir and Ladakh,road,515813.09161629423,47.382435026755566,24.341534886933868,77.86397885070005,0.2868708756962906,0.21695090110329784,0.37182363447445177,0.7115,False,53.52244396376618,244.40480299458977
696,Samba,Jammu & Kashmir and Ladakh,road,296389.56600674434,49.241027719310594,25.03410271858141,83.03061259967913,0.286052607255965,0.2198570567781388,0.35791428004826137,0.74,False,57.99650988109772,145.94526835452535
697,Kapurthala,Punjab,road,751416.7417995647,53.72270254733098,30.707215729507446,87.41148437370781,0.3050561944398919,0.2176897989071824,0.40879864421286993,0.8625,False,56.70426864420036,403.6813810878262
698,Panchkula,Haryana,road,540237.5719438827,77.8119555407048,40.16012652868925,129.30530506327796,0.3203944016679465,0.2305487423305487,0.42230839865356634,0.982,False,89.14517853458871,420.3694192951572
699,Ambala,Haryana,road,1086022.9226141786,74.7159431755812,38.571136551573005,129.9631341740617,0.3120674978297702,0.20408649924870348,0.43325966812581407,0.9715,False,91.3919976224887,811.432269734196
700,Aurangabad,Bihar,road,2567965.2705937233,53.93241928692996,34.33465030719671,82.82086923979331,0.3565292148334712,0.22273406800329762,0.5195571380986771,0.9025,False,48.4862189325966,1384.9657968793522
701,Balrampur,Chhattisgarh,road,946118.4444444445,38.93074444047421,9.871936850108016,103.30134356903055,0.29187127060634593,0.1974943923748376,0.3977135780192434,0.386,False,93.42940671892254,368.33095371085665
702,Balrampur,Uttar Pradesh,road,2010668.210843695,42.35062984884117,13.919885988642463,95.14814805142596,0.2773466535663026,0.15106556168963897,0.4349954497327658,0.499,False,81.2282620627835,851.5306514627307
703,Hamirpur,Uttar Pradesh,road,1033362.9231227436,37.97547314720808,17.504621528613484,71.38183924477038,0.2863481175826354,0.1866684254029662,0.40032564327398584,0.4075,False,53.87721771615689,392.42445938368195
704,Hamirpur,Himachal Pradesh,road,454768.0,29.832126754080065,9.059570851418743,76.9819568363486,0.27868956158207253,0.20327829030011738,0.36435788036710964,0.2145,False,67.92238598492986,135.66696619699482
705,Pratapgarh,Rajasthan,road,866217.4395932336,55.04791312165239,27.619468232414143,97.43105160226104,0.28369618418282166,0.18721380125951417,0.39713675562887507,0.8315,False,69.81158336984689,476.8346235918851
706,Pratapgarh,Uttar Pradesh,road,3003035.7421073765,32.723511432342704,11.366627256388451,70.93147766387506,0.273807716611634,0.1304158162515203,0.45168662261215536,0.2825,False,59.5648504074866,982.6987443858449
707,Bilaspur,Himachal Pradesh,road,381956.0,36.181184880928775,20.62347632534394,57.12224059144317,0.2790435577310933,0.20490088318758745,0.3595376995671457,0.3355,False,36.49876426609923,138.1962065238003
708,Niwari,Madhya Pradesh,road,1396669.403846154,63.86868713102457,30.23400336799268,122.0894836578031,0.2980415727103618,0.18852678136118695,0.42315165961472595,0.894,False,91.85548028981042,892.0344117972461
709,Muzaffarabad,Jammu & Kashmir and Ladakh,road,570059.1818181818,22.939892442869198,12.674862428503197,36.08566493556472,0.2880895244989271,0.2101304250020232,0.37643092242576076,0.012,False,23.410802507061526,130.77096316979106
710,Mirpur,Jammu & Kashmir and Ladakh,road,570059.1818181818,34.318674759637936,15.081639141136138,64.9471265151738,0.2880615507346921,0.21384509437437815,0.38031510268588664,0.304,False,49.86548737403767,195.63675654563488
0,Aizawl,Mizoram,falls,320247.2,15.009544090719352,1.0430280981143334,41.092915898348004,0.23939579988980564,0.17610561618129783,0.30889089299580147,0.5165,False,40.04988780023367,48.06764468329419
1,Champhai,Mizoram,falls,100596.0,12.967488648559138,2.374249607090983,32.24308240377018,0.11410598331048433,0.09653913176915074,0.13383349568243666,0.5225,False,29.868832796679197,13.04477488090455
2,Kolasib,Mizoram,falls,67164.0,13.308529631426477,2.0886097187809223,36.844369850361836,0.15298915595494952,0.12943180346756575,0.18025769419316168,0.5085,False,34.755760131580914,8.93854084165128
3,Lawngtlai,Mizoram,falls,94315.20000000001,17.54634233790563,0.727594624839513,63.2755186933358,0.07464628574139302,0.062326431019697884,0.08924155488356293,0.515,False,62.547924068496286,16.548867868680375
4,Lunglei,Mizoram,falls,129142.40000000001,11.99312097533902,2.8293365117773033,26.26947745071008,0.12325135450781015,0.10276951505739208,0.14633732707193536,0.4985,False,23.440140938932778,15.488204262456218
5,Mamit,Mizoram,falls,69091.2,16.85183748918162,0.7925549991530864,58.40704440662394,0.07514616397068852,0.06323623810393283,0.08789625167323911,0.5125,False,57.614489407470856,11.643136743325451
6,Saiha,Mizoram,falls,45259.200000000004,12.755950142552054,1.974367484314073,32.01097527726037,0.12357880528193124,0.10844230212860502,0.13969887360378394,0.499,False,30.0366077929463,5.773240986917919
7,Serchhip,Mizoram,falls,51949.600000000006,12.048627742531295,3.435570919788755,26.72388882191159,0.14029294651885627,0.12100649429672859,0.16166101387393092,0.509,False,23.288317902122834,6.259213917734038
8,Khawzawl,Mizoram,falls,109720.6,12.44182422126151,2.3139643823579545,31.533131441584057,0.12317741409052074,0.10373008642006414,0.14403877130643233,0.497,False,29.219167059226102,13.651244186513459
9,Hnahthial,Mizoram,falls,109720.6,12.57711669141125,2.702043433780248,30.569645910885825,0.1230580236783711,0.10467572739124129,0.14452477274492265,0.509,False,27.867602477105578,13.799687896516572
10,Thiruvallur,Tamil Nadu,falls,3508803.7647058824,17.316691777252224,2.001681634105699,52.94339386577828,0.1823065527726024,0.0778101399509535,0.34173165160620567,0.606,False,50.94171223167258,607.60873300274
11,Chennai,Tamil Nadu,falls,4373394.823529412,36.43492868691617,0.2436597948633563,184.78058697519575,0.31042722068066186,0.12821173950307718,0.5510053532696253,0.5425,False,184.53692718033238,1593.4432851502247
12,Krishnagiri,Tamil Nadu,falls,1769232.0,18.731749885154276,1.2620532027699156,58.54564922460324,0.08583196045521793,0.04394590340810635,0.14457678950785796,0.6395,False,57.283596021833326,331.4081131281127
13,Tiruvannamalai,Tamil Nadu,falls,2319882.3529411764,19.630210100233874,1.063910055599231,68.68197140153663,0.08040518600864018,0.03594087968251079,0.1500899037674142,0.605,False,67.61806134593739,455.39777996060207
14,Dharmapuri,Tamil Nadu,falls,1418205.1764705882,20.93238116480159,0.9335289332837058,73.07692981095258,0.076037038499786,0.04088012125114386,0.12465560533578443,0.623,False,72.14340087766887,296.8641132377706
15,Salem,Tamil Nadu,falls,3277229.176470588,15.95793818898594,2.788516568127525,43.517906108241384,0.14403069674676056,0.06256139737552507,0.27478856630792936,0.631,False,40.72938954011386,522.9782062925894
16,Erode,Tamil Nadu,falls,2119288.470588235,16.420282295417504,2.5921475414869284,47.57919374943229,0.14383431600020286,0.07430146817549371,0.24104136760626574,0.6315,False,44.98704620794536,347.9931495248244
17,Nilgiris,Tamil Nadu,falls,692135.5294117647,15.19023439884301,3.0826343190678087,34.81552469337303,0.15802388746716536,0.10774803511550522,0.22110443835487487,0.655,False,31.73289037430522,105.13700927532007
18,Namakkal,Tamil Nadu,falls,1625036.2352941176,16.076541281689757,2.035750689422839,42.2925310544474,0.11805134010030104,0.06625628538873343,0.19437152321586593,0.6435,False,40.25678036502456,261.24962120947595
19,Perambalur,Tamil Nadu,falls,531974.5882352941,20.349103536078996,0.8151054696681235,65.48747049867733,0.07266624961275307,0.0506282194422904,0.09898667641047493,0.6045,False,64.6723650290092,108.25205974562991
20,Coimbatore,Tamil Nadu,falls,3254630.588235294,19.827513804582235,1.286601450171061,67.90033026572134,0.2182515439857486,0.09953342687855993,0.3887858846597812,0.5865,False,66.61372881555027,645.3123291705089
21,Tiruchirappalli,Tamil Nadu,falls,2562155.294117647,15.12079553938766,2.9753999434825262,37.278813352536346,0.13628242789623152,0.06622493123642863,0.24504063115069058,0.6555,False,34.30341340905382,387.418263425126
22,Ariyalur,Tamil Nadu,falls,710488.4705882353,23.291898095401724,0.6476647226071415,89.00813586959383,0.0655823345007613,0.04307534523449673,0.09574711944710212,0.5985,False,88.36047114698668,165.48625054899003
23,Tiruppur,Tamil Nadu,falls,2333225.411764706,15.966426559512694,2.286556174966173,41.78084190550888,0.16837360904941792,0.08838139972265104,0.2936683732612903,0.6335,False,39.49428573054271,372.53272183729945
24,Thanjavur,Tamil Nadu,falls,2264367.058823529,16.932492875068203,1.8119159859505654,45.68286694540098,0.10824002320113928,0.04931032676677664,0.19307206635605723,0.654,False,43.87095095945042,383.41379090068546
25,Karur,Tamil Nadu,falls,1001875.7647058823,15.609041096297464,2.3675826220774105,37.526159236590765,0.11800207754495562,0.0755243091681516,0.17418988878077163,0.667,False,35.15857661451335,156.38319984678566
26,Thiruvarur,Tamil Nadu,falls,1189907.7647058824,22.70742339881102,0.8978501973141902,80.5881641068526,0.07855612910605038,0.04503898745354517,0.12633488564720827,0.603,False,79.69031390953842,270.1973941870927
27,Dindigul,Tamil Nadu,falls,2032729.4117647058,16.622426028650835,2.044967641200598,44.976225980250355,0.11016880320601329,0.05710687403379076,0.18570794244483543,0.64,False,42.931258339049755,337.88894283321747
28,Madurai,Tamil Nadu,falls,2859531.294117647,16.532110473394138,2.2512408752318818,46.99199068897584,0.16368405124898652,0.0737005494395666,0.2981172093554615,0.6095,False,44.74074981374396,472.74087256480647
29,Theni,Tamil Nadu,falls,1172610.8235294118,15.881182486538503,2.7199920477630153,40.07956821639432,0.14792909239368554,0.09167613595324613,0.22499654153923668,0.6495,False,37.35957616863131,186.22446474160785
30,Virudhunagar,Tamil Nadu,falls,1828035.7647058824,15.769046083529185,2.7799608069199264,42.553760305797766,0.14034848785916615,0.0763514669465993,0.2291941486406819,0.642,False,39.77379949887784,288.26380215986575
31,Thoothukkudi,Tamil Nadu,falls,1647224.4705882352,16.108715384172722,2.4308093002904383,44.24073633683843,0.13117354795551905,0.07273533196135526,0.21041139405764464,0.637,False,41.80992703654799,265.3467017055047
32,Kanyakumari,Tamil Nadu,falls,1760352.0,25.010937284159226,0.7039396871280935,110.47732533218885,0.2465859760250806,0.1337098534553475,0.3933382741886991,0.573,False,109.77338564506076,440.2805347004427
33,Viluppuram,Tamil Nadu,falls,3255409.882352941,25.262873682839192,0.554723973809663,108.39352574510244,0.07379398833360883,0.030635244578247563,0.14538616712329142,0.5895,False,107.83880177129278,822.4100864374875
34,Cuddalore,Tamil Nadu,falls,2452624.9411764704,17.77934306674487,1.3983907405387002,55.125138481174545,0.10450309064949022,0.04853539482254573,0.19489335001533412,0.624,False,53.726747740635844,436.0606024323142
35,Pudukkottai,Tamil Nadu,falls,1523148.2352941176,20.716780914403294,0.9304315570747637,71.9205196891754,0.07919766424056121,0.04214587147273065,0.1327557730282702,0.6,False,70.99008813210064,315.5472829074823
36,Sivaganga,Tamil Nadu,falls,1260330.3529411764,17.43303037993458,1.7074251123945643,50.43026910614641,0.09777801462800911,0.05879716453202842,0.1546090117996068,0.6405,False,48.722843993751844,219.71377331577196
37,Ramanathapuram,Tamil Nadu,falls,1273830.5882352942,17.989186780867254,1.3118304932298746,56.0114083005054,0.09474775679475639,0.0558652015469784,0.15070959808034184,0.606,False,54.699577807275524,229.1517637894671
38,Nagapattinam,Tamil Nadu,falls,1521364.705882353,20.705424011216987,0.8501434529389174,72.77220398240834,0.08253591660859091,0.0461340939190612,0.13526164003104282,0.604,False,71.92206052946942,315.0050131099454
39,Kallakurichi,Tamil Nadu,falls,2121971.470588235,15.671322875196356,2.5791240344534674,41.30031490696196,0.12443615912057791,0.06029474217182766,0.21476894730603754,0.6645,False,38.721190872508494,332.5410004754346
40,Tenkasi,Tamil Nadu,falls,2121971.470588235,15.779613684099123,2.6413652049934653,42.665759242831676,0.12259801590152739,0.0610634070167243,0.2106331931975976,0.6565,False,40.02439403783821,334.83890054562056
41,Tirunelveli,Tamil Nadu,falls,2896219.294117647,17.735790294189645,2.0429728761626227,57.31872768175003,0.13761237722274028,0.061433042470402016,0.25142858189425604,0.619,False,55.27575480558741,513.6673804645654
42,Vellore,Tamil Nadu,falls,3704782.117647059,18.410901962451103,1.8063438752175258,65.01252156908927,0.12287669221148442,0.049661363587143265,0.23775994491400101,0.616,False,63.206177693871744,682.08380360242
43,Kancheepuram,Tamil Nadu,falls,3763060.705882353,18.621794343077024,1.594813361371277,64.69884653232596,0.17914319920549393,0.07281581922957002,0.34002324632340736,0.602,False,63.10403317095468,700.7494256545543
44,Burhanpur,Madhya Pradesh,falls,719703.4256611126,21.63661653347857,3.4120296174636113,58.249119040006384,0.10402680388881443,0.06894306178562482,0.1490110182337737,0.7685,False,54.837089422542775,155.71947038860395
45,Gondia,Maharashtra,falls,1389365.547007887,27.016564905476464,0.7050732522300339,114.60407211280105,0.07459338073807101,0.041292741694288544,0.12433899822355902,0.618,False,113.89899886057101,375.35884478171386
46,Bhandara,Maharashtra,falls,1261016.1643773264,30.89793090594514,0.5706510611466786,150.6857381429033,0.07939032020236414,0.046453888431505504,0.12802924440474467,0.594,False,150.1150870817566,389.6279031821059
47,Jalgaon,Maharashtra,falls,4443757.913192867,19.360740336449297,2.232009023168654,59.67476941917404,0.12038977967604213,0.04123585005235206,0.2602322562421657,0.6645,False,57.44276039600539,860.344430753689
48,Mahasamund,Chhattisgarh,falls,688502.6666666666,25.591276400896888,2.0429193471538625,77.92073511087295,0.06535871496794476,0.04251296054845494,0.09463153524681643,0.816,False,75.8778157637191,176.19662045421242
49,Wardha,Maharashtra,falls,1366533.8482470317,22.3717725295307,1.2431256968459419,85.96725104637369,0.0979945463209165,0.05617291685328371,0.159294109788618,0.6285,False,84.72412534952775,305.71784406886815
50,Buldhana,Maharashtra,falls,2717004.7197281555,20.121548728598018,1.2811237707028909,61.864777676125094,0.08512854308108982,0.03794657452510472,0.16331931820164478,0.6775,False,60.5836539054222,546.7034286384088
51,Valsad,Gujarat,falls,1375269.7712555276,21.188319710885494,2.2585517712269114,71.59180024107586,0.13352941257121811,0.07758792544627896,0.2123290851198281,0.6645,False,69.33324846984895,291.3965560207848
52,Akola,Maharashtra,falls,1905606.9282891417,19.3290622821891,2.5528129086562816,62.683518818671104,0.11660097070997641,0.06145397189933511,0.20376987834671242,0.695,False,60.130705910014825,368.3359500227188
53,Bhadrak,Odisha,falls,1541338.0673229115,32.1283017658973,2.344927799136191,110.34286162274704,0.0727412984670429,0.03843127917987338,0.1228913324305042,0.7835,False,107.99793382361085,495.20574550215423
54,Dhenkanal,Odisha,falls,1220527.0144871362,26.67964951626927,4.769172619973608,76.64921422318994,0.06690523002728826,0.03771123550125203,0.10749364901866423,0.899,False,71.88004160321634,325.63232971655293
55,Jajpur,Odisha,falls,1869648.4159307547,29.910657871911873,3.3462452894276975,98.39929213247486,0.06944889334869989,0.035599241882831555,0.1240218537749607,0.8245,False,95.05304684304716,559.224141096668
56,Subarnapur,Odisha,falls,624361.1395944573,30.834083907142762,2.2727961379921915,106.75446774587721,0.061765602838353965,0.04048629848968043,0.08787638065339265,0.786,False,104.48167160788502,192.51603766614772
57,Nuapada,Odisha,falls,624564.7635347823,28.14571878943003,3.2009981302592405,85.69694082912787,0.058302758804423635,0.03819830695756138,0.08666284063343409,0.841,False,82.49594269886863,175.78824200236846
58,Balangir,Odisha,falls,1687312.8981106346,26.753450502075218,3.5927544772279774,75.34210862073901,0.07337857431782124,0.03603282771222462,0.12961502030707764,0.834,False,71.74935414351103,451.41442101115956
59,Nashik,Maharashtra,falls,6415932.170441787,19.15161358474964,2.597542187888076,62.85447058940366,0.1925307145537195,0.05110545834122927,0.43968053090655534,0.6475,False,60.25692840151559,1228.7545371426515
60,Boudh,Odisha,falls,451412.7877469054,25.90059397537686,4.52009140080016,67.92262535875416,0.056126386847300966,0.038795836971558556,0.07717144259675757,0.9205,False,63.402533957954,116.91859330725572
61,Gadchiroli,Maharashtra,falls,1127183.9383366108,46.775734598203755,0.320198475820982,280.33568929554633,0.06603426547663824,0.037144712188123936,0.10954681844350143,0.5635,False,280.01549081972536,527.2485674299138
62,Washim,Maharashtra,falls,1257681.7047138214,21.065494623072194,1.2127942142654595,64.79941983763678,0.07278162220589343,0.04135623614268185,0.11754815594216735,0.6785,False,63.58662562337132,264.93687188185277
63,Cuttack,Odisha,falls,2685451.872686498,28.625296236821203,3.119807294972134,82.40018105963182,0.1331490492814181,0.05658744301194121,0.2474765747536841,0.786,False,79.28037376465969,768.7185538537726
64,Chandrapur,Maharashtra,falls,2315744.41634586,19.541094001974475,1.7056502426460483,64.48460726119552,0.10746685618104262,0.05130341444698556,0.1908122831105216,0.6575,False,62.77895701854947,452.52179324361964
65,Yavatmal,Maharashtra,falls,2912502.3879013276,21.454952122070203,1.0652999821308464,72.52012281748897,0.08691696836805395,0.037486438112370075,0.16607386309262334,0.657,False,71.45482283535812,624.8759928783812
66,Kandhamal,Odisha,falls,750144.4567418178,25.284161272523463,4.463060073051037,60.83499225393244,0.06406522719181179,0.04090938396484326,0.0949192647634921,0.8885,False,56.3719321808814,189.6677342194962
67,Jalna,Maharashtra,falls,2058084.393809343,21.19774504391653,1.3165679339948972,76.06636928757064,0.07920841330341158,0.03948461442199239,0.13981031032022562,0.635,False,74.74980135357573,436.26748258833953
68,Nayagarh,Odisha,falls,985160.2506608804,28.839763678418233,2.6731858144702105,93.1849050436211,0.0642149511306981,0.039555639497987925,0.10240851609516215,0.8155,False,90.51171922915088,284.1178881443106
69,Uttar Bastar Kanker,Chhattisgarh,falls,499294.0,24.3705699451376,1.8115685796437935,66.89851598159085,0.0662288580381651,0.045623440515615794,0.0924578750072572,0.8285,False,65.08694740194706,121.68079350187533
70,Khordha,Odisha,falls,2303992.6059462004,42.95460269547513,1.1947771159898284,207.29659554911015,0.20984166067054572,0.09389041525134804,0.375514281262886,0.681,False,206.10181843312031,989.6708700173143
71,Kalahandi,Odisha,falls,1613508.9404837112,27.08829542534856,4.051500531285726,80.98091439022778,0.06624103808702633,0.03428785772114009,0.11471476820820763,0.853,False,76.92941385894206,437.07206851263913
72,Jagatsinghpur,Odisha,falls,1163389.5228904276,29.43505351992173,2.8666480860464327,95.13020408118818,0.06953965825973574,0.040085053316917904,0.11118925244735352,0.8015,False,92.26355599514174,342.44432870795947
73,Puri,Odisha,falls,1738201.4881818937,29.034076708934226,2.8215905734246727,86.05568918742863,0.07930354234005788,0.0378531678504373,0.1415176624277934,0.8095,False,83.23409861400395,504.67075343456736
74,Ahmednagar,Maharashtra,falls,4772835.674350914,20.636306238240607,1.376884831702936,66.42370679256507,0.09976868044675676,0.029871235956117043,0.24008213709239773,0.645,False,65.04682196086213,984.9369860070507
75,Nabarangapur,Odisha,falls,1249315.755999912,29.014095945605863,3.283636411772351,88.76406784098216,0.0638487993688742,0.0350216351759075,0.10840084735663968,0.8385,False,85.48043142920982,362.4776721093857
76,Hingoli,Maharashtra,falls,1236864.9692909003,21.288270471141495,1.0810147311619656,72.54408766013837,0.07045813557058998,0.03989289015419123,0.11513845120807287,0.642,False,71.4630729289764,263.307160025448
77,Rayagada,Odisha,falls,990401.2648435155,25.285002648286863,4.510436149313721,70.60889229254396,0.07572132690545717,0.04618778008586147,0.11746933754170658,0.8705,False,66.09845614323024,250.42298604434947
78,Nanded,Maharashtra,falls,3531220.0980661986,19.22039293621551,1.6990195988033097,62.21103972590331,0.10354390231577142,0.037399823204797615,0.21668375686406996,0.667,False,60.5120201271,678.714378290938
79,Narayanpur,Chhattisgarh,falls,93213.33333333333,51.9570334026764,0.2896027799787535,231.90929665817472,0.07369951142906768,0.06114625023640541,0.0880569324615782,0.6715,False,231.61969387819596,48.4308827357481
80,Parbhani,Maharashtra,falls,1928908.224866502,18.333434868355436,2.093196756115611,52.50003109569783,0.10080567007825084,0.051312538779960656,0.17139798257287067,0.686,False,50.40683433958222,353.6351330762512
81,Pune,Maharashtra,falls,9906106.057571374,21.21308102516893,1.5328966302048503,74.48600650927924,0.34888748435866784,0.12395243071990472,0.6132985787584685,0.555,False,72.95310987907439,2101.390304431783
82,Beed,Maharashtra,falls,3210695.2285714285,17.909964558414497,2.1064223072197574,51.79717045176945,0.10965913424330995,0.04342695937824902,0.21843825841496783,0.6945,False,49.690748144549694,575.0343775158482
83,Mumbai,Maharashtra,falls,3241392.099821892,47.92535443654869,0.20948089289352734,271.2584822273147,0.357835195587772,0.17891404753627288,0.5813929540232291,0.512,False,271.0490013344212,1553.44865251793
84,Koraput,Odisha,falls,1411704.3135552355,29.973209696359255,2.5574002621432927,92.07204702424472,0.07911127850883819,0.04184147833500307,0.13431495966747647,0.801,False,89.51464676210144,423.1330941944597
85,Srikakulam,Andhra Pradesh,falls,4629404.761373135,19.17095361752481,2.253884703365571,67.82132462375525,0.08240932465783495,0.026742241902876114,0.19072855811204495,0.62,False,65.56743992038967,887.5010395703288
86,Vizianagaram,Andhra Pradesh,falls,4015191.0346790846,19.382480902578582,2.098366007172985,68.99451851744492,0.08916236931016303,0.03134246547987814,0.20477260637937394,0.6285,False,66.89615251027193,778.2436354987209
87,Latur,Maharashtra,falls,2578266.404642522,20.010771308964546,1.5303852593548608,70.50163348425838,0.09366325569332057,0.04254453522791559,0.17027519140703581,0.64,False,68.97124822490352,515.9309939688775
88,Osmanabad,Maharashtra,falls,1741373.7590403266,21.497336893230965,1.1155742397409538,74.1343503604152,0.07589451975080368,0.03847997649622138,0.13483117926519075,0.66,False,73.01877612067425,374.348983551219
89,Malkangiri,Odisha,falls,627440.0563604763,48.42363789796032,0.8808919403932914,221.53169575441163,0.06202430614499073,0.042226113265908985,0.08884932261457802,0.7075,False,220.65080381401833,303.8293009187552
90,Solapur,Maharashtra,falls,4536037.56107649,17.95531363018099,2.1211524381263085,54.686720115991236,0.1229937224275825,0.04034288634611372,0.26592648208858133,0.6545,False,52.56556767786493,814.4597704740963
91,Visakhapatnam,Andhra Pradesh,falls,7348144.823228025,20.464025457436335,1.7883406886661604,74.87932195578296,0.17814209380528587,0.0541887115402761,0.3844648716248429,0.5875,False,73.0909812671168,1503.7262272746732
92,Bidar,Karnataka,falls,2281052.309325669,16.38065527654387,3.6340723936932786,44.76627477159971,0.08765287578842841,0.04295818163683999,0.15453753545424728,0.672,False,41.13220237790643,373.6513154682809
93,Satara,Maharashtra,falls,3155593.3220277983,26.074542047156644,0.8921693716176847,107.98722730935,0.08602826449692577,0.03549397740139139,0.1683651801977816,0.6255,False,107.09505793773232,822.8065075894053
94,Ratnagiri,Maharashtra,falls,1696717.843187583,20.99345063344855,1.0016655806333608,72.82254602913115,0.0734809776832133,0.03708296203396039,0.12713000516280717,0.6355,False,71.82088044849779,356.1996227984982
95,Kalaburagi,Karnataka,falls,2036509.9,15.58725534325395,3.808974083980031,36.62658621443785,0.09087670074922295,0.046552455148490664,0.1558300343758308,0.6835,False,32.81761213045782,317.4359982036457
96,Sangli,Maharashtra,falls,2964814.7442164607,19.318541138357467,1.5151952228464347,65.87415231014,0.09638212402221169,0.04007089097678165,0.18854425427790364,0.6605,False,64.35895708729358,572.7589560375447
97,Kolhapur,Maharashtra,falls,4071949.902396068,20.623412806579072,1.7889764358190614,72.00724071350083,0.11798598096503533,0.04317490321985371,0.2513529145776813,0.641,False,70.21826427768177,839.7750376482346
98,Krishna,Andhra Pradesh,falls,7736582.256692643,17.926793316252464,2.485719453423559,57.07481020646807,0.14825228272590954,0.04018838378978081,0.3382452237607451,0.612,False,54.589090753044516,1386.9211108991508
99,Belagavi,Karnataka,falls,2036509.9,15.440845125561648,4.123753183314456,33.54437123252786,0.0909252640467807,0.044974794974260816,0.15891215321614657,0.6865,False,29.420618049213402,314.45433962573037
100,Yadgir,Karnataka,falls,1572578.8623989683,16.816135966198622,2.5202412336745263,45.12776207175314,0.07967539944585703,0.04325640326338662,0.13127300195964564,0.674,False,42.607520838078614,264.44699967671005
101,Bagalkote,Karnataka,falls,2530748.0559225045,16.474340456521233,3.239783807872082,45.13690793314943,0.10055868695902465,0.04780578239562471,0.183724552154631,0.651,False,41.89712412527735,416.9240508294657
102,Sindhudurg,Maharashtra,falls,892604.5959535928,23.46621063016375,0.9200656046146902,90.67998557463928,0.06781803700198208,0.04149391513630818,0.10400703203051413,0.6125,False,89.75991997002458,209.46047458099218
103,Guntur,Andhra Pradesh,falls,8370962.0737051815,17.601513165970132,2.83664149424728,53.19092837394131,0.13081599628348195,0.03956189270324751,0.296812950815489,0.6325,False,50.35428687969403,1473.415991521584
104,East Godavari,Andhra Pradesh,falls,8827345.958744805,17.497552029134233,2.695990150649991,50.344864463702166,0.11741866125246522,0.030827765014599696,0.2946923242240449,0.644,False,47.648874313052175,1544.5694519230503
105,Raichur,Karnataka,falls,2583057.0462367535,15.537935200847958,3.8376561304684107,38.37917356219717,0.08908223913035926,0.041481090143795744,0.16055166746239974,0.6675,False,34.54151743172876,401.35373004520403
106,Prakasam,Andhra Pradesh,falls,5818534.456081999,18.108021013997753,2.343758551848288,58.43567041952601,0.09569452118043059,0.027323684851705346,0.2225397373068512,0.628,False,56.09191186767772,1053.6214420140282
107,Kurnool,Andhra Pradesh,falls,6942038.298144226,16.981374263658218,2.6361035388232943,52.345179054985756,0.11725153668167962,0.03406749195659732,0.275367411095692,0.615,False,49.709075516162464,1178.8535049343607
108,Koppal,Karnataka,falls,1861375.1105371537,18.963778312149117,2.328526126366482,62.634792035652104,0.0760690338534502,0.03874060255459912,0.13445409538908584,0.6275,False,60.30626590928562,352.9870495197864
109,Gadag,Karnataka,falls,1425667.7372974975,16.51712392116557,3.582559068484385,44.293662371402164,0.11040755846299934,0.06273799834032867,0.17803366759808192,0.633,False,40.71110330291778,235.47930687350487
110,North Goa,Goa,falls,818008.0,39.61999016559721,13.947036533186864,66.48038594097362,0.2046040978269374,0.14193829338023708,0.27851534226964353,0.99,False,52.53334940778676,324.0946891537984
111,Ballari,Karnataka,falls,2036509.9,15.093699057951168,4.215622249928578,34.46558001989596,0.09102141809878347,0.046492158883378314,0.15620703947938364,0.6785,False,30.24995776996738,307.38467559138223
112,Dharwad,Karnataka,falls,2473525.5559957875,23.548105768257308,1.440906003494664,96.97519535843232,0.15782758537842048,0.0739900069188348,0.27319158721892295,0.571,False,95.53428935493766,582.4684141307627
113,Uttara Kannada,Karnataka,falls,1924650.7757536913,16.104226439972585,3.531929183432075,39.74409122179613,0.09353740763521744,0.04862128883148487,0.15699098827611885,0.6715,False,36.212162038364056,309.9501191060634
114,South Goa,Goa,falls,640537.0,41.53246327186387,12.145705213031263,77.86695184656163,0.19437693474796752,0.1379142633360592,0.2585057869844202,0.9825,False,65.72124663353037,266.03079426769864
115,Haveri,Karnataka,falls,2139590.3721808977,16.380573843919127,3.663138714913315,42.67785702850067,0.08407505838974172,0.03951493325852469,0.15048896661781222,0.6685,False,39.01471831358735,350.477180872476
116,Anantapur,Andhra Pradesh,falls,6989452.158905784,17.57907916657265,2.7599029526508096,52.14671758645329,0.11645341795887452,0.0331875588745037,0.27926803624909974,0.6315,False,49.38681463380248,1228.681328323769
117,S.P.S. Nellore,Andhra Pradesh,falls,5075444.426835378,17.462252410008468,2.5058913514714805,54.24926506534206,0.10883766463672831,0.030093748969922923,0.25552367512114027,0.6455,False,51.743373713870575,886.2869167437012
118,Chitradurga,Karnataka,falls,2222336.606014406,17.513728677839364,2.862366768444629,50.80667323842103,0.08041780449872497,0.037329900692127355,0.14912543425231042,0.64,False,47.9443064699764,389.214003485667
119,Davanagere,Karnataka,falls,2605401.5291705285,16.33671853103475,3.3699662341680092,42.64461822975404,0.09899503355438015,0.04745636598061411,0.1789366629620948,0.6395,False,39.27465199558603,425.6371144238645
120,Shivamogga,Karnataka,falls,2347279.5622189245,16.21650611457897,3.6444725016196013,41.55227039298071,0.10726206549325022,0.050842603233487806,0.19646484006580936,0.6545,False,37.907797891361106,380.64673373349433
121,Udupi,Karnataka,falls,1576716.97760816,17.48277744357421,3.0075301119297633,55.59830296696721,0.09364260992506124,0.05152748281534085,0.15401481023550076,0.624,False,52.59077285503745,275.65392011028445
122,Chikkamagaluru,Karnataka,falls,1523952.6607013138,16.828205419791374,3.4082758182213886,45.36452370198959,0.07794024415585554,0.04323511718577887,0.12747967368106106,0.6665,False,41.9562478837682,256.45388424319333
123,Chikkaballapura,Karnataka,falls,1680830.0813972198,17.756611734798206,2.9072969056001576,54.56051893260577,0.08198598684496458,0.04455493318941961,0.13723174247638337,0.6435,False,51.65322202700561,298.458471475397
124,Hassan,Karnataka,falls,2378975.649847129,17.77787311732571,2.718112010203684,57.13913277752519,0.07957988557395555,0.03620012065105154,0.14333976708372362,0.6445,False,54.42102076732151,422.93127252189737
125,Kolar,Karnataka,falls,2057541.8593907517,17.288775646369164,2.973130934571522,47.76530781553701,0.09647027728846143,0.048835461524788355,0.16507711507996092,0.642,False,44.792176880965485,355.72379590019955
126,Bengaluru Rural,Karnataka,falls,1327039.9797533727,16.00493840616732,4.417437696813099,37.54569186947828,0.0917455299460497,0.05589564446837459,0.14148481097388602,0.7,False,33.12825417266518,212.39193138474258
127,Dakshina Kannada,Karnataka,falls,2798449.290864836,21.90980489259974,1.6827682607545449,91.5065849622131,0.13436065880996534,0.06100676153589698,0.2461605410734212,0.581,False,89.82381670145855,613.1347796468266
128,Bengaluru Urban,Karnataka,falls,2036509.9,17.138219996957933,3.2326767613297096,46.31396825271955,0.09036207189165031,0.04612809047592644,0.15769660440717806,0.681,False,43.08129149138984,349.02154692182796
129,Kasaragod,Kerala,falls,1307375.0,20.014158355518774,2.7250410656978,55.49417948080311,0.11492831074086607,0.06772677026910208,0.17791043829076425,0.7305,False,52.76913841510531,261.66010280046356
130,Kodagu,Karnataka,falls,742609.5494128813,18.43102077412774,2.5791464598455716,60.6451984453593,0.06960957744105542,0.0451892161406931,0.10171831269115893,0.637,False,58.066051985513724,136.87052032294457
131,Chamarajanagara,Karnataka,falls,1367039.081717172,17.03698395008547,3.31278237609604,48.45090341218988,0.07379492759953603,0.041396328660232594,0.12001462597354152,0.6565,False,45.13812103609384,232.90222894355037
132,Wayanad,Kerala,falls,817420.0,32.80143367636428,0.7591249824931469,147.67925566093615,0.056106316475394595,0.03531643220756939,0.08367709522972264,0.6205,False,146.920130678443,268.1254791573369
133,Kozhikode,Kerala,falls,3086293.0,22.163626071142716,1.769511513773509,73.79280338875955,0.201688349839301,0.09314832919787117,0.36388879304739097,0.638,False,72.02329187498604,684.0344399798527
134,Malappuram,Kerala,falls,4112920.0,20.521952340198375,2.7489740617709923,60.72591842548816,0.1379465771712022,0.05462455281553349,0.2715002152209622,0.678,False,57.976944363717166,844.051482190487
135,Palakkad,Kerala,falls,2809934.0,22.12836083995246,1.833349125375678,71.97818364462779,0.09125398297878425,0.039479777751392074,0.16977321229090164,0.6775,False,70.14483451925211,621.7923348845097
136,Thrissur,Kerala,falls,3121200.0,21.73597750985875,1.8483255063327977,71.19027900708514,0.2040949678334155,0.08822524042151768,0.3582393148920073,0.6575,False,69.34195350075234,678.4233300377114
137,Idukki,Kerala,falls,1108974.0,30.562642097552015,0.8589303071317678,135.34847075108473,0.05756258622192072,0.03282164143672971,0.09241959198402007,0.621,False,134.48954044395296,338.9317545749065
138,Ernakulam,Kerala,falls,3282388.0,21.457208411343963,1.7623541415283395,64.31580617129991,0.20629373581592017,0.09688223720462466,0.36467357620017254,0.672,False,62.55345202977157,704.308834028945
139,Alappuzha,Kerala,falls,2127789.0,19.25674451432383,3.1763690601927377,53.90355482521018,0.15434246594103315,0.07816300397349377,0.2672184259667077,0.6895,False,50.72718576501744,409.7428915338859
140,Kottayam,Kerala,falls,1974551.0,20.340993343928517,1.9525064986055258,63.79366485882465,0.09528119765500077,0.05019216764637402,0.1652121553482698,0.6875,False,61.841158360219126,401.64328748247397
141,Pathanamthitta,Kerala,falls,1197412.0,26.762170907967644,1.0166369911650515,102.81671860261561,0.06720772653724305,0.038619722485065934,0.1109550727237764,0.646,False,101.80008161145055,320.45344591251353
142,Kollam,Kerala,falls,2635375.0,18.844592289376365,3.1968460832678813,51.57638730828,0.12904736805621417,0.06048730716579991,0.23941845879612497,0.7555,False,48.37954122501212,496.62567404615237
143,Thiruvananthapuram,Kerala,falls,3301427.0,20.370985941320836,2.69568150719839,61.8109820256143,0.15227659647747746,0.06242564870932699,0.287776863238861,0.6915,False,59.115300518415914,672.5332300329702
144,West Godavari,Andhra Pradesh,falls,6742523.306735915,17.578118366418632,2.4278701126589137,53.257046240617235,0.09687582143315489,0.02601638023034495,0.23881626079837867,0.6115,False,50.82917612795832,1185.2087277414028
145,Dakshin Bastar Dantewada,Chhattisgarh,falls,355758.6666666666,35.33679069791064,0.6686496989369707,119.3847903079046,0.08072918647338938,0.060148016005678505,0.10619937663480189,0.7115,False,118.71614060896762,125.71369542967756
146,Bastar,Chhattisgarh,falls,942132.6666666666,36.725314008492674,0.6890191359860818,128.67700033365193,0.07139364291876481,0.043523667867922354,0.10712780439291447,0.705,False,127.98798119766585,346.0011802099189
147,Kondagaon,Chhattisgarh,falls,946118.4444444445,31.98353017637779,0.967850224360958,108.93415310728916,0.08015116576783146,0.04918488773039689,0.12285378506094695,0.7245,False,107.9663028829282,302.602078183165
148,Gariaband,Chhattisgarh,falls,946118.4444444445,26.05120557429802,1.3248900389379714,76.0206479977458,0.08011353776903633,0.049611291437344426,0.12298707014061747,0.798,False,74.69575795880783,246.47526093857283
149,Raipur,Chhattisgarh,falls,2709248.0,29.226355399748435,0.7807888283620225,90.00445552425752,0.15547042227204394,0.07038785671663773,0.2764460901943047,0.7325,False,89.2236666958955,791.8144491405765
150,Durg,Chhattisgarh,falls,2229248.0,32.51370213352185,0.5910313867871944,113.69183663572942,0.1460619311493076,0.07088580568883107,0.257885674009846,0.708,False,113.10080524894222,724.8110545374933
151,Thane,Maharashtra,falls,11619287.138751013,27.3199516523083,0.7229296550991792,107.39829877017709,0.4865385335951908,0.23035231469602724,0.7197869965488628,0.315,False,106.67536911507791,3174.383628649653
152,Adilabad,Telangana,falls,2741239.0,10.579235083110788,0.5334544367841868,44.91752190791779,0.08961980001591906,0.037514925302303735,0.1694241746874156,0.308,False,44.3840674711336,290.0021179999153
153,Hyderabad,Telangana,falls,3943323.0,27.6642788234714,0.05792221041910136,168.13434202046747,0.3005562147320137,0.1311923490274752,0.5222356084779292,0.403,False,168.07641981004838,1090.891869630077
154,Jagtial,Telangana,falls,3208589.6470588236,8.63929008231319,0.8044786420731784,29.037037926921712,0.0997995031996538,0.04301570521762733,0.18771528352577665,0.2515,False,28.232559284848534,277.19936716048073
155,Jangaon,Telangana,falls,4229917.0,7.844327237647107,0.9544384767552572,24.064829206096753,0.09754118901194282,0.036247154400104564,0.20114220890805148,0.1795,False,23.110390729341496,331.8085313608654
156,Mulugu,Telangana,falls,3208589.6470588236,7.860155965165211,1.006446227053814,22.73951609478937,0.10055946742115617,0.04152047245761709,0.19611919108397347,0.1935,False,21.733069867735555,252.20015054096748
157,Jogulamba Gadwal,Telangana,falls,3208589.6470588236,8.429953178419423,0.8958685835130756,27.768013869405348,0.09989945163472302,0.040887475407976236,0.19487892161386935,0.2165,False,26.872145285892273,270.4826049346718
158,Kamareddy,Telangana,falls,3208589.6470588236,9.974809102366736,0.5629834463816473,37.679906332885615,0.10025358324070742,0.04353471167540999,0.19261266169370234,0.315,False,37.116922886503964,320.05069217242027
159,Karimnagar,Telangana,falls,3776269.0,8.53800082929421,0.7282589546472813,27.15386776935477,0.08522788731996496,0.03449028498921484,0.1701321565362927,0.235,False,26.425608814707488,322.4178785363802
160,Khammam,Telangana,falls,2797370.0,10.584926353047322,0.5141907387006037,45.1846621955035,0.08429134526020585,0.036769714640108045,0.15800764332966538,0.295,False,44.67047145680289,296.0995543222399
161,Komaram Bheem,Telangana,falls,3208589.6470588236,10.090069366706313,0.6487360019227828,40.70683265955541,0.09971133499994214,0.043157793100693204,0.19235747863189798,0.2935,False,40.058096657632625,323.7489210811926
162,Mahabubabad,Telangana,falls,3208589.6470588236,9.096275304269069,0.5696173745081652,30.72548071882826,0.1002367044195074,0.04082573642687897,0.1933433022371504,0.28,False,30.155863344320093,291.86214768074586
163,Mahabubnagar,Telangana,falls,4053028.0,9.057173602608152,0.478111770758586,33.54500899941028,0.07342434098706041,0.025907107036948672,0.1553256982118115,0.2605,False,33.06689722865169,367.08978212231716
164,Mancherial,Telangana,falls,3208589.6470588236,8.575169658111063,0.8316341621808542,27.576930093758648,0.10025118525987756,0.041297198680416064,0.2005424447997175,0.2525,False,26.745295931577793,275.1420058678811
165,Medak,Telangana,falls,3033288.0,18.78773527037286,0.1298830708074931,110.40591444846665,0.08729339895108501,0.035750715316417506,0.16323362919404802,0.3795,False,110.27603137765915,569.8861194279875
166,Medchal Malkajgiri,Telangana,falls,613192.0,10.415758059963304,0.3567633636350394,44.047608062530294,0.06081307764773665,0.0399096354312177,0.09039615667997444,0.29,False,43.690844698895255,63.86859516305018
167,Nagarkurnool,Telangana,falls,4053463.0,9.314212854568503,0.4992248877293498,31.352771752589426,0.09162117315146429,0.03497021698871515,0.190524481093473,0.278,False,30.853546864860075,377.54817180117806
168,Nalgonda,Telangana,falls,3488809.0,9.077744977346745,0.5700418430184686,31.34821767613199,0.07777295902421881,0.029407912787776883,0.16136431845109564,0.248,False,30.778175833113522,316.70518376672123
169,Nirmal,Telangana,falls,3208589.6470588236,8.533030523826401,0.7777976822089139,29.256082867321656,0.10002938898797571,0.04236228543556644,0.19261714451215484,0.234,False,28.478285185112743,273.7899339678632
170,Nizamabad,Telangana,falls,2551335.0,8.635946121784459,0.7482979448027224,27.94791706205268,0.0806361273809034,0.03705460317497791,0.15305089974329097,0.2345,False,27.19961911724996,220.33191598622952
171,Peddapalli,Telangana,falls,3208589.6470588236,8.168624372318558,0.8879616900140913,26.784667239411267,0.09948210540494898,0.0419504994445499,0.18639074312647516,0.2125,False,25.896705549397176,262.097635917337
172,Rajanna Sircilla,Telangana,falls,3208589.6470588236,7.784507450182944,0.8322668471402646,23.973101069610074,0.09944147002657636,0.04229483420689865,0.18987021415793018,0.204,False,23.14083422246981,249.77290012109276
173,Ranga Reddy,Telangana,falls,5296741.0,10.460569625175024,0.3583731610250085,43.31330285974702,0.18905801242371742,0.0656934498305516,0.3931544018643855,0.34,False,42.95492969872201,554.0692801701919
174,Sangareddy,Telangana,falls,5296741.0,11.017162081092529,0.526093080072906,45.77430547395142,0.18949597465462842,0.07149010763091176,0.3797478586893067,0.3505,False,45.24821239387852,583.5505409856812
175,Siddipet,Telangana,falls,3208589.6470588236,7.621859318103281,1.045094440579593,21.841735271918637,0.10140497401393268,0.04154642480092183,0.19910885773118367,0.181,False,20.796640831339044,244.55418899405012
176,Suryapet,Telangana,falls,3208589.6470588236,7.8490810755978435,0.8985634888311448,23.12679084994734,0.10040920147554355,0.04116986844073439,0.19918989446479787,0.194,False,22.228227361116197,251.84480278088577
177,Vikarabad,Telangana,falls,3208589.6470588236,10.349315231900647,0.5313309821657186,42.31124413793958,0.10087856754748588,0.04068782052923307,0.20228156663315922,0.3185,False,41.77991315577386,332.06705707224603
178,Wanaparthy,Telangana,falls,3208589.6470588236,8.071840767230746,0.8842369383732652,23.54914464655306,0.10141245380123891,0.043203015845692215,0.19422346239494406,0.21,False,22.664907708179793,258.99224718443924
179,Warangal Rural,Telangana,falls,3512576.0,8.41071288247165,0.7072879163948533,28.021458628393454,0.09147079602599323,0.03648939138190497,0.18790975593626694,0.2385,False,27.3141707119986,295.43268213860733
180,Warangal Urban,Telangana,falls,3512576.0,9.070923252114655,0.6773568765828791,31.485947132901117,0.089570100111009,0.037435939801224,0.1759057576371877,0.2615,False,30.808590256318237,318.62307313219884
181,Yadadri Bhuvanagiri,Telangana,falls,3208589.6470588236,9.041980862906795,0.48534030277013773,30.913294266442886,0.10062760244977574,0.04156660442920324,0.19768456132594742,0.2735,False,30.42795396367275,290.1200618562675
182,South 24 Parganas,West Bengal,falls,7704329.421039488,5.892838546979896,0.2374587682796707,25.375952033567714,0.0786527294788998,0.03069986977345722,0.15484500539692667,0.1835,False,25.138493265288044,454.00369390932804
183,Amreli,Gujarat,falls,1220875.0625483869,22.06762956076125,1.6371789808125026,67.38171697194474,0.0897296957846096,0.0520700592086252,0.14069929155117641,0.6875,False,65.74453799113223,269.41818620289024
184,Angul,Odisha,falls,1303419.353209367,26.139570268480814,4.746221960621324,73.38623935269689,0.07976104497214567,0.04417219410770318,0.1333841336244471,0.857,False,68.64001739207556,340.70821772514057
185,Dang,Gujarat,falls,184068.5705916918,32.0397200252331,0.8995549717243716,151.32767831729245,0.06532272681893382,0.05122564387208599,0.08124234581560302,0.621,False,150.42812334556808,58.97505467202661
186,Dhamtari,Chhattisgarh,falls,533187.3333333333,24.188134686570375,1.0631182050062724,58.18283445672142,0.07735913932125903,0.0538822106560622,0.10560627379293425,0.8205,False,57.119716251715154,128.96807031839958
187,Kendrapara,Odisha,falls,1473829.0568360838,31.207751686312843,2.615117676672198,104.37596406820332,0.0616159681990255,0.031564109881025045,0.1074138056081862,0.807,False,101.76084639153112,459.9489123381316
188,Dadra and Nagar Haveli,Other Union Territories,falls,343709.0,26.58265949068936,19.680961027791874,34.75106797466281,0.22376271050343616,0.1718426150973664,0.28951431360262503,1.0,True,15.070106946870936,91.36699310885349
189,Palghar,Maharashtra,falls,3210695.2285714285,20.71014082732684,1.8295164449503438,77.47681102583695,0.10985318731687894,0.045062455111906125,0.22184376121562324,0.638,False,75.64729458088661,664.9395033734062
190,Ganjam,Odisha,falls,3611031.1444667703,30.281874106203084,2.3870129756899563,94.31140573146831,0.19783212572918227,0.06454940876698345,0.39016673148367664,0.7725,False,91.92439275577836,1093.487905103212
191,Gajapati,Odisha,falls,591243.0870690441,31.33626758949315,2.991527512118207,116.29199956590467,0.06738624415234715,0.046222228120095396,0.09503270475932077,0.7855,False,113.30047205378646,185.27351586833566
192,Y.S.R. Kadapa,Andhra Pradesh,falls,4936571.566389897,18.469603075814057,2.5664992415355172,62.29624303825029,0.12051718983505534,0.03902526602031725,0.2554519818036659,0.619,False,59.72974379671477,911.7651738657105
193,Tumakuru,Karnataka,falls,3587678.926576223,16.368243426572512,3.6472048047488785,41.71156127293486,0.08138853342435229,0.0324264970841094,0.1628804935387955,0.686,False,38.06435646818598,587.2400200658399
194,Chittoor,Andhra Pradesh,falls,7148581.878483924,17.58869350186544,2.870133983578984,52.97924983025162,0.12565176579129284,0.034080738055350376,0.29432967833742985,0.6385,False,50.10911584667264,1257.3421563364323
195,Ramanagara,Karnataka,falls,1449861.6497147332,16.093549638648366,3.455254302477649,39.725825926583795,0.08468205627504453,0.04795661188551827,0.13855906047716918,0.6755,False,36.27057162410615,233.3342042885667
196,Mandya,Karnataka,falls,2418278.369963426,17.473911895818485,2.788415123358452,51.19176063641455,0.0746457610802461,0.03440561901019152,0.13627435339085137,0.6425,False,48.403345513056095,422.5678317630445
197,Mysuru,Karnataka,falls,2036509.9,16.101236348373863,3.698747763790769,41.050414523110184,0.09020532529474846,0.04364470284363825,0.1539132531863468,0.6675,False,37.351666759319414,327.9032722570322
198,Kannur,Kerala,falls,2523003.0,20.78474572441618,2.1451061988200935,63.406786518663985,0.18737305455709874,0.09418293823230804,0.31198907113135455,0.6625,False,61.26168031984389,524.3997581693919
199,Puducherry,Other Union Territories,falls,99221.33333333333,26.58265949068936,19.680961027791874,34.75106797466281,0.22376271050343616,0.1718426150973664,0.28951431360262503,1.0,True,15.070106946870936,26.375669182121857
200,Balod,Chhattisgarh,falls,946118.4444444445,27.766696259894097,0.7596426605604012,80.26736998009771,0.08017704370325149,0.05000848363761211,0.11981985931509782,0.764,False,79.50772731953731,262.70583472772375
201,Bhadradri Kothagudem,Telangana,falls,1506337.0,10.048404360203069,0.5164553112642368,39.58947551244984,0.06681644116443569,0.03599819296521547,0.11118129089593615,0.282,False,39.0730202011856,151.3628327873521
202,Vadodara,Gujarat,falls,3358699.3067601733,20.663311211536055,2.4217805846706,63.37563398730099,0.17068315710107954,0.07142060658752848,0.3157330154004868,0.6675,False,60.95385340263039,694.0184904155586
203,Paschim Medinipur,West Bengal,falls,4551470.281432921,5.420611396729559,0.2279834621720552,20.132276155698023,0.05537906860623802,0.019534095779259034,0.11868098027877172,0.105,False,19.904292693525967,246.71751679411182
204,Seoni,Madhya Pradesh,falls,1309717.2716068493,33.87231459441212,1.1248032298817223,158.77384329495533,0.06833349425892121,0.037838181126469396,0.1116843417659003,0.702,False,157.6490400650736,443.63155453602303
205,Alirajpur,Madhya Pradesh,falls,692307.3886992037,32.70089877961036,1.0378646978831256,149.47411566837124,0.06260878814076858,0.04104582519099592,0.09111314356435396,0.6645,False,148.43625097048812,226.3907384222903
206,Chhindwara,Madhya Pradesh,falls,1985682.764713966,23.525441223391663,2.957072605651126,74.5854801981202,0.09335898890669882,0.04634978486256588,0.16489829353230787,0.7765,False,71.62840759246907,467.14063169580265
207,Harda,Madhya Pradesh,falls,541752.6423140379,20.615706498899634,3.902817386291199,47.2504331333227,0.07977087036383809,0.05571838219198036,0.10987052006680444,0.8725,False,43.347615747031504,111.68613468949559
208,Khargone,Madhya Pradesh,falls,1778772.7900497653,22.383389699789042,2.9607428006463326,60.3811138213267,0.07653347654402143,0.037894486775454546,0.13605493730851748,0.8115,False,57.42037102068037,398.1496454706493
209,Purba Medinipur,West Bengal,falls,3922193.6712141456,5.319698840511324,0.286267300794473,20.587142612548448,0.05758645725479525,0.02191342707555579,0.11477097421534657,0.091,False,20.300875311753973,208.64889125018746
210,Mayurbhanj,Odisha,falls,2578286.3323944765,47.02979104209012,0.8371885348044682,213.2973844485688,0.0819137631669397,0.031290358292883465,0.16983365887491084,0.707,False,212.46019591376435,1212.5626745918912
211,Bharuch,Gujarat,falls,1250569.8879524607,19.337398339242785,2.671722419685376,55.201103155107944,0.10979659486242618,0.06607259528249051,0.1722146972157054,0.7115,False,52.52938073542257,241.82768074398948
212,Sundargarh,Odisha,falls,2142079.853075556,36.05263830711346,1.9378570281779246,151.74058280794375,0.14219594784636538,0.06918750634252141,0.25590626502690966,0.7265,False,149.80272577976584,772.2763016788776
213,Kabeerdham,Chhattisgarh,falls,548350.6666666666,26.514523747069923,1.0763354742647269,75.35412098888574,0.0645036376300071,0.04352848429684786,0.09165612378499267,0.807,False,74.27778551462102,145.39256773054956
214,Khandwa,Madhya Pradesh,falls,1244123.6681348912,21.05349009733859,3.61907778089783,52.30871128019868,0.07862387312697143,0.04408242917705978,0.1269601352309868,0.8365,False,48.68963349930085,261.93145326942494
215,Porbandar,Gujarat,falls,472041.2131198136,22.31344794686536,1.8958653116143938,81.2512250817029,0.13139264217527136,0.09491012883331756,0.17756902775670946,0.6695,False,79.3553597700885,105.32867037724138
216,Balaghat,Madhya Pradesh,falls,1616048.9914727698,25.400650547585496,2.2317259097417863,78.70873630948887,0.07316275552641958,0.038116414972329905,0.12730588168723456,0.735,False,76.47701039974709,410.48695700177797
217,Narmada,Gujarat,falls,475950.103221607,24.7518030766682,0.940967477816605,95.76028822132407,0.06766857178921054,0.048015142135238865,0.09169359969176559,0.658,False,94.81932074350748,117.8062322926112
218,Barwani,Madhya Pradesh,falls,1316127.533999143,21.345718089908498,2.9636046711931994,54.88743313200813,0.07381028289402183,0.04205965195866759,0.12300095265599048,0.8275,False,51.923828460814924,280.93687311112166
219,Janjgir Champa,Chhattisgarh,falls,1079804.6666666665,26.434115917494662,1.0034302505025003,78.96129175373613,0.07059643095657966,0.04086501401036602,0.1131963085786478,0.7945,False,77.95786150323363,285.4368172691835
220,Nandurbar,Maharashtra,falls,1731623.5636600524,25.80454882144506,0.816632184980505,110.23038835159518,0.07559565467651164,0.03778190480934419,0.13321577154901224,0.6285,False,109.41375616661468,446.837647888305
221,Kendujhar,Odisha,falls,1843597.853635615,37.681802431331256,1.5098189002629911,152.42481590809479,0.07997552538856857,0.03949955002710892,0.14497700034720107,0.7365,False,150.9149970078318,694.700900835236
222,Balasore,Odisha,falls,1399140.5999999999,24.61304335562663,4.66614117044243,59.457720045257275,0.0757862004149228,0.04163138231396515,0.12516178648675616,0.9055,False,54.791578874814846,344.3710824841745
223,Jharsuguda,Odisha,falls,592970.3092362225,30.85044732249739,2.206563469392005,100.77078693777351,0.11889613798274484,0.08305397394817193,0.164910482441657,0.7455,False,98.5642234683815,182.93399288897072
224,Bametara,Chhattisgarh,falls,946118.4444444445,22.91336088500189,2.8223967345189984,55.1513642394551,0.07993135017726362,0.04958820135034355,0.12110471017430259,0.847,False,52.3289675049361,216.78753357512167
225,Rajnandgaon,Chhattisgarh,falls,1024755.3333333333,24.699306176856776,1.5605571941749827,68.03336416558054,0.07895971496701268,0.04803406260224085,0.12192296550488921,0.8165,False,66.47280697140556,253.10745734366924
226,Amravati,Maharashtra,falls,3034468.6020014985,18.388097083057026,2.2962254307592134,53.5508497779489,0.11435217225909296,0.04912716120618461,0.2196120555073895,0.68,False,51.25462434718968,557.9810324909189
227,Surat,Gujarat,falls,4903304.325828913,27.330331020644238,0.8435075853671138,109.96885444984646,0.30119012142651924,0.11536161161218333,0.540120339685981,0.586,False,109.12534686447934,1340.0893031986102
228,Dhule,Maharashtra,falls,2154542.09653914,18.935431620530217,1.8512065691156305,56.768102956030404,0.0945750588382186,0.04642917923660057,0.16667741217314505,0.6865,False,54.91689638691477,407.97184542570704
229,Tapi,Gujarat,falls,650693.1327824938,27.71093426559948,0.951750603878551,114.98602978658649,0.06545679588284967,0.04239113830173589,0.09599023718343407,0.6365,False,114.03427918270793,180.31314629612683
230,Bargarh,Odisha,falls,1515673.26495492,27.647993537314054,3.2556449839854387,83.45666146581384,0.06880194243728163,0.03574318764071956,0.11923930211394777,0.831,False,80.2010164818284,419.05324634153317
231,Nagpur,Maharashtra,falls,4888828.436136438,22.98333427619511,1.513857657786707,87.50368684164219,0.24911993039323557,0.09284683069623949,0.48264582477733226,0.6065,False,85.98982918385549,1123.6157816669192
232,Baloda Bazar,Chhattisgarh,falls,946118.4444444445,24.58382436020646,1.3017065766009877,63.188381163676425,0.07976870811982875,0.0494289590862475,0.1196228582529639,0.8135,False,61.88667458707544,232.59209662173976
233,Mungeli,Chhattisgarh,falls,946118.4444444445,27.876015917693174,0.76688560554117,82.90466489683709,0.07978491571310092,0.05111810587118873,0.12130620039340163,0.776,False,82.13777929129591,263.7401281735644
234,Botad,Gujarat,falls,1888740.375,19.310795534876135,2.456446574104684,52.64352540127744,0.11114248868904332,0.058085136936386894,0.1898672234525628,0.7345,False,50.187078827172755,364.73079200090274
235,Chhota Udaipur,Gujarat,falls,1888740.375,18.55371172746271,2.2948989061958525,49.33742712035352,0.11229479896343986,0.057688290363549,0.1934141336536924,0.7005,False,47.04252821415766,350.43144445769815
236,Jhargram,West Bengal,falls,3968526.739130436,4.445479208325602,0.5230068124441535,13.305969583627498,0.0763956392551558,0.031217710412759135,0.15404055870297997,0.048,False,12.782962771183344,176.42003106488553
237,Rajkot,Gujarat,falls,3067574.0734115043,21.252758151043935,2.2474787989256404,69.91286232230394,0.1862300471529731,0.08307578815980889,0.3332847079559295,0.668,False,67.6653835233783,651.9440989262739
238,Bhavnagar,Gujarat,falls,2322407.2273209994,20.11570404360553,2.7081686740319904,61.62173773275882,0.1396220507160275,0.06725129784604737,0.2474474006183165,0.7145,False,58.91356905872683,467.16856453519733
239,Betul,Madhya Pradesh,falls,1496071.6715330954,21.37629516220386,3.238747666230624,54.16721434090523,0.08210250185563367,0.04474076249598411,0.134611289088626,0.8225,False,50.92846667467461,319.8046963450315
240,Junagadh,Gujarat,falls,2211717.4253728753,20.955182844884355,1.891770818811795,66.26852143009582,0.11316762558663554,0.05569634929467045,0.1980334195948897,0.695,False,64.37675061128402,463.46943049905474
241,Deogarh,Odisha,falls,319781.67753945914,26.120996436780043,3.787499693102939,73.51727434110518,0.05915168307951094,0.04287572807058067,0.0794020774233867,0.8925,False,69.72977464800223,83.53016059555758
242,Jamnagar,Gujarat,falls,1741680.6472351283,20.139668728253017,2.4548847801621023,61.51304684686715,0.13410986964542349,0.07174883487718445,0.21822409414531382,0.7145,False,59.058162066705044,350.76871265724793
243,Devbhumi Dwarka,Gujarat,falls,1888740.375,29.807122913714217,1.2416923337227086,134.21610985902905,0.11193147858815304,0.05659276646871913,0.18523079747331103,0.642,False,132.97441752530634,562.9791650971969
244,Aurangabad,Maharashtra,falls,3888398.08829779,18.18158999890707,2.781542872016577,54.12585563125563,0.14558979230722763,0.052666674693816536,0.30001910796328696,0.6615,False,51.34431275923905,706.9725979396446
245,Vijayapura,Karnataka,falls,2036509.9,15.307488242550146,4.325931976938335,34.21398980287475,0.09068346318875208,0.044843031785044195,0.1583519270757986,0.684,False,29.888057825936414,311.7385135008697
246,Bijapur,Chhattisgarh,falls,170153.3333333333,33.94454237172923,0.5817175230222469,118.31472598172087,0.06647717521012952,0.05128909198960869,0.08297494591957459,0.7305,False,117.73300845869862,57.757770330243
247,Raigad,Maharashtra,falls,3210695.2285714285,18.455606606572875,1.990709056956386,52.950942116980904,0.1097196917112261,0.04261625634899616,0.22167414836868882,0.681,False,50.96023306002452,592.5532807211487
248,Raigarh,Chhattisgarh,falls,995989.3333333333,31.91898966878745,0.627278264791617,113.65193317456497,0.07269960370361207,0.04471991424439375,0.11202339480948041,0.7385,False,113.02465490977336,317.9097324088916
249,Bilaspur,Chhattisgarh,falls,1775752.6666666665,33.58088811007295,0.4007688106916611,120.00398686635408,0.09865310607469314,0.048406929479553454,0.1728636265876832,0.7205,False,119.60321805566242,596.31351610497
250,Karaikal,Other Union Territories,falls,200222.0,26.58265949068936,19.680961027791874,34.75106797466281,0.22376271050343616,0.1718426150973664,0.28951431360262503,1.0,True,15.070106946870936,53.224332485448045
251,Mahe,Other Union Territories,falls,41816.0,26.58265949068936,19.680961027791874,34.75106797466281,0.22376271050343616,0.1718426150973664,0.28951431360262503,1.0,True,15.070106946870936,11.115804892626663
252,Yanam,Other Union Territories,falls,55626.0,26.58265949068936,19.680961027791874,34.75106797466281,0.22376271050343616,0.1718426150973664,0.28951431360262503,1.0,True,15.070106946870936,14.786870168290863
253,Sambalpur,Odisha,falls,1065289.8525043305,26.900170351227295,3.759760199022527,77.55882657460289,0.09863476471601913,0.05918569662455187,0.1525750083700988,0.7905,False,73.79906637558037,286.5647850580029
254,Navsari,Gujarat,falls,1072100.1896517866,20.17910855640976,2.1591888787317557,64.55401371993325,0.10327451868915927,0.06427077381094377,0.15723233020900235,0.681,False,62.3948248412015,216.3402611033089
255,Lakshadweep,Other Union Territories,falls,64473.0,26.58265949068936,19.680961027791874,34.75106797466281,0.22376271050343616,0.1718426150973664,0.28951431360262503,1.0,True,15.070106946870936,17.13863805343215
256,Daman,Other Union Territories,falls,191173.0,26.58265949068936,19.680961027791874,34.75106797466281,0.22376271050343616,0.1718426150973664,0.28951431360262503,1.0,True,15.070106946870936,50.81886762813557
257,Diu,Other Union Territories,falls,52074.0,26.58265949068936,19.680961027791874,34.75106797466281,0.22376271050343616,0.1718426150973664,0.28951431360262503,1.0,True,15.070106946870936,13.842654103181577
258,Jayashankar Bhupalapally,Telangana,falls,3208589.6470588236,8.232025815941855,0.8029304700030615,25.933683867657635,0.0990746459297921,0.041472865501223116,0.19224645351214034,0.234,False,25.130753397654573,264.13192807352
259,Narayanpet,Telangana,falls,139820.0,7.839006266268795,0.741103723608554,21.768052216073585,0.07363241571517597,0.059403190073299576,0.08922266991705088,0.164,False,21.02694849246503,10.960498561497028
260,Sukma,Chhattisgarh,falls,946118.4444444445,124.24059584968225,0.05220435491475965,690.8985712499981,0.07973205732554786,0.05002629290388889,0.11944722071272416,0.632,False,690.8463668950833,1175.4631928215229
261,Upper Subansiri,Arunachal Pradesh,falls,53634.526519014165,24.728507334734765,0.11619808737009335,137.90268045317805,0.0823716197899991,0.07142879738206676,0.09430951693540149,0.459,False,137.78648236580796,13.263017824204681
262,Anjaw,Arunachal Pradesh,falls,13604.66425591953,16.99289432249921,0.2427859841881971,81.54387647561836,0.057684359919047634,0.04722126349349592,0.06967445376302378,0.4285,False,81.30109049143016,2.3118262199392294
263,Tinsukia,Assam,falls,1074262.8532566435,3.762961282360637,0.15881779121583647,12.167687984854057,0.07270717792708782,0.0451967388165662,0.11109656156727249,0.053,False,12.00887019363822,40.42409523883016
264,Dhemaji,Assam,falls,555065.2137979822,13.23417279490869,0.011094660792906373,80.16887786837955,0.05740304414051697,0.03813126036327015,0.08187526371604441,0.302,False,80.15778320758665,73.45828951845432
265,Changlang,Arunachal Pradesh,falls,95269.28539698248,11.386077845321038,0.5867578018328882,35.21698214937993,0.07024120046553012,0.057938281765659176,0.08515022803890492,0.4015,False,34.63022434754704,10.847434997981493
266,Dibrugarh,Assam,falls,1072973.3453175211,4.804994838972433,0.07623562653119866,17.740383641283863,0.06865102377875416,0.04150338157589709,0.10884793667373548,0.1065,False,17.664148014752666,51.55631386605675
267,Tawang,Arunachal Pradesh,falls,32121.713304582147,14.79686012193858,0.41319351357976414,68.6612637835168,0.07347995777059635,0.06348386754860766,0.08508030399317368,0.41,False,68.24807026993703,4.753004986449155
268,Papum Pare,Arunachal Pradesh,falls,113488.75049182591,14.801123522936017,0.39647868439164063,61.367986974279425,0.16347680513045906,0.132763651509582,0.19717802599485712,0.4115,False,60.97150828988779,16.79761014493181
269,Lakhimpur,Assam,falls,843063.949280661,3.5547826249981074,0.16940730134048246,9.547730823279872,0.05892124092514313,0.03788512841409688,0.08891196312528872,0.017,False,9.37832352193939,29.969090786651794
270,Tirap,Arunachal Pradesh,falls,71969.68299979162,10.615644822794453,0.8318154662053072,31.701151098117375,0.08547709984632124,0.07345145623351498,0.09930617219765486,0.3885,False,30.86933563191207,7.640045927348958
271,Sivasagar,Assam,falls,931171.9657007714,3.6632078567615154,0.1685672551581588,11.824353208265238,0.05877421999331679,0.036116715657314336,0.09183773403534734,0.0295,False,11.65578595310708,34.1107646075113
272,Jorhat,Assam,falls,883609.02355976,3.571031145987181,0.20870119658260125,12.147392402766847,0.07342319998691116,0.04669475836289746,0.10967605931805398,0.044,False,11.938691206184247,31.553953440072238
273,Sonitpur,Assam,falls,1556559.0468915435,3.3764079961536093,0.27880650013192265,10.600619547128227,0.05321998166533573,0.029867795100312084,0.08589147166344438,0.0195,False,10.321813046996304,52.55578412409849
274,Golaghat,Assam,falls,863086.9172864468,3.305270529073521,0.26698737332501565,9.69554760396522,0.0586766874305362,0.03627569995323285,0.08763109767697827,0.0165,False,9.428560230640205,28.527357517358084
275,Udalguri,Assam,falls,672799.5537730152,3.827084097888568,0.2212957480711972,14.09208689711221,0.054075763528767265,0.03510960282884215,0.07789063558441393,0.0415,False,13.870791149041013,25.74860473311231
276,Chirang,Assam,falls,390057.5451337608,3.2747542841859287,0.32104063288294227,9.394302099851757,0.05904340383650078,0.041310462226880756,0.08147536301912928,0.0165,False,9.073261466968814,12.773426170058295
277,Baksa,Assam,falls,768587.9894992922,3.7047775826180533,0.19912912384493417,12.647306431041695,0.049895663135334216,0.03057715611952028,0.07420114947722692,0.0345,False,12.448177307196762,28.474475537664578
278,Nagaon,Assam,falls,2284360.887227258,3.656030549852336,0.1500304069238345,11.342094680748124,0.04724628961168459,0.024343309479292377,0.08166334014076748,0.039,False,11.19206427382429,83.51693190590643
279,Kokrajhar,Assam,falls,717676.6951876233,3.4214350544741783,0.28486694921532024,10.345702222376303,0.05737865032684338,0.03744303123511221,0.08339335660574557,0.0245,False,10.060835273160983,24.554842026941138
280,Darrang,Assam,falls,751134.3296582826,5.205570217922747,0.06165790635648249,22.192525363480904,0.055999609485580325,0.034750394126591595,0.08307755653130111,0.1255,False,22.13086745712442,39.10082496128523
281,Barpeta,Assam,falls,1370099.758389359,4.514243594692027,0.08960711291541316,16.585766497863677,0.053993628314593686,0.032015861812545364,0.08436582491641982,0.0935,False,16.496159384948264,61.84964058398258
282,Nalbari,Assam,falls,624237.5261208266,4.313572134786651,0.11587016686288512,16.470771899816473,0.06212863799415248,0.04218868534942619,0.0875767813949162,0.075,False,16.35490173295359,26.92693598162952
283,Morigaon,Assam,falls,774532.3460467657,3.9829393305334717,0.13238970334559086,13.078463980420548,0.05912993279331608,0.03906162245941757,0.08737497337614585,0.04,False,12.946074277074956,30.849153438400243
284,Kamrup,Assam,falls,1227655.242755293,3.6103794743708546,0.1546519418025693,10.882309562744087,0.05543755182771032,0.0320707493361608,0.08692222926989557,0.0275,False,10.727657620941518,44.32301290047478
285,Bongaigaon,Assam,falls,597674.7951414732,3.962933333173064,0.1099612815963083,12.152940142882604,0.06982438103175835,0.047339365668864916,0.09864465407432879,0.0555,False,12.042978861286295,23.685453680635263
286,Dhubri,Assam,falls,1576903.1784179264,4.77436226884045,0.07615213400703383,16.965906834575,0.05287255533402448,0.029407444788974862,0.08708090198109876,0.0925,False,16.889754700567966,75.28707036653128
287,Kamrup Metropolitan,Assam,falls,1014405.9009833577,12.812677680461839,0.023213537604956088,89.7672633261773,0.2016316447255515,0.13253182300017533,0.29009760755010366,0.275,False,89.74404978857234,129.97255846458248
288,Kiphire,Nagaland,falls,334888.7882692796,8.60274180137469,0.6052505866314012,26.269704729751606,0.07583802011493793,0.056531187703064076,0.09877743593677567,0.2675,False,25.664454143120203,28.80961777655849
289,Goalpara,Assam,falls,815595.97402033,3.392125477502968,0.1788132414523877,9.567285719638301,0.06449025331866293,0.041965108485936466,0.09444260317214101,0.0235,False,9.388472478185914,27.6660388282321
290,Ribhoi,Meghalaya,falls,169484.1690194807,12.525227031926356,2.111528062547203,30.451154547361828,0.06103328227706268,0.04729945182689426,0.07765380697216114,0.52,False,28.339626484814623,21.22827695286375
291,Dima Hasao,Assam,falls,173203.40576036362,7.37094350773318,0.04387711411838026,36.316472661524806,0.10389507196926266,0.08472572994126691,0.12686756603469268,0.22,False,36.272595547406425,12.76672519206628
292,Kamjong,Manipur,falls,178487.12499999997,4.286805956510571,1.0193868935576658,10.695706074956652,0.0846630766173281,0.06788386419314757,0.10298830488596013,0.035,False,9.676319181398986,7.651396706104467
293,West Khasi Hills,Meghalaya,falls,251083.94736663223,16.71547151979272,0.7579064031234579,58.21345705183796,0.06849182428036028,0.05196013709809278,0.08986149908744147,0.5605,False,57.45555064871451,41.96986571284076
294,Peren,Nagaland,falls,430892.5940518422,8.192124328550955,0.6304663659384151,23.28698798760047,0.06887476199463133,0.04954487947769036,0.09453462827796626,0.24,False,22.656521621662055,35.299257027245275
295,Senapati,Manipur,falls,269520.74999999994,5.050315300997829,0.4874494934576973,15.263879739671959,0.0552167767809448,0.04054153170115876,0.07262063557735297,0.067,False,14.776430246214261,13.611647676614101
296,East Jaintia Hills,Meghalaya,falls,258720.68768217156,17.859282318672754,0.6141831161530504,66.72817297400098,0.06090318810467807,0.045420255119915265,0.07893374689383326,0.542,False,66.11398985784794,46.20565802997062
297,East Khasi Hills,Meghalaya,falls,540800.1230293136,17.674723386595353,0.7641988293722803,62.53666691731879,0.15347952205332493,0.10910365583038495,0.20550674818852865,0.4945,False,61.77246808794651,95.58492581979854
298,Tamenglong,Manipur,falls,79116.18749999999,7.378402590580979,0.2431128928029549,35.341471252038275,0.0677605314916804,0.05540488304988256,0.08174644625308054,0.191,False,35.09835835923532,5.837510828068903
299,South Garo Hills,Meghalaya,falls,93197.95902186201,16.28364026001688,0.7573206759928641,51.870429926872184,0.06108596951361602,0.04923544270205115,0.07548961700600969,0.5275,False,51.11310925087932,15.176020376797958
300,Cachar,Assam,falls,1404881.6867724047,4.124916981002102,0.12369885385852503,13.499332461332543,0.06359509097463543,0.03550940926953239,0.09862922619892098,0.067,False,13.375633607474018,57.95020326066368
301,Imphal West,Manipur,falls,291370.49999999994,6.041411337893242,0.30672038510346666,21.995489896054103,0.1693892542888533,0.12846486797322032,0.2168120033378316,0.201,False,21.688769510950635,17.602890422276225
302,Karimganj,Assam,falls,993977.6359402441,5.9730707446445805,0.06594350768544488,30.347569130616836,0.05869737999770134,0.036535963206794725,0.08981173381267578,0.1595,False,30.28162562293139,59.37098738065653
303,Hailakandi,Assam,falls,533354.7216008477,5.849095592518697,0.07660575434390357,29.203304928450184,0.05998397198587365,0.04048700833654084,0.08418770069493921,0.159,False,29.12669917410628,31.19642751364555
304,Kakching,Manipur,falls,178487.12499999997,4.120887696195927,1.2375539106227513,8.718217394048004,0.0846719541968041,0.06859322985613034,0.10406467300367903,0.0215,False,7.480663483425253,7.355253973418844
305,Bishnupur,Manipur,falls,133536.93749999997,4.564574117765003,0.7746388555614551,12.998951713087747,0.1071399497797929,0.08859892090356664,0.1281283541794269,0.082,False,12.224312857526291,6.095392486781028
306,Chandel,Manipur,falls,81102.37499999999,4.917222383157349,0.6014056022721214,13.98375606731779,0.06309980409764811,0.05186871992633607,0.07604961323868413,0.062,False,13.382350465045668,3.9879841367722095
307,Churachandpur,Manipur,falls,154205.43749999997,6.746814214333907,0.2678088941253554,28.73927207039783,0.05977183785304014,0.0465443584664525,0.07544879047563761,0.169,False,28.471463176272476,10.403954376525785
308,North Tripura,Tripura,falls,346973.5,15.052377865777446,2.5901652366309045,40.179379936189996,0.07926922226349331,0.05865366057641126,0.10335921017412351,0.6355,False,37.58921469955909,52.22776231411331
309,Dhalai,Tripura,falls,189115.0,15.9701441479834,2.161022265340029,46.38061045766956,0.06671522497153329,0.05211904013306625,0.08283080889491376,0.579,False,44.21958819232953,30.201938105458805
310,Sipahijala,Tripura,falls,459239.625,14.410364534599452,2.97673364444311,34.42149410681419,0.08318543732503554,0.060215542164836995,0.11042061357492573,0.6155,False,31.44476046237108,66.17810404982752
311,Gomati,Tripura,falls,459239.625,14.506641641988605,3.25799974899439,33.23405613679076,0.08312866086393784,0.05926146988609806,0.11360204872964012,0.644,False,29.976056387796373,66.6202466767623
312,West Garo Hills,Meghalaya,falls,421216.35208125,13.147436793513139,1.41177022375218,32.86146678871736,0.06685972589740367,0.04689654210298747,0.09216065380290739,0.5455,False,31.44969656496518,55.379153653824105
313,East Garo Hills,Meghalaya,falls,208166.81564737382,16.639295783186416,0.6101792277175224,58.22492378438884,0.06967955550618879,0.05341610134208887,0.08722823699199306,0.5255,False,57.61474455667132,34.63749217800691
314,Kohima,Nagaland,falls,1212720.6176788781,6.848413611433634,1.1564581505330063,12.815346200891527,0.10459552255414252,0.06682384060180632,0.15206870954345755,0.1965,False,11.65888805035852,83.05212384978233
315,East Siang,Arunachal Pradesh,falls,63767.806466991075,9.878875462497199,1.3980397893006238,26.38716967436174,0.09754133364941216,0.08458502331490735,0.11155506015052716,0.3505,False,24.989129885061118,6.2995421860402825
316,Lohit,Arunachal Pradesh,falls,93662.46059234324,8.987302993891273,1.5310529087285285,21.256438820645247,0.08416860245970245,0.07108228698051258,0.09888636206550733,0.2675,False,19.725385911916717,8.417729124967897
317,Kurung Kumey,Arunachal Pradesh,falls,59180.000284785114,11.80251961871972,0.8755647933775917,41.31629527512359,0.05634658211640066,0.045507149024656836,0.06896466732342567,0.363,False,40.440730481746,6.984731143970149
318,Lower Subansiri,Arunachal Pradesh,falls,53365.86541167848,10.382083686784165,0.9446612577924324,29.743768625161785,0.07983117314495473,0.0688751354885583,0.09179839040915781,0.3785,False,28.799107367369352,5.5404888072170655
319,East Kameng,Arunachal Pradesh,falls,50576.417550824764,9.864556458828067,1.3829518784137422,27.666151753406766,0.0859710491408718,0.07501075634352426,0.0989521982237151,0.324,False,26.283199874993024,4.989139264153736
320,West Kameng,Arunachal Pradesh,falls,53955.24875002016,9.834365321035591,0.9895507609651465,25.107593550517056,0.08523230676785086,0.07446251880065831,0.09773774762173842,0.354,False,24.118042789551907,5.306156271950472
321,West Jaintia Hills,Meghalaya,falls,258720.68768217156,14.852440619898557,1.0788148968729834,42.72266184741487,0.06096964256563525,0.04610236113599865,0.07976918796890255,0.5675,False,41.643846950541885,38.42633650938773
322,South West Khasi Hills,Meghalaya,falls,251083.94736663223,16.279810172574546,0.847370081798688,53.68140175866498,0.068098043973589,0.05165121827749004,0.08737403937354499,0.5625,False,52.834031676866296,40.875990005094714
323,North Garo Hills,Meghalaya,falls,93197.95902186201,18.842169068470888,0.5296202802832524,75.55310625278452,0.061146774141869274,0.048673721353973,0.07553509307796016,0.5345,False,75.02348597250126,17.560517007263456
324,South West Garo Hills,Meghalaya,falls,421216.35208125,15.50848708220865,0.8094332202833401,47.34544819954616,0.06656999340754005,0.04814174812864121,0.08970750138508699,0.5385,False,46.53601497926282,65.32428355067115
325,Khowai,Tripura,falls,459239.625,14.893932242855898,2.9929889523848714,37.35606232089567,0.08321682682508186,0.05993282310574407,0.11182192800923994,0.6155,False,34.3630733685108,68.39883857984552
326,West Tripura,Tripura,falls,862869.5,15.95299861033681,2.103150175063888,41.19734237014322,0.12745224293848184,0.08263575670120886,0.18564809461767695,0.5965,False,39.09419219507933,137.65355934402018
327,South Tripura,Tripura,falls,438000.5,15.485601775031668,2.7063467821424494,41.26972907950208,0.072336697133169,0.05295568434660954,0.09746101388500347,0.65,False,38.56338229735963,67.82701320264758
328,Unokoti,Tripura,falls,459239.625,14.726145214412833,2.5391273727596766,37.77369557303979,0.08322281132229034,0.059033498240813984,0.11296261915864617,0.6495,False,35.23456820028011,67.62829405962493
329,Charaideo,Assam,falls,945623.5151515151,4.722372143484714,0.0689173299387107,16.659681846189187,0.06425306559459139,0.04016402637153016,0.09698668556644602,0.092,False,16.590764516250477,44.6558614617561
330,Majuli,Assam,falls,945623.5151515151,10.705455476858035,0.016565827594247524,61.60764329877721,0.06447202417803041,0.0405798050525534,0.09536079079478973,0.2725,False,61.59107747118296,101.23330439324533
331,Biswanath,Assam,falls,945623.5151515151,3.611399751094427,0.21890550831655628,11.077448035886148,0.0642036957593558,0.039244846041203846,0.09787881339189627,0.0295,False,10.858542527569591,34.15024527247219
332,Hojai,Assam,falls,945623.5151515151,3.802596621403125,0.15255471872828752,11.744761011535811,0.0644031410687061,0.040674175704769944,0.09548858469931308,0.0365,False,11.592206292807523,35.95824783834498
333,South Salmara Mankachar,Assam,falls,1404881.6867724047,5.279854324877018,0.06289522915196862,22.317671863389418,0.06334300876504637,0.037606002485013196,0.09843788550965685,0.144,False,22.254776634237448,74.17570649845801
334,Karbi Anglong,Assam,falls,773634.3825508899,4.806810251813016,0.07038085313613855,16.619444664128217,0.06436845205061163,0.0417127142913994,0.09152372765874967,0.1015,False,16.549063810992077,37.1871368120065
335,West Karbi Anglong,Assam,falls,773634.3825508899,6.151428501519428,0.04040123994458398,24.52891320473749,0.06480049844488227,0.04153894549451548,0.09497429486391443,0.196,False,24.488511964792906,47.58956590578928
336,Kra Daadi,Arunachal Pradesh,falls,55349.079999999994,19.2115940879418,0.18292241882013852,97.5903121692929,0.08353143553154185,0.07258278863278804,0.09555257319221647,0.455,False,97.40738975047276,10.633440581010177
337,Namsai,Arunachal Pradesh,falls,55349.079999999994,12.568682628201786,0.5220899204549712,46.66503099904174,0.08364585741722155,0.07284615998346829,0.09622351754246476,0.396,False,46.142941078586766,6.9566502028295085
338,Longding,Arunachal Pradesh,falls,55349.079999999994,9.953030856440348,1.3928595511936224,30.124042871151037,0.08363453405869996,0.0721424700206573,0.09630791547370884,0.3125,False,28.731183319957413,5.5089110111558535
339,Imphal East,Manipur,falls,256563.56249999994,4.574274191377321,0.7072697078729651,12.05398155215062,0.11543819149353834,0.08981694026055811,0.1445344338393202,0.0945,False,11.346711844277655,11.73592082391572
340,Jiribam,Manipur,falls,178487.12499999997,4.134076377897673,0.9253694500893817,9.582630966027692,0.08441467100125676,0.06901007123800978,0.10221715148997201,0.028,False,8.657261515938309,7.378794072213689
341,Kangpokpi,Manipur,falls,178487.12499999997,3.9784261841553237,1.3057225760416207,7.859140144682394,0.08471326259284243,0.06769643669771977,0.1047264658586475,0.012,False,6.553417568640773,7.100978516346042
342,Thoubal,Manipur,falls,237469.49999999994,4.2780853297857355,0.9514188386668133,10.093206731884989,0.1046751416975249,0.08376676059144221,0.12789481856547003,0.06,False,9.141787893218176,10.159147842215534
343,Tengnoupal,Manipur,falls,178487.12499999997,4.100721741190779,1.0616573140247059,9.11435113705367,0.08469332847421895,0.06830615254969265,0.1037604058588496,0.0175,False,8.052693823028966,7.31926034010136
344,Ukhrul,Manipur,falls,103498.87499999999,5.34862669218727,0.45258417873635814,18.356215832697057,0.06685814233606323,0.05461723856532085,0.08067448082843581,0.096,False,17.903631653960698,5.535768454363536
345,Noney,Manipur,falls,178487.12499999997,3.9930043553681736,1.0345248164858203,8.242076787381107,0.08442154392535954,0.06839365885569272,0.10230481486598603,0.0175,False,7.207551970895286,7.126998675021436
346,Pherzawl,Manipur,falls,178487.12499999997,4.11139599322135,0.9167588642713207,8.700105229597877,0.08477149249381466,0.06800521165026593,0.10515741196725334,0.021,False,7.783346365326556,7.338312505665981
347,Upper Siang,Arunachal Pradesh,falls,22701.220839943202,10.24203832493491,1.014885019966959,30.73725602409927,0.07591634951407053,0.06579296973132916,0.08697250450202915,0.3235,False,29.722371004132313,2.3250677386550933
348,Lower Siang,Arunachal Pradesh,falls,34758.83417395607,9.241810688293533,1.5102011228687533,21.878498802725634,0.08297908048905019,0.07267161944644962,0.09417192101980001,0.2835,False,20.36829767985688,3.212345651814897
349,Upper Dibang Valley,Arunachal Pradesh,falls,5144.410294532995,12.306499483020795,0.7572685688784396,43.44495616309924,0.10444090084032703,0.09330637963572305,0.11613718505308031,0.3855,False,42.687687594220804,0.6330968263011716
350,Lower Dibang Valley,Arunachal Pradesh,falls,34758.83417395607,9.120392348194835,1.3322739427874868,21.330723678794353,0.08308952216032656,0.0726833758088178,0.09344841890793976,0.2765,False,19.998449736006865,3.170142052323221
351,Siang,Arunachal Pradesh,falls,72161.85924642648,9.815453783265053,1.1654885627005998,24.212916232000723,0.08791700362623434,0.07531030000828652,0.10213053322792133,0.337,False,23.047427669300124,7.08301394347777
352,Shi Yomi,Arunachal Pradesh,falls,55349.079999999994,8.927478988377533,1.7773765497953322,21.20517469419223,0.0835036836637747,0.07205953827219419,0.0958249680695073,0.2205,False,19.4277981443969,4.941277487260271
353,Pakke Kessang,Arunachal Pradesh,falls,55349.079999999994,8.797359049330181,1.8162046128893519,20.27399331303238,0.0835965600878329,0.0723232345450949,0.09619389128948666,0.2135,False,18.45778870014303,4.869257298101001
354,West Siang,Arunachal Pradesh,falls,72161.85924642648,9.2254085480688,1.695295279900076,23.936329285376303,0.08798941225717605,0.07573236116957487,0.10119222917870993,0.2905,False,22.241034005476227,6.657226331365205
355,Lepa Rada,Arunachal Pradesh,falls,55349.079999999994,9.202857499755217,1.5871343087356766,24.87334089307742,0.0836161755967644,0.07233207651821595,0.09627865697872746,0.243,False,23.28620658434174,5.093696959825515
356,Kamle,Arunachal Pradesh,falls,55349.079999999994,8.754094880036455,2.1283137952785642,18.6527416191468,0.08368049566128696,0.07219327351233835,0.09632284015811744,0.217,False,16.524427823868233,4.845310978427281
357,North and Middle Andaman,Other Union Territories,falls,105597.0,26.58265949068936,19.680961027791874,34.75106797466281,0.22376271050343616,0.1718426150973664,0.28951431360262503,1.0,True,15.070106946870936,28.07049094238324
358,South Andaman,Other Union Territories,falls,238142.0,26.58265949068936,19.680961027791874,34.75106797466281,0.22376271050343616,0.1718426150973664,0.28951431360262503,1.0,True,15.070106946870936,63.30447696431745
359,Nicobars,Other Union Territories,falls,36842.0,26.58265949068936,19.680961027791874,34.75106797466281,0.22376271050343616,0.1718426150973664,0.28951431360262503,1.0,True,15.070106946870936,9.793583409559774
360,Amroha,Uttar Pradesh,falls,2664164.546666667,4.813373280857559,0.8946854526926032,13.199018656985197,0.07647579769553448,0.03496499838771675,0.13982068092526134,0.0515,False,12.304333204292595,128.23618444733324
361,Churu,Rajasthan,falls,2035714.9872674257,26.94595248949047,6.513510296852782,72.37160876031481,0.101388906041005,0.05023733701466489,0.17988401018214528,0.8935,False,65.85809846346203,548.5427932905176
362,Hapur,Uttar Pradesh,falls,2463647.2185003962,5.599903094169886,0.48938067110020295,19.89880663914537,0.06427459030864732,0.02955254694373138,0.11773844905543349,0.108,False,19.409425968045166,137.96185681823403
363,Delhi,Delhi,falls,16787941.0,12.414834314562667,9.002587855483192,16.66696211643232,0.11897053271526124,0.0841462889345525,0.16265072478377743,0.6455,False,7.664374260949128,2084.195059976535
364,Jhajjar,Haryana,falls,922452.9615350218,22.55770071716437,4.683403547461733,53.98393793860286,0.0910258088997066,0.057926180647702157,0.1363681430415602,0.893,False,49.30053439114113,208.08417831968958
365,Bareilly,Uttar Pradesh,falls,4162665.669948758,5.446145826818866,0.5943164020707925,17.568014525110954,0.09189416202889407,0.03705229689369737,0.18474580205704497,0.134,False,16.973698123040162,226.70484266833589
366,Pilibhit,Uttar Pradesh,falls,1900566.7290624739,4.804051253600881,0.7810276869355478,13.213437431672377,0.07514318325196999,0.03781952965718625,0.12989567668669527,0.054,False,12.432409744736828,91.30419977304705
367,Bulandshahr,Uttar Pradesh,falls,3274438.730098058,5.500350172157756,0.6210939717694673,18.6512461871107,0.08016125013970578,0.03449364441109883,0.15786474454709712,0.1055,False,18.030152215341232,180.10559632814875
368,Gautam Buddha Nagar,Uttar Pradesh,falls,1542265.750275011,8.657856395619463,0.17557328285748244,39.11290806468001,0.1799159233382037,0.10265537371269154,0.2859774829376549,0.266,False,38.93733478182253,133.52715389763353
369,Lakhimpur Kheri,Uttar Pradesh,falls,3762980.952441508,17.93262253118518,0.06361890311663575,127.25525551345464,0.062464983186396233,0.023490358037174735,0.13375365399890163,0.3235,False,127.19163661033801,674.8011701217326
370,Jhunjhunu,Rajasthan,falls,2133029.802679181,26.94665097243387,4.844935657339459,74.97167199117847,0.08818131985741309,0.04119122066020288,0.16154126184532644,0.8965,False,70.126736333839,574.7800960659538
371,Gurugram,Haryana,falls,1152339.1818181819,21.407352658862713,5.361582193072838,47.99090128423458,0.10911157365115176,0.06525950148265786,0.1684083552541714,0.8915,False,42.62931909116175,246.68531247807138
372,Faridabad,Haryana,falls,1741845.6346092306,40.7364736109014,0.8965479923439701,183.7053861668907,0.2926967604967856,0.17204895137981135,0.438167044174944,0.6495,False,182.8088381745467,709.5664872852271
373,Mahendragarh,Haryana,falls,887498.2981056079,24.747276012706287,2.7909496075579896,70.13809032314423,0.07306648743687434,0.045700105814764296,0.1115933903532062,0.8295,False,67.34714071558624,219.6316534402656
374,Rewari,Haryana,falls,866558.4171250664,22.918928978872632,4.179850773473191,57.91283352423051,0.08802932421895372,0.05627936939156607,0.12940835471471007,0.888,False,53.732982750757316,198.60590818133684
375,Budaun,Uttar Pradesh,falls,3445428.3207631516,4.916229152456832,0.8117679588849285,13.93861018189443,0.06954952310608217,0.028308489607334664,0.13709904703987194,0.057,False,13.126842223009502,169.38515153236193
376,Jaisalmer,Rajasthan,falls,668660.3194509401,28.504587255881333,4.179609590459513,77.58397379847386,0.07152990180231497,0.04816263401242791,0.10445127079573735,0.906,False,73.40436420801436,190.59886420334809
377,Bahraich,Uttar Pradesh,falls,3263733.4575999943,7.108623848451611,0.3470988898170109,29.934872011748503,0.05873042535812041,0.024313814420214457,0.11621742443555007,0.1845,False,29.58777312193149,232.00653491684756
378,Nuh,Haryana,falls,1152339.1818181819,21.46771804197035,5.552037666569199,47.33864760307332,0.10817461262375408,0.06465732675311128,0.16812289471470637,0.8965,False,41.78660993650412,247.38092643987537
379,Shahjahanpur,Uttar Pradesh,falls,2813444.804701329,5.008792035849061,0.8095941751357804,14.472714374102978,0.07534262031344795,0.03419827486128929,0.14207119424910367,0.0565,False,13.663120198967198,140.91959931088937
380,Sikar,Rajasthan,falls,2672302.679960628,26.99860257503461,5.578460669645615,73.90428373998476,0.09703226868790858,0.04234090276283675,0.18563493490917032,0.8855,False,68.32582307033914,721.484380164569
381,Palwal,Haryana,falls,1003593.5566031683,23.070120142674497,3.965576023227861,61.82129253443223,0.08839044425309217,0.05473775225061448,0.13409428663610184,0.8685,False,57.85571651120437,231.5302392524909
382,Alwar,Rajasthan,falls,3667275.751038463,27.286129345972235,5.380448466559417,74.51965738942599,0.09905722133775396,0.03757797450403308,0.2038056531763809,0.891,False,69.13920892286657,1000.6576049018297
383,North Sikkim,Sikkim,falls,152644.25,56.77573086396759,17.772434616031568,110.08108896514642,0.09072666037747623,0.07384456417067929,0.10924912080796742,0.995,False,92.30865434911485,86.66488855932185
384,Aligarh,Uttar Pradesh,falls,3437935.5657900753,5.030199499734366,0.7263720771339701,13.849445837985336,0.0892704736204935,0.03719128677840523,0.1743052854653373,0.0895,False,13.123073760851366,172.93501763156223
385,Kasganj,Uttar Pradesh,falls,2664164.546666667,4.968758149391084,0.7747195817471438,14.900890877125876,0.07586232537957785,0.033848864217319065,0.13975650422310562,0.059,False,14.126171295378732,132.37589302568804
386,Mathura,Uttar Pradesh,falls,2383592.5544324904,4.816372083202307,0.8266347232654782,12.932475711030504,0.09173603417945149,0.043721305606301955,0.1661966364440788,0.0775,False,12.105840987765026,114.8026863689752
387,Jaipur,Rajasthan,falls,6613728.373458272,36.757900446282065,2.1030121599718665,135.76233311182517,0.39467517214020975,0.16619074225531522,0.6478081417154682,0.584,False,133.65932095185332,2431.0676913033017
388,Shrawasti,Uttar Pradesh,falls,1045599.1244500758,7.780136251339932,0.2586954274404101,36.645644082255686,0.05434460028506907,0.031731141505133134,0.0889579899111067,0.1915,False,36.38694865481528,81.34903652503327
389,Jodhpur,Rajasthan,falls,3680237.352229636,28.58368441578996,5.255937513374292,86.02367578544285,0.13444961888777107,0.04948215557169689,0.28005229265214787,0.8565,False,80.76773827206856,1051.9474305133435
390,Sitapur,Uttar Pradesh,falls,4196010.16076375,6.039750720642058,0.4882651509618451,22.63490073457999,0.06103156228424815,0.021245998141334994,0.13593792022175005,0.1275,False,22.146635583618146,253.42855392294254
391,Bharatpur,Rajasthan,falls,2543673.8098614635,26.88448945527924,4.969492803343766,72.2869280722865,0.08857739501760875,0.039603311950055745,0.17051356116573316,0.903,False,67.31743526894273,683.853717188905
392,Hathras,Uttar Pradesh,falls,2664164.546666667,4.8149661008932005,0.872063072889858,13.316537020733271,0.07645038265509661,0.03489167662190239,0.13961199892641543,0.047,False,12.444473947843413,128.27861979401501
393,Nagaur,Rajasthan,falls,3301528.2310870583,27.30867354121626,5.877664127845236,76.51884276973014,0.0910582923874828,0.03544685277464341,0.19087630494787763,0.898,False,70.6411786418849,901.6035664986566
394,Etah,Uttar Pradesh,falls,1660515.0299269175,4.640483458618768,0.8164752400115572,11.949663804754339,0.07161931308346033,0.03777085566298722,0.12053354499449069,0.036,False,11.133188564742781,77.05592529163711
395,Hardoi,Uttar Pradesh,falls,3829984.354662343,5.3712267740374475,0.6357752906085494,16.599038368319857,0.06373887226278872,0.02421243068373005,0.13248056620167245,0.0775,False,15.963263077711307,205.7171450990691
396,Farrukhabad,Uttar Pradesh,falls,1764127.8439195396,4.766034279351674,0.9880029831787467,12.901327857471916,0.08074890475042244,0.04104469746312481,0.13757559221818466,0.042,False,11.913324874293169,84.07893777279286
397,West Sikkim,Sikkim,falls,152644.25,58.000341752767824,19.250954094719088,117.95573070887704,0.09047353084705234,0.07433052183166546,0.11031675599847297,0.9915,False,98.70477661415795,88.5341866659493
398,South Sikkim,Sikkim,falls,152644.25,56.498079151945774,19.447621461065467,103.66241128223395,0.09036755857396181,0.07458286321000107,0.10881234800656372,0.9975,False,84.21478982116848,86.24106918589398
399,East Sikkim,Sikkim,falls,152644.25,58.71652971794145,15.172723106975031,119.09407666679705,0.09050483514343659,0.07469748880529091,0.10903650269367984,0.993,False,103.92135355982202,89.62740641397885
400,Firozabad,Uttar Pradesh,falls,2337713.349883971,5.10661079352445,0.7873703917287997,15.02721335044623,0.09878697913219096,0.04801428729472419,0.17324243492940425,0.0925,False,14.23984295871743,119.37792224683685
401,West Champaran,Bihar,falls,3995256.9749684567,6.673578144675457,0.5405388578465178,27.111656156855343,0.04930085885518052,0.018652653446553168,0.10242083008416197,0.1875,False,26.571117299008826,266.6265963051167
402,Siddharthnagar,Uttar Pradesh,falls,2394927.603887826,5.50903266798748,0.4945317493960142,17.729679582069615,0.05730592108544586,0.025760181181331294,0.10572367220256897,0.0825,False,17.2351478326736,131.93734407283014
403,Mainpuri,Uttar Pradesh,falls,1748523.7863229301,4.719042865671578,0.7130848895127522,12.273257929467684,0.07282147834983801,0.037826515055366106,0.12671063876033278,0.049,False,11.560173039954933,82.51358699304278
404,Maharajganj,Uttar Pradesh,falls,2512279.4747700086,5.811958622591632,0.44711701959838884,19.756613061743156,0.056814102814423915,0.024822193075661404,0.10879909878553241,0.1055,False,19.30949604214477,146.0126435574953
405,Agra,Uttar Pradesh,falls,4135002.272607171,5.489824852831791,0.556325639914848,19.689670703213995,0.10698940442723329,0.04080851424139667,0.21352503503290804,0.1475,False,19.133345063299146,227.00438242674784
406,Gonda,Uttar Pradesh,falls,3213377.502734103,5.632215747514121,0.48779381862946253,18.936872457778758,0.05775655275873616,0.022602088591927492,0.11547306117936751,0.0975,False,18.449078639149295,180.98435373606614
407,Barabanki,Uttar Pradesh,falls,3051282.458842968,5.145608995300163,0.6481905454156159,15.38718178428451,0.0629099707966808,0.025500446602428048,0.1268874130625705,0.062,False,14.738991238868893,157.00706467423979
408,Darjeeling,West Bengal,falls,1421462.944529197,4.1289011901848465,0.7159743209341505,10.87467520632399,0.11369208205865076,0.06487078995100921,0.1762771917885504,0.042,False,10.158700885389841,58.690800434702574
409,Dausa,Rajasthan,falls,1631338.182755664,29.960828082187355,3.870288795909243,91.36700424574705,0.07096553763459829,0.037236869616120945,0.12240233185646704,0.86,False,87.49671544983781,488.7624283745038
410,Kushinagar,Uttar Pradesh,falls,3335613.1863057427,5.715158411519018,0.4643025512014595,22.030000095516236,0.056456357814852726,0.02207546455738862,0.1165903212979864,0.1035,False,21.565697544314776,190.63557759289017
411,Kannauj,Uttar Pradesh,falls,1550220.7783786857,4.726218714458663,0.8321478913425229,11.931370346004298,0.07342233944597666,0.040169248962742904,0.12163781794746756,0.0365,False,11.099222454661776,73.26682454316021
412,Lucknow,Uttar Pradesh,falls,4295058.261535606,9.261170626048905,0.16366630657474648,47.18798694721348,0.14676512220438234,0.06082599079984696,0.2940641261912692,0.2685,False,47.024320640638734,397.77267408902236
413,Jalpaiguri,West Bengal,falls,2980852.566200509,5.305671148674403,0.38083690868032527,19.660189021590423,0.08061202831093428,0.03720379495272601,0.14325678137277406,0.112,False,19.279352112910097,158.15423458942098
414,Basti,Uttar Pradesh,falls,2306185.199446492,5.5225330511656905,0.4990197284301824,18.682065480611826,0.05753398424093013,0.025647876826046717,0.11099980589907381,0.0815,False,18.183045752181645,127.3598398605239
415,Gorakhpur,Uttar Pradesh,falls,4155681.0411091126,4.799295240535971,0.6992593927537891,15.159803169022961,0.0683290060991712,0.02628423078839282,0.1369448228390828,0.0535,False,14.460543776269173,199.44340241780532
416,Sant Kabir Nagar,Uttar Pradesh,falls,1605026.346070477,5.216715669470817,0.4955900223879,15.320491941783171,0.059837471233310124,0.031405197028689706,0.10315114418061042,0.069,False,14.824901919395272,83.72966089459348
417,Karauli,Rajasthan,falls,1455508.1637014244,30.085929240069497,3.758950245739122,93.92781420699944,0.07369532358188172,0.04041158931063225,0.12445405048889782,0.842,False,90.16886396126031,437.90315621464543
418,East Champaran,Bihar,falls,3995256.9749684567,6.731652428542633,0.5302237178242754,27.780327680829622,0.04755231670371907,0.019803101828971027,0.09365722644405289,0.185,False,27.250103963005348,268.94681318198303
419,Unnao,Uttar Pradesh,falls,2908733.8950164793,4.993568793489481,0.7610260344876533,13.935753648444809,0.06968037329626542,0.029475445837975428,0.13671265485056638,0.0585,False,13.174727613957156,145.24962806719398
420,Etawah,Uttar Pradesh,falls,1480219.1512379386,4.628206817892301,0.9489073434675678,11.599606095246934,0.08381974124424403,0.04669478073483971,0.1390627666324488,0.04,False,10.650698751779366,68.50760367734182
421,Dholpur,Rajasthan,falls,1333041.6935525378,26.526413295885227,5.015519550933247,66.09973471162556,0.07988639570162387,0.04426572167378622,0.1306643307256119,0.9205,False,61.08421516069231,353.60814903821404
422,Kanpur Nagar,Uttar Pradesh,falls,4287038.664917739,8.287181903104377,0.2250417997031131,38.97314610010065,0.14393361902298912,0.055617516953675644,0.28351812772166624,0.255,False,38.748104300397536,355.2746924181504
423,Auraiya,Uttar Pradesh,falls,1290944.5059738792,4.893046022831974,0.7830347125258891,13.904456990109335,0.07391495733569733,0.04376422339524334,0.11578065510161427,0.057,False,13.121422277583445,63.16650880652277
424,Morena,Madhya Pradesh,falls,1867019.7859818377,23.180177922437448,2.8711714734089333,70.79767731314723,0.08718760348885544,0.04453263221675358,0.1524456210575896,0.773,False,67.9265058397383,432.77850823770086
425,Barmer,Rajasthan,falls,2598858.929856751,32.311404582513234,3.077353191280108,110.680701739882,0.06882795905214846,0.03089909594192246,0.1347813654379673,0.8545,False,107.60334854860189,839.7278233547886
426,Ayodhya,Uttar Pradesh,falls,2664164.546666667,4.643659110519173,0.8510391969628327,12.323192034272164,0.07627354016826197,0.03505097853106098,0.14029753167636835,0.046,False,11.472152837309332,123.7147196905085
427,Kanpur Dehat,Uttar Pradesh,falls,1680825.1028550619,5.113506540327923,0.5841230376289399,14.498016507111945,0.06364368876419162,0.033519020400562906,0.10780221920488957,0.058,False,13.913893469483005,85.94910156596713
428,Bhind,Madhya Pradesh,falls,1617290.2082056182,23.36330429354983,2.8962078170868324,68.47824301070467,0.08856446226904223,0.04748404138087137,0.14514917655776238,0.7415,False,65.58203519361784,377.8524326528642
429,Sawai Madhopur,Rajasthan,falls,1333041.6935525378,27.666484311272892,5.371523998029708,72.35782681856512,0.07960261202080854,0.04333919405303138,0.1312762585857763,0.8905,False,66.98630282053541,368.80577100943935
430,Deoria,Uttar Pradesh,falls,2901789.5045262584,5.371361457515201,0.5356701406907448,17.967749107230386,0.061609958746083514,0.025855858936423816,0.1217723534854526,0.084,False,17.432078966539642,155.86560302434478
431,Sitamarhi,Bihar,falls,3461167.900807432,5.652672546051504,0.8277711773817146,17.301146300630126,0.048684380703717424,0.02003923176004779,0.09796682688839632,0.1045,False,16.473375123248413,195.64848770168888
432,Tonk,Rajasthan,falls,1418655.5347794688,25.886692047745104,5.415611770992537,61.93606284478283,0.0817146479475047,0.04544370235346454,0.13222503890125722,0.921,False,56.5204510737903,367.2429895066525
433,Sheohar,Bihar,falls,663452.1673062344,5.684207818540986,0.7100754546879705,17.227568177339737,0.05542541281681977,0.036302039017252555,0.0803063113198952,0.069,False,16.517492722651767,37.711999966300596
434,Sultanpur,Uttar Pradesh,falls,3553249.317485126,5.588118772171558,0.5015844301891028,20.58708021029997,0.05509069370833882,0.02196999092504988,0.11495970373725563,0.092,False,20.08549578011087,198.5597921324441
435,Pali,Rajasthan,falls,2033744.6961268608,26.58233882273887,6.363112670849488,65.15217852291985,0.08569264653099574,0.03924891587554727,0.1582540837094199,0.925,False,58.789065852070365,540.6169059139232
436,Gopalganj,Bihar,falls,2590145.1804118883,5.223546144525755,1.0092324280054956,14.707005880104447,0.053375240350959814,0.02431526252692907,0.09893964935299795,0.0725,False,13.697773452098952,135.29742870902484
437,Ambedkar Nagar,Uttar Pradesh,falls,2243885.005230488,5.068739900040748,0.5758157523547052,14.829530138673736,0.06390296426814583,0.029468857915206138,0.11705087243063078,0.062,False,14.25371438631903,113.73669457114914
438,Rae Bareli,Uttar Pradesh,falls,3186838.9076252664,5.33650261509226,0.6271704380502772,16.10365070443382,0.05975240379688201,0.024980524341874324,0.11913566165351103,0.078,False,15.476480266383545,170.06574164419996
439,Jalaun,Uttar Pradesh,falls,1581436.3797764485,4.6449149830802146,0.824710748238089,11.527241123545519,0.08123179386441459,0.04363798393587834,0.13507625984848654,0.0435,False,10.702530375307429,73.45637535211758
440,Azamgarh,Uttar Pradesh,falls,4317587.058335508,5.329034843780613,0.5011426956425227,16.85507270827712,0.057556248740693004,0.01882060054391304,0.12721763798757696,0.0795,False,16.3539300126346,230.08571874926164
441,Gwalior,Madhya Pradesh,falls,1929760.5852720994,33.1738610803676,1.015027883374413,143.61338504452698,0.18743136029021074,0.09857933700042337,0.3141378197069033,0.649,False,142.59835716115256,640.176095741855
442,Sheopur,Madhya Pradesh,falls,653239.9258408077,22.454835662081422,2.919675751909211,59.27066952438133,0.0692461310555721,0.045445158981937565,0.09834462639549765,0.815,False,56.35099377247212,146.6839518266559
443,Mau,Uttar Pradesh,falls,2064290.9582175184,4.723027636274115,0.7873187692821721,12.64229152994608,0.07851210219637858,0.03841028191886754,0.145286187421577,0.0545,False,11.854972760663909,97.49703244972113
444,Fatehpur,Uttar Pradesh,falls,2463647.2185003962,6.098838050465476,0.4282320215559495,22.075652321078802,0.06372548327249301,0.029282931957454753,0.11588636953838362,0.133,False,21.647420299522853,150.2538539911365
445,Ballia,Uttar Pradesh,falls,3031701.355082305,5.754659839800659,0.5456131803834302,20.229169095002653,0.061840626575162316,0.026493393878445747,0.12454162141265575,0.117,False,19.683555914619223,174.4641003436138
446,Jaunpur,Uttar Pradesh,falls,4205566.300864294,5.254653088615899,0.5399982683500695,16.65801572097824,0.055112933848875625,0.020876067543866457,0.11571358868180133,0.073,False,16.118017452628173,220.98791952215504
447,Bhilwara,Rajasthan,falls,2403997.734927561,26.591476978262595,5.077851504691621,71.29557172311152,0.0872249254414925,0.040931060277155706,0.15570074546036977,0.8955,False,66.2177202184199,639.2585042412167
448,Samastipur,Bihar,falls,4308361.801547834,5.721020164334664,0.8025327467287322,17.797742316148454,0.04371666583796919,0.016064511019515143,0.0887577590925382,0.1125,False,16.99520956941972,246.48224741904377
449,Jalore,Rajasthan,falls,1825294.0818061852,29.588590670704463,4.023327491897371,81.78464633936613,0.06691708379722248,0.0336752364661631,0.11650578560573761,0.881,False,77.76131884746876,540.0787944022256
450,Bundi,Rajasthan,falls,1108818.7688958906,28.95155881701929,4.368272206091072,83.52114593994672,0.08012627381592373,0.048246933329042084,0.12530245181483832,0.864,False,79.15287373385564,321.0203180510429
451,Katihar,Bihar,falls,3104751.6417780793,5.477565828197355,0.9598289026959042,15.576202528814484,0.05324270096141727,0.02145276197296254,0.1095584524072404,0.0945,False,14.61637362611858,170.06481498043243
452,Jhansi,Uttar Pradesh,falls,1870243.8575565952,4.967065101654194,0.7457766606018326,14.007817680392868,0.10696957930110276,0.05647300040034671,0.17864938038009923,0.1015,False,13.262041019791036,92.89622996452482
453,Shivpuri,Madhya Pradesh,falls,1639175.3188471599,21.962927961175552,3.0175801018642767,59.7155155558722,0.0736095336334725,0.037828973103154244,0.12768252689979206,0.804,False,56.697935454007926,360.0108944357714
454,Kota,Rajasthan,falls,1947348.3279221167,38.85997316100306,1.9594056011014358,169.84356163672447,0.18277207165504672,0.09743186781354786,0.2996173026307721,0.7235,False,167.88415603562305,756.7390375817765
455,Banda,Uttar Pradesh,falls,1683843.9148374705,6.054988680890245,0.46910172599244804,23.237638916620543,0.06983654907143776,0.036181033598575114,0.11906774585828397,0.1275,False,22.768537190628095,101.95655844726802
456,Ghazipur,Uttar Pradesh,falls,3387758.344057674,5.523331327684067,0.48355843516044456,18.739741236047077,0.05903678993393234,0.023552556429147827,0.1194870817340136,0.09,False,18.256182800886634,187.1171179235685
457,Kaushambi,Uttar Pradesh,falls,1496862.8554906098,5.45998519424424,0.5940160956899246,17.07042497130608,0.061098917732234775,0.03195637564308669,0.10140545244018402,0.0815,False,16.476408875616155,81.72849028792885
458,Khagaria,Bihar,falls,1685189.8973135375,5.486606602862214,1.0167418327209612,15.232408087489024,0.05462704211470985,0.02883017497386655,0.09203041506036788,0.093,False,14.215666254768063,92.4597401767715
459,Bhojpur,Bihar,falls,2758367.3461529687,5.127458902737033,1.1503559759025517,13.376204036793377,0.06070052772437923,0.027457542233348686,0.11732493099238119,0.091,False,12.225848060890826,141.43415206051162
460,Prayagraj,Uttar Pradesh,falls,4135002.272607171,5.579659303610043,0.5898891068431252,19.529275116669712,0.10632048794376737,0.041509140734519744,0.21131008253878014,0.144,False,18.93938600982659,230.71903900801274
461,Buxar,Bihar,falls,1725089.2692486166,5.204993976446494,1.1126799678990653,13.688138025046769,0.06021988868335469,0.030296265865062528,0.10216170306509945,0.084,False,12.575458057147703,89.79079255271535
462,Dakshin Dinajpur,West Bengal,falls,1290196.309447968,5.41189281920402,0.24642846891178224,19.522666026144442,0.0685963252750216,0.03911787974215321,0.10952019151718348,0.0925,False,19.27623755723266,69.82404142464985
463,Malda,West Bengal,falls,3070134.690206135,5.114267096787943,0.30338280754138575,17.186596861228384,0.06198544238095839,0.02631849199827906,0.11841805689813742,0.085,False,16.883214053687,157.01488828828482
464,Tikamgarh,Madhya Pradesh,falls,1372428.6311735318,23.497462308553747,2.3977341313147633,69.99546288782086,0.07327526631569752,0.04124157625687336,0.12329287579341273,0.784,False,67.5977287565061,322.4859003218007
465,Varanasi,Uttar Pradesh,falls,3440697.975266848,5.530928211009886,0.5529211511560462,16.630726939297993,0.10631854937134068,0.04604454533176021,0.20080514362087853,0.1535,False,16.077805788141948,190.30253496968007
466,Darbhanga,Bihar,falls,3980621.0045761154,5.628028221357539,0.8600271190491672,15.893800497144978,0.0491572631761885,0.018472475579495207,0.10226462286629126,0.1045,False,15.03377337809581,224.03047352282974
467,Saharsa,Bihar,falls,1921531.9556453445,5.48354719891866,0.7985078656639768,16.38073196461083,0.057133302996417966,0.028453805446763604,0.09907873309054172,0.1,False,15.582224098946854,105.36811173011723
468,Sirohi,Rajasthan,falls,1034398.8563120378,26.663618974834694,5.609889631843009,65.90690634534623,0.08206811681963523,0.04950942913341239,0.12513637345635364,0.9295,False,60.29701671350322,275.80816972708953
469,Chitrakoot,Uttar Pradesh,falls,928036.7040650905,5.421662121654534,0.51679175291422,16.92365753853359,0.06306838208975861,0.03770092743993755,0.0959868847354282,0.079,False,16.40686578561937,50.31501445934819
470,Chandauli,Uttar Pradesh,falls,1827341.3550899236,4.927710022002282,0.7037408902224507,13.6066513524217,0.06591600308950314,0.03434881777928794,0.11213478366735777,0.0515,False,12.90291046219925,90.04608309095848
471,Bhadohi,Uttar Pradesh,falls,1476853.1665197974,5.533831142521599,0.6261081411427747,17.001428221019353,0.0672565826622768,0.03821417027396854,0.10526485018457328,0.093,False,16.375320079876577,81.72656045818891
472,Baran,Rajasthan,falls,1220457.6208619764,35.49769277617941,3.2555552539936534,143.92886328981183,0.08195038747915541,0.04776911881351514,0.1293010449857427,0.798,False,140.67330803581817,433.23429671705287
473,Sahibganj,Jharkhand,falls,1191843.0884379183,14.7541741258287,2.4219318339712106,36.482739227406746,0.06984413885369636,0.04083068813056408,0.10977350527011348,0.612,False,34.06080739343554,175.846604574785
474,Kaimur,Bihar,falls,1644243.149172997,5.263924455833221,0.9280550391680258,13.540351362053606,0.05431885485308386,0.028583860206504292,0.0913813666604468,0.0655,False,12.61229632288558,86.55171724267971
475,Rohtas,Bihar,falls,2992420.543742338,5.288847175438615,1.0008983201002337,14.690289276218484,0.06030116916535933,0.02635004923906738,0.11340421135141175,0.106,False,13.68939095611825,158.2645494049615
476,Udaipur,Rajasthan,falls,3062654.8842616105,26.763610354355972,5.514428239293742,73.24572645223763,0.09267480871103075,0.038640578267705304,0.1870833131741063,0.8885,False,67.7312982129439,819.6770197224292
477,Godda,Jharkhand,falls,1360674.0682295912,16.275113028025178,1.4305040385985281,49.71078111868469,0.05805549483661454,0.031351403571953776,0.09543948414988315,0.581,False,48.280277080086165,221.4512425473944
478,Mirzapur,Uttar Pradesh,falls,2336603.520060308,4.805081707180252,0.7615491249237758,13.231185823735325,0.0671379279033047,0.03252500118473041,0.12247808891105999,0.045,False,12.469636698811549,112.27570831174769
479,Lalitpur,Uttar Pradesh,falls,1143135.9476795923,4.930801109903012,0.6198729859536578,14.169830450675345,0.067600078538927,0.040217057823751096,0.10647091302030046,0.055,False,13.549957464721688,56.36575999588565
480,Jamui,Bihar,falls,1779735.8194743,5.351733765459961,0.9024114392484495,14.615443097371687,0.05873326015266419,0.029827084696296073,0.10162135842330397,0.0835,False,13.713031658123237,95.24672278679164
481,Neemuch,Madhya Pradesh,falls,784489.8109058931,25.84812483451019,2.1518101293180183,93.56006813884096,0.09091666760758475,0.05807893145099708,0.13323656348634744,0.713,False,91.40825800952294,202.77590563696822
482,Banka,Bihar,falls,2057106.5153990048,5.298391159496189,1.0911793177192068,14.31484730733825,0.052560108269734306,0.025530598333489123,0.09684043560340858,0.0625,False,13.223667989619042,108.99354975332099
483,Rewa,Madhya Pradesh,falls,2246066.6734204288,23.826247161629837,2.1336714039419897,69.65724467530309,0.0764458828533515,0.0353309086834463,0.14081727257090904,0.7815,False,67.5235732713611,535.1533970241486
484,Satna,Madhya Pradesh,falls,2116749.363758057,23.10038724552598,2.4083103610549452,66.53401262818181,0.08379544034120563,0.03842593103846067,0.153884963244747,0.783,False,64.12570226712687,488.97730004531854
485,Guna,Madhya Pradesh,falls,1179031.489632286,20.92506002810849,3.8071500606128432,50.617177569358,0.08738822654462607,0.051409022506840554,0.13854449998920063,0.8225,False,46.81002750874516,246.71304695585755
486,Nawada,Bihar,falls,2243514.2054488114,5.551641279335003,0.8764125706983648,16.199880662039735,0.05940578182646274,0.028732570803583282,0.10797033501312102,0.1045,False,15.32346809134137,124.55186073744093
487,Gaya,Bihar,falls,4439639.692504958,5.887188325767877,0.684061120358347,19.88263663949322,0.049489427001087834,0.01905537160549691,0.1010346916256394,0.141,False,19.198575519134874,261.3699496833088
488,Ashoknagar,Madhya Pradesh,falls,802537.3111285815,21.67438156272328,3.419959541036624,57.016324383455164,0.0741533934113011,0.04731054392121903,0.10923415323577927,0.8395,False,53.59636484241854,173.94499899722845
489,Banaskantha,Gujarat,falls,2516030.3250798224,23.890845610480763,1.3666976673582802,86.34561865655559,0.07783105854873994,0.0348028810252405,0.1470661919509984,0.6635,False,84.9789209891973,601.1009204776976
490,Jhalawar,Rajasthan,falls,1408477.6934621735,28.55007136393406,4.335323744459358,81.23928839077973,0.07572305930239911,0.04307974188488233,0.12549440311938592,0.862,False,76.90396464632038,402.12138662854295
491,Murshidabad,West Bengal,falls,5467659.009871071,5.140222662167877,0.34117024975258353,19.35475433523855,0.055266261562581444,0.018407784020417654,0.1208898313194123,0.0945,False,19.013584085485967,281.0498475154565
492,Sonbhadra,Uttar Pradesh,falls,1742937.2061818952,5.105851311373043,0.6591610066559361,15.519058157496396,0.07782560558098572,0.04252243819169576,0.13170224912126047,0.067,False,14.85989715084046,88.99178219824698
493,Pakur,Jharkhand,falls,932724.2458522166,16.01168344948124,1.7747820989336915,47.33737853519308,0.06039150207636665,0.0367635517734648,0.09292868679534025,0.605,False,45.56259643625939,149.34485370241808
494,Mandsaur,Madhya Pradesh,falls,1272946.1071876483,23.05213349688737,2.8404707034136933,71.32510159614402,0.08114861454797277,0.047057345508444155,0.13324782893673834,0.7515,False,68.48463089273034,293.4412359723277
495,Munger,Bihar,falls,1382784.2815279814,5.616981518041437,0.8711169028293047,17.663210031331516,0.08635223358724968,0.04852799456467491,0.14035003229633364,0.1455,False,16.792093128502213,77.6707375278088
496,Giridih,Jharkhand,falls,2533204.311313144,16.463269662468004,1.6756213119757462,49.10308742946329,0.06646059325598065,0.02964116158133463,0.12604127310385152,0.601,False,47.42746611748754,417.04825687274837
497,Dumka,Jharkhand,falls,1368848.1544069834,17.914025317480636,1.2173703700930794,58.543364403828654,0.060847999504393756,0.03210678815990513,0.10282307210102587,0.5955,False,57.325994033735576,245.21580493833343
498,Singrauli,Madhya Pradesh,falls,1118968.7555192488,21.55941362548407,3.1880082864600134,57.885036105022174,0.07916155470145954,0.04809101925732794,0.12403918638424656,0.785,False,54.69702781856216,241.24310234232644
499,Birbhum,West Bengal,falls,2695730.7239355575,5.088382961107152,0.2576540788388899,18.180320036634047,0.06371575036083975,0.029085287372939733,0.11616889594890326,0.079,False,17.922665957795157,137.1691028340674
500,Deoghar,Jharkhand,falls,1545600.4669826531,15.994522201511696,1.9776165825917411,44.539089849344975,0.07950688200384014,0.04093607057656011,0.13636220261952087,0.5965,False,42.56147326675323,247.21140983820894
501,Palamu,Jharkhand,falls,2009460.952838884,15.059477609840808,2.041325845721801,41.32185268258317,0.06915183113538653,0.035006075789523174,0.12052409419659216,0.5845,False,39.28052683686137,302.6143222712655
502,Sidhi,Madhya Pradesh,falls,1070307.7414479714,25.211309499936892,1.9906814022841628,86.95688500721403,0.063327936120572,0.035766150096155476,0.09950066364982613,0.7515,False,84.96620360492986,269.8385972982324
503,Chatra,Jharkhand,falls,1080299.0796091552,15.678377228114481,1.7112282541946513,45.66884527763071,0.060099015271554646,0.034909153724180325,0.09469045242789481,0.5905,False,43.95761702343606,169.37336489297212
504,Garhwa,Jharkhand,falls,1370238.2980706587,16.516339908634787,1.7517282505001723,49.8179624385042,0.06084013189602995,0.030932395018484403,0.10104742793652992,0.595,False,48.06623418800403,226.31321486764227
505,Sagar,Madhya Pradesh,falls,2258746.6472666366,21.237527450614923,4.462865564014207,55.11135222289603,0.0984375930568055,0.04483766864234977,0.18324651308290943,0.8315,False,50.64848665888182,479.70193925309616
506,Patan,Gujarat,falls,1083438.2285567822,20.885192753172756,1.9790499870989935,65.68616056205022,0.08617834071212462,0.05258930950310771,0.13125998323778554,0.7055,False,63.70711057495122,226.27816239564436
507,Damoh,Madhya Pradesh,falls,1200588.9646404434,23.540726706865623,2.9788587485140536,65.70089263555,0.07567914499796055,0.04371345187421277,0.12271123918746601,0.795,False,62.72203388703595,282.6273670387943
508,Shajapur,Madhya Pradesh,falls,1436545.500124006,22.677793100747703,2.837238836136042,66.21874692334002,0.07867942680752515,0.043366565036777924,0.13465278832663274,0.804,False,63.381508087203976,325.77681631622346
509,Vidisha,Madhya Pradesh,falls,1385447.6366751543,22.475835408910168,3.044392442850465,62.75739426428613,0.0834275664512616,0.04520539602747559,0.13794210615951882,0.815,False,59.71300182143566,311.3909304957434
510,Mehsana,Gujarat,falls,1640850.1497764285,19.850288820677974,2.1038339325499456,56.09628113707225,0.09226941672866891,0.049547772670775626,0.15141936852387966,0.73,False,53.99244720452231,325.7134938451482
511,Rajgarh,Madhya Pradesh,falls,1468010.866619393,22.17172999365181,2.7630474049725704,62.00169730740153,0.07625498108783908,0.041980981203454025,0.12557843886749367,0.806,False,59.23864990242896,325.4834056243198
512,Shahdol,Madhya Pradesh,falls,1012406.4528467655,22.091084159026607,2.9068573802568354,60.29982982830284,0.07805430126580226,0.04689889093510123,0.11886222208481079,0.8145,False,57.392972448046,223.65156152979498
513,Nadia,West Bengal,falls,3977398.977676301,4.700791322383502,0.41956947545389583,15.018527457219653,0.0774413871104532,0.030279362387821265,0.15661724062934618,0.068,False,14.598957981765757,186.96922599917767
514,Jamtara,Jharkhand,falls,819420.2861407531,15.205798489092405,2.3219612576665973,41.41834256468939,0.06416356732719672,0.040276843651914335,0.09439382872060578,0.592,False,39.096381307022796,124.59939748930731
515,Dungarpur,Rajasthan,falls,1385943.112367677,29.432979862950766,3.421181234697958,94.70116559891024,0.06343715280487648,0.0342848078468195,0.10540362133154296,0.8625,False,91.27998436421228,407.9243571751315
516,Katni,Madhya Pradesh,falls,1227011.5913872262,22.81132296835958,2.8346141750790825,63.424128259632774,0.08105686686830725,0.04598357435031285,0.1309055245100428,0.801,False,60.58951408455369,279.89757697054876
517,Dhanbad,Jharkhand,falls,2780791.7982624588,23.969434132394046,0.5856955019800191,97.01613642949711,0.18459393908610505,0.0850227238869323,0.326487887979638,0.5565,False,96.4304409275171,666.5400584435359
518,Banswara,Rajasthan,falls,1794107.786625358,30.170580127382788,3.725583875768344,96.13486770526902,0.06551558642126488,0.03127481541949275,0.11743573600593626,0.8655,False,92.40928382950067,541.2927273354175
519,Umaria,Madhya Pradesh,falls,612306.3643748773,25.990061443504207,1.9270119813350914,82.9001206121889,0.07327388105382156,0.048819266333437285,0.10215813878157869,0.7445,False,80.97310863085382,159.13880032351736
520,Latehar,Jharkhand,falls,753058.0181305574,18.845613856057323,0.8468556236809024,61.2766489956705,0.06140158853816304,0.03917854755795542,0.09092563408619474,0.577,False,60.4297933719896,141.918406208963
521,Ratlam,Madhya Pradesh,falls,1381833.1983544035,21.871693489539553,3.2596038542290837,61.69885961020553,0.09458266123722467,0.05228055934999563,0.15366625816591736,0.7735,False,58.43925575597645,302.2303216807762
522,Bokaro,Jharkhand,falls,2136315.1877102093,19.248780732206054,1.0395939212360354,67.25611057323574,0.1470339791256235,0.07324087237045486,0.2469610807142539,0.571,False,66.21651665199971,411.2146262311544
523,Ramgarh,Jharkhand,falls,983503.8528097561,17.58328925544541,1.599369874802499,57.95392266767736,0.13136955602888772,0.08526190392095219,0.19096262087297042,0.575,False,56.35455279287486,172.9323272779895
524,Bhopal,Madhya Pradesh,falls,2251721.9493531855,51.490267798027325,0.4938982719136392,291.1841526591837,0.28463396934550894,0.14792026234181194,0.4551376348035151,0.61,False,290.6902543872701,1159.4176617889166
525,Purba Bardhaman,West Bengal,falls,5940054.800362343,4.5781549014618905,0.5197594503707189,14.757023588815258,0.06996506305495996,0.023671363846980237,0.1490382515081775,0.0765,False,14.237264138444539,271.9449099923109
526,Koriya,Chhattisgarh,falls,439278.0,24.447061351191575,1.9475126721913922,68.92703256800013,0.09918710044009188,0.07171543301860336,0.13354950779610564,0.787,False,66.97951989580874,107.39056216228732
527,Ujjain,Madhya Pradesh,falls,1886862.1596743683,21.845070935712823,3.4973951842642674,58.653906168672904,0.11995376451320248,0.0600065467011478,0.20962734522691065,0.743,False,55.156510984408634,412.1863772399887
528,Gandhinagar,Gujarat,falls,1122155.4302477925,18.44364465835996,3.136325531815221,49.51430213689801,0.12746531299142083,0.07797095082042606,0.19282452710982698,0.7195,False,46.377976605082786,206.96636006939323
529,Ahmedabad,Gujarat,falls,5816751.7934427885,28.998626672516025,0.8251018228146039,120.89499541584414,0.3428723139643899,0.13669560876529857,0.5924743123337869,0.5615,False,120.06989359302953,1686.7781370473547
530,Raisen,Madhya Pradesh,falls,1264575.7290060667,21.76050791414555,3.806691473562944,57.03175926297843,0.08335005642027093,0.04880364574174495,0.13225085554091326,0.837,False,53.22506778941549,275.1781015907289
531,Purulia,West Bengal,falls,2255251.258896585,6.098692319931832,0.20191475951339796,24.930963377938646,0.06364253199731656,0.031245175483257275,0.11360965434517778,0.146,False,24.72904861842525,137.54083532149198
532,Sehore,Madhya Pradesh,falls,1245330.6968016475,21.748360799085827,3.271498759325736,57.448211183582224,0.07570186350505355,0.042940593756979076,0.12063415513388547,0.8245,False,54.176712424256486,270.8390130821919
533,Ranchi,Jharkhand,falls,3018800.5531268227,16.04727873002663,1.8821496290058173,48.198060951897126,0.13043329601613515,0.058597789974581226,0.23783134714222606,0.5665,False,46.31591132289131,484.4353390638468
534,Bankura,West Bengal,falls,2768288.468657584,5.5795588720276665,0.2389457319801664,19.878185748752394,0.0579812292112109,0.024297004334520613,0.1126569538941397,0.116,False,19.639240016772227,154.45828485630307
535,Lohardaga,Jharkhand,falls,478356.51449219935,15.819420894311365,2.0394629053358,45.44427447192241,0.06653243342797148,0.04721327933602451,0.0892420270229626,0.602,False,43.40481156658661,75.67323040287856
536,Panchmahal,Gujarat,falls,1927656.8981033966,23.124875442517304,1.1290233943706616,84.06126568800637,0.0775749063770648,0.03927123571473972,0.1345968895692749,0.6715,False,82.93224229363571,445.76825664550313
537,Jabalpur,Madhya Pradesh,falls,2339307.9760074746,29.759925862516532,1.796352016399964,116.58366478851283,0.17847416083611023,0.0874450821740261,0.306821592053865,0.679,False,114.78731277211287,696.1763193557605
538,Gumla,Jharkhand,falls,1061992.068455556,26.808208881497787,0.47601255713408996,125.44735087572421,0.059795056855378385,0.034722138650649784,0.09384139240796294,0.5525,False,124.97133831859013,284.70105201650443
539,Dahod,Gujarat,falls,1888740.375,18.316604736122464,2.6395151210674226,46.8466548341427,0.1113777876788965,0.05976744371117277,0.18834487134879488,0.7535,False,44.20713971307527,345.95310898030715
540,Dewas,Madhya Pradesh,falls,1485010.8824837557,20.546767576466227,4.34896885073321,50.151755692509916,0.0925764725032239,0.050590961825736046,0.1566548929082884,0.8425,False,45.80278684177671,305.1217345091673
541,Anuppur,Madhya Pradesh,falls,711526.7798540537,27.638332874687432,1.9444444745401892,100.73488216386724,0.09269159989240262,0.061479621240858554,0.1351330594407975,0.709,False,98.79043768932705,196.65413990860782
542,Jhabua,Madhya Pradesh,falls,973455.7992141846,25.657709942980503,2.048564605449812,92.39276215450036,0.06453100828871243,0.03935228925619656,0.10159289883788103,0.72,False,90.34419754905055,249.76646538549815
543,North 24 Parganas,West Bengal,falls,7704329.421039488,5.678689296272295,0.23667655388618264,21.320388605996786,0.07913018922263149,0.032071894916738355,0.159722295450346,0.1825,False,21.083712052110602,437.5049301821267
544,Dindori,Madhya Pradesh,falls,669064.2520989985,42.55221038737226,0.7186100290708144,214.7597739169449,0.05591893261193296,0.03558317902212459,0.08346755826464734,0.65,False,214.0411638878741,284.7016281798646
545,Hooghly,West Bengal,falls,3968526.739130436,4.346290076071286,0.6184097973884034,12.52596929797364,0.07554181552299803,0.03103891010378131,0.15012067434229182,0.0455,False,11.907559500585236,172.48368382906153
546,Khunti,Jharkhand,falls,550966.1419924282,38.25606616719431,0.2579138186713095,233.31177403971643,0.061510323233098275,0.04131582484451185,0.08914764384483047,0.5415,False,233.0538602210451,210.77797183946112
547,Narsinghpur,Madhya Pradesh,falls,1036899.3531963424,21.173080073635784,3.887323182913443,50.067335719519,0.07584250666072685,0.04529635714668628,0.116761175546476,0.8685,False,46.18001253660556,219.5435303352731
548,Dhar,Madhya Pradesh,falls,2075778.7652205266,22.628846833691686,2.7446567622338143,66.72691067487231,0.08252996637186295,0.039558166311523486,0.14586634491455333,0.769,False,63.9822539126385,469.7247973880495
549,Jashpur,Chhattisgarh,falls,567779.3333333333,30.72281221763412,1.468328468519981,117.24327498894205,0.0618201621546491,0.040957773027075366,0.08877576880917636,0.737,False,115.77494652042206,174.43777839053487
550,Indore,Madhya Pradesh,falls,3111775.933339435,40.416527507342025,0.5998806482784762,197.74887698124627,0.2778400791898214,0.12186935209766296,0.48318876883189316,0.63,False,197.14899633296778,1257.671776064982
551,Saraikela-Kharsawan,Jharkhand,falls,1103264.4186729982,16.169563869665616,1.923379498237602,47.51040683901594,0.08385285751014718,0.051445968650719945,0.12938167722446053,0.5815,False,45.58702734077834,178.3930448286255
552,Mandla,Madhya Pradesh,falls,1001810.0516951786,35.25564264222207,1.0849716760956647,153.20500511526402,0.06616358671028741,0.03813126126877934,0.10350802121242794,0.676,False,152.12003343916834,353.19457177951233
553,East Singhbhum,Jharkhand,falls,1374505.5833333335,22.304903954168374,0.7454589168158596,94.41654597737706,0.0763898583618951,0.04374777371594949,0.12166973579805364,0.566,False,93.67108706056119,306.58215020718177
554,Hoshangabad,Madhya Pradesh,falls,1178870.995655353,23.648209775778902,3.3848078790779517,75.82315497614428,0.104102322963528,0.0606276934993739,0.16798237486111578,0.76,False,72.43834709706633,278.78188603839124
555,Korba,Chhattisgarh,falls,804426.6666666666,25.95807576624027,1.5885305289086302,78.54866680589372,0.11304152468048917,0.07461666536478938,0.1615420622324131,0.7725,False,76.96013627698508,208.81368361717438
556,West Singhbhum,Jharkhand,falls,1374505.5833333335,18.621905880562437,1.1748381578901304,71.07452424146662,0.07668928327861241,0.04212216497112057,0.12561983284447908,0.5715,False,69.89968608357648,255.95913605140908
557,Howrah,West Bengal,falls,3968526.739130436,4.346468374897066,0.5982610538593053,12.647035333790152,0.07653148484296321,0.028864691396261813,0.15606809731582796,0.0405,False,12.048774279930846,172.4907596656382
558,Simdega,Jharkhand,falls,621087.5987921001,26.92409389430494,0.41928391146771565,127.76024975575942,0.05926183343645021,0.03914756337134111,0.08437771620419876,0.557,False,127.3409658442917,167.22220826466895
559,Kolkata,West Bengal,falls,3461015.9684424405,12.691034166046386,0.05418542817829976,76.89244121570009,0.2235579815834702,0.10464278229525807,0.3967676948828951,0.3155,False,76.83825578752179,439.2387190473513
560,Koderma,Jharkhand,falls,741954.4786887291,14.323167261949877,2.534220485615887,36.12460222444447,0.08152197209589486,0.05467981996180366,0.11833941272941667,0.5995,False,33.59038173882858,106.27138099011492
561,Hazaribagh,Jharkhand,falls,1796719.2503175628,14.641287155718913,2.5670915244151264,39.15243721044123,0.07636804757692935,0.03973492333433072,0.13268154496204979,0.601,False,36.5853456860261,263.0628248210745
562,Vaishali,Bihar,falls,3533399.45269122,5.464778346568581,0.8891449098086174,15.802650330805166,0.049057418774090936,0.02031721302104803,0.09794170189807075,0.088,False,14.913505420996549,193.09244818844255
563,Begusarai,Bihar,falls,3003160.1937718913,5.414677690685112,1.0898318457154739,15.926537282759774,0.06286108276294601,0.028471550379118422,0.11945832281006787,0.11,False,14.836705437044301,162.6114450277024
564,Bhagalpur,Bihar,falls,3071123.384324156,5.27552388961381,1.0125275558494382,14.312564589067916,0.06389340080806478,0.028169998301558707,0.1220778238864024,0.101,False,13.300037033218478,162.017847819537
565,Lakhisarai,Bihar,falls,1011902.9078772558,5.000765502684098,1.298643190673408,12.052963988246798,0.06832071789401412,0.040546331421805644,0.10550705478192765,0.0675,False,10.75432079757339,50.602891537783066
566,Sheikhpura,Bihar,falls,643329.6036059401,5.31184065064845,0.9060831292141461,14.64931837902383,0.0732009321231036,0.049917517605357425,0.1024620168205095,0.0905,False,13.743235249809684,34.17264340199586
567,Arwal,Bihar,falls,708538.8822048488,5.276446304311724,0.9951369896382597,15.49882509048931,0.058295169333883325,0.0375981749372322,0.08852491802820973,0.0675,False,14.50368810085105,37.385673664709344
568,Jehanabad,Bihar,falls,1137669.941984988,5.461379847259892,0.8265964657899667,17.332698250448356,0.06549851671644244,0.0387263341720921,0.10582018964375299,0.103,False,16.50610178465839,62.13247693990144
569,Nalanda,Bihar,falls,2909252.200554803,5.244419606681456,0.842593430837898,14.36472185456911,0.06187936427379416,0.0279801084938773,0.11676627868600382,0.0925,False,13.522128423731212,152.5733928137078
570,Patna,Bihar,falls,5902576.561215754,7.929308095248456,0.3645462505289422,36.72154205848273,0.06151394612429374,0.02392235580592653,0.12239058676960042,0.2365,False,36.356995807953794,468.0334810967187
571,Saran,Bihar,falls,3995256.9749684567,5.27894853570067,1.0455484414902947,14.204887402702777,0.04919010694812305,0.01943343760295909,0.10042722663348481,0.0735,False,13.159338961212482,210.90755957757622
572,Siwan,Bihar,falls,3367035.46983203,5.462487766571914,0.9217464368676406,15.837079908628237,0.04927954581690514,0.01975540368585817,0.09819168028084584,0.0965,False,14.915333471760595,183.92390063571182
573,Muzaffarpur,Bihar,falls,4853781.949560994,5.409242538488284,0.9938650475827022,15.315562496328871,0.04493230906657244,0.01692015501965548,0.09565921436848063,0.0925,False,14.32169744874617,262.55283794111926
574,Madhepura,Bihar,falls,2023743.134939127,5.473141096262994,0.951664843226608,15.111074724137376,0.053014999246821404,0.02583205242065497,0.09258199051446464,0.0835,False,14.159409880910768,110.76231720115442
575,Araria,Bihar,falls,2842442.5392017965,6.0200400663107905,0.7042371174643979,20.89323951811199,0.05210391300875756,0.02368279112683542,0.09931197895475466,0.127,False,20.189002400647592,171.11617972180994
576,Supaul,Bihar,falls,2253553.245719306,5.911412723940908,0.6944396815628942,19.198068626972926,0.052102870822572214,0.024627125065135157,0.09603652928737849,0.1265,False,18.503628945410032,133.21683330823438
577,Madhubani,Bihar,falls,4536654.430007166,5.916240196128425,0.7467839776037796,18.273290606614243,0.04242635934289172,0.015924582346794783,0.08795958244008728,0.12,False,17.526506629010463,268.39937294752485
578,Purnia,Bihar,falls,3300467.432912523,5.330233905238072,0.9602816332552893,14.60441471985511,0.053260938760511495,0.023574390682661372,0.10636162103358196,0.09,False,13.644133086599822,175.9226341404439
579,Surajpur,Chhattisgarh,falls,946118.4444444445,24.0863561918656,2.31153304753398,68.72144331003445,0.07941159000369045,0.04793230164898241,0.12034588445199815,0.785,False,66.40991026250046,227.88545852582698
580,Surguja,Chhattisgarh,falls,1573257.3333333333,26.995204769187342,2.079348563321036,92.4848257350226,0.06963921912674352,0.03594343485002918,0.1229734128414321,0.7645,False,90.40547717170156,424.70403867958953
581,Aravalli,Gujarat,falls,1888740.375,18.345315344242852,2.7299724484293693,46.04004985733918,0.11271140329420803,0.05873468023724549,0.19312297237404247,0.766,False,43.310077408909805,346.495377827785
582,Mahisagar,Gujarat,falls,1888740.375,19.13745009532085,2.4874989281952766,54.10047901540499,0.11160347756046415,0.059206944073277146,0.18605187766615944,0.727,False,51.61298008720971,361.4567466958009
583,Amethi,Uttar Pradesh,falls,2664164.546666667,5.043362130345984,0.7119728457473985,15.048048321658795,0.07660864962653077,0.03418290490265136,0.14864513291123188,0.0695,False,14.336075475911397,134.36346583669044
584,Ghaziabad,Uttar Pradesh,falls,4380969.009108135,11.947843156738413,0.09031112071076795,73.8931800342039,0.15320171065289231,0.061442985676139275,0.2977985682715494,0.2985,False,73.80286891349313,523.431305953557
585,Agar Malwa,Madhya Pradesh,falls,2258746.6472666366,23.524538016925835,2.7120756451068186,71.09931424761463,0.09859990024611756,0.04637772267434859,0.18427922463752547,0.7465,False,68.38723860250781,531.3597137422777
586,Sambhal,Uttar Pradesh,falls,2664164.546666667,4.837813115818728,0.8113795401713803,14.034125294644232,0.07584604776709422,0.03483532820043698,0.1399239964741222,0.06,False,13.222745754472852,128.88730186563254
587,Charkhi Dadri,Haryana,falls,1152339.1818181819,23.428104612847253,4.20960752042215,64.90563414138754,0.1083857078930287,0.0648871471667019,0.1670577090347563,0.8495,False,60.696026620965384,269.9712290111918
588,Alipurduar,West Bengal,falls,3968526.739130436,4.530594279722508,0.412724187296572,14.339057427287726,0.07576681692211024,0.03191077138256836,0.1523576101569626,0.057,False,13.926333239991154,179.79784543230173
589,Paschim Bardhaman,West Bengal,falls,5940054.800362343,4.5441046025587415,0.5349965120442136,15.686417574300167,0.06974236936088976,0.024126088217092938,0.15080567696308264,0.078,False,15.151421062255954,269.9223035777767
590,Kalimpong,West Bengal,falls,3968526.739130436,4.6765481392387995,0.41113365429142995,14.651973442964023,0.07715409703055723,0.03195543600114498,0.15209272482528466,0.0635,False,14.240839788672593,185.5900633739986
591,Ajmer,Rajasthan,falls,2578198.8202728834,28.229960458159407,4.426368341407019,75.48803606951367,0.13091572153436826,0.05984779032106876,0.23610006006915227,0.842,False,71.06166772810666,727.8245074957673
592,Cooch Behar,West Bengal,falls,3968526.739130436,4.546984763785901,0.4535856538210989,14.360685700500387,0.0763523008217908,0.028576209424170298,0.15186710488068061,0.057,False,13.907100046679288,180.44830617503038
593,Uttar Dinajpur,West Bengal,falls,2314531.2519033295,4.947753473617196,0.2595372990426548,16.448525808154237,0.06244192594773642,0.029369046796163367,0.11549868123110192,0.07,False,16.18898850911158,114.51730041400255
594,Datia,Madhya Pradesh,falls,747155.4930646727,21.605045362270854,3.2619099621666487,58.05069813833202,0.07927333113870184,0.05023301994184073,0.117577605080152,0.8035,False,54.78878817616537,161.423283203321
595,Rajsamand,Rajasthan,falls,1154423.9221398393,26.795399247650376,5.5405586573049845,66.44848448148024,0.07342020753154313,0.042424699434793586,0.11751987849581437,0.9315,False,60.90792582417525,309.33249894775446
596,Mahoba,Uttar Pradesh,falls,819700.0950051411,5.855218111847242,0.4861237522284612,20.857925149373905,0.07595578686653706,0.04775509730887829,0.11132138877311461,0.116,False,20.371801397145443,47.995228425570076
597,Chhatarpur,Madhya Pradesh,falls,1673672.027202725,23.590530486507383,2.68501061457248,68.56551894233763,0.08196756706090082,0.04096389848749457,0.14183213604495812,0.77,False,65.88050832776516,394.82810982140495
598,Chittorgarh,Rajasthan,falls,1541436.413089084,26.067816488992477,6.22913067787409,61.15388632359822,0.07874316157569804,0.04222017306266472,0.13105672721480457,0.9515,False,54.92475564572413,401.81881545857044
599,Panna,Madhya Pradesh,falls,965357.0262243359,23.96233455931202,2.408575569729094,74.5001500441589,0.06504368686176878,0.039545742576193366,0.10056618683225445,0.7705,False,72.0915744744298,231.32208031570082
600,Sabarkantha,Gujarat,falls,1958145.112092488,22.97589889962897,1.3416016710051548,78.89349713388788,0.0780945383634235,0.03803223982557652,0.14026949167006977,0.648,False,77.55189546288273,449.9014412623964
601,Kutch,Gujarat,falls,1888740.375,18.571790544541948,2.687210946679295,46.580104346820285,0.11236887523910301,0.058976816651380784,0.18993882428887238,0.766,False,43.89289340014099,350.7729063751961
602,Surendranagar,Gujarat,falls,1416059.9425116598,19.513310100045672,2.301065762688871,52.40209474204189,0.09909684422531856,0.055314700994676176,0.1614956539904712,0.73,False,50.10102897935302,276.32016778482864
603,Kheda,Gujarat,falls,1854372.4652976817,20.217591853470736,1.996764496924485,58.3546835572108,0.09012555678072064,0.04594248082182497,0.15648118512263828,0.724,False,56.357919060286314,374.9094564770285
604,Anand,Gujarat,falls,1687357.7178378035,20.169659688146407,2.2420574859565616,61.31857567292573,0.10381087990355406,0.05610814678048561,0.16949103153605524,0.715,False,59.07651818696917,340.3343094095586
605,Kishanganj,Bihar,falls,1708962.102038654,5.841709510427531,0.8231971918447683,19.623501346504614,0.059514595875878026,0.03095014736638135,0.10571181336391043,0.1295,False,18.800304154659845,99.8326016443943
606,Morbi,Gujarat,falls,1888740.375,20.410062096413892,1.9839679909212613,60.986420023993276,0.1116477115078637,0.058447049424671625,0.19040593114781607,0.7015,False,59.00245203307202,385.4930833775406
607,Leh,Jammu & Kashmir and Ladakh,falls,133487.0,8.234391200136745,0.15403983935988633,44.10127698383841,0.09607826829093792,0.08034540776403723,0.11432449202941641,0.201,False,43.94723714447852,10.991841781326537
608,Kargil,Jammu & Kashmir and Ladakh,falls,140802.0,4.5966826084569545,0.30192953939492284,13.66638982564356,0.06990070157078934,0.05631201160496873,0.0865040135357683,0.0515,False,13.364460286248637,6.472221046359561
609,Kupwara,Jammu & Kashmir and Ladakh,falls,808922.7412283361,5.15485336363973,0.24638965952554392,16.11431776824995,0.0640117929456865,0.0406579542971162,0.09313481667211485,0.083,False,15.867928108724406,41.69878113545559
610,Bandipora,Jammu & Kashmir and Ladakh,falls,364547.5112856065,4.661760714208427,0.37858366588246395,13.243624291111328,0.07208988198407255,0.053315323259454234,0.09668799558264625,0.0415,False,12.865040625228863,16.994332665736934
611,Baramulla,Jammu & Kashmir and Ladakh,falls,936889.669197902,4.4428199935443065,0.3748114366988912,12.350780569466016,0.07136143141214306,0.044742837357542746,0.10738564751746175,0.0435,False,11.975969132767124,41.6243215405755
612,Ganderbal,Jammu & Kashmir and Ladakh,falls,276451.6894130476,4.531149534158811,0.34308212768946345,12.001604275092367,0.07178130469547991,0.05484782364486793,0.09234299570389853,0.039,False,11.658522147402904,12.52643943701347
613,Anantnag,Jammu & Kashmir and Ladakh,falls,1002555.8446115907,4.380639180641921,0.4607921653826474,11.906161095403442,0.08037768803176391,0.04792446766402604,0.12171972116358817,0.031,False,11.445368930020795,43.91835413687088
614,Kishtwar,Jammu & Kashmir and Ladakh,falls,214413.03275496204,4.8251581346252275,0.20445866178767064,14.13546788632853,0.05890902237078004,0.044397298003968313,0.07617453719920932,0.0475,False,13.93100922454086,10.345767891672704
615,Srinagar,Jammu & Kashmir and Ladakh,falls,1149531.2310975785,11.592823953397506,0.039891879392296326,53.16076155286852,0.26122586485367794,0.15942704528108884,0.3882456600041145,0.3245,False,53.12086967347623,133.26313191046532
616,Budgam,Jammu & Kashmir and Ladakh,falls,700544.2286554117,4.3549430755854415,0.293858125878384,10.582717391735784,0.06667935526199412,0.04413821341773083,0.09512207795045062,0.023,False,10.2888592658574,30.508302377242295
617,Pulwama,Jammu & Kashmir and Ladakh,falls,520883.0672278277,4.713225159957974,0.2792763986525006,13.333941702001255,0.06507463370277258,0.043848425654911476,0.09157157543524733,0.0435,False,13.054665303348754,24.55039177854278
618,Punch,Jammu & Kashmir and Ladakh,falls,443179.06887727714,4.6367591787141444,0.24151502773460634,12.09266247451927,0.06245781352425559,0.0436780208337777,0.08862979303699821,0.036,False,11.851147446784664,20.549146154307028
619,Shopiyan,Jammu & Kashmir and Ladakh,falls,247425.0334416818,4.912130855567069,0.20714903041456287,14.568179225103178,0.05788933552250454,0.042134544698298824,0.07697035904193424,0.056,False,14.361030194688615,12.15384141208599
620,Kulgam,Jammu & Kashmir and Ladakh,falls,394522.17369579256,4.261868841167471,0.5204242045213616,10.61560642366699,0.07654849203137874,0.05535370698348552,0.10329985738367924,0.0255,False,10.095182219145627,16.81401759223759
621,Rajouri,Jammu & Kashmir and Ladakh,falls,597072.1141124205,4.706250993127469,0.20456620936645437,13.68429361806337,0.05908630789314682,0.0401386025087251,0.08529520496185088,0.0455,False,13.479727408696915,28.09971230010296
622,Ramban,Jammu & Kashmir and Ladakh,falls,263687.99095783435,5.092041613356428,0.19284496739515963,15.50201835635208,0.057052889890134,0.041562462491906586,0.07588252027974134,0.0715,False,15.30917338895692,13.42710222899646
623,Reasi,Jammu & Kashmir and Ladakh,falls,292457.1981217951,4.583257682249456,0.26175381295101047,12.385432276862762,0.06354140819512596,0.047346212455422795,0.08252935430623443,0.041,False,12.123678463911752,13.404067000208684
624,Doda,Jammu & Kashmir and Ladakh,falls,381001.9289256776,4.717957808712628,0.27025715566227176,12.837347486036132,0.05967145385902668,0.04275133961490146,0.0805037549980278,0.0415,False,12.56709033037386,17.97551025709474
625,Lahaul and Spiti,Himachal Pradesh,falls,31564.0,113.7574707085846,26.149630950776444,276.6039830996589,0.05035132684924447,0.03999932731921752,0.06225718194922362,0.9995,False,250.45435214888244,35.90640805445764
626,Chamba,Himachal Pradesh,falls,519080.0,118.25612076698043,21.743205040693265,300.9006612740694,0.06222107570574256,0.04107964149626283,0.08915112890520435,0.997,False,279.15745623337614,613.843871677242
627,Jammu,Jammu & Kashmir and Ladakh,falls,1421970.6226710312,5.449416599226364,0.2911982710940668,19.306360060050054,0.11355492521889118,0.06710503170458436,0.17805455087230052,0.163,False,19.015161788955986,77.48910314795766
628,Kathua,Jammu & Kashmir and Ladakh,falls,572925.832464824,4.949854181854971,0.25061214018018707,15.368169168297548,0.06824244752375262,0.04699800716946696,0.09769968529412475,0.073,False,15.11755702811736,28.358993277187498
629,Gurdaspur,Punjab,falls,2118579.704138289,13.44616568416727,2.693327317589125,36.1547389150972,0.09027897372442613,0.04526567353188715,0.15912791009943658,0.5475,False,33.461411597508075,284.8677371695751
630,Kangra,Himachal Pradesh,falls,1510075.0,106.94166923945784,27.523289291239223,223.5844785054173,0.19953376570326228,0.10651678547081916,0.3110327538156135,0.999,False,196.06118921417809,1614.899411767743
631,Kullu,Himachal Pradesh,falls,437903.0,107.99184184846959,28.502109034501117,243.77626722796347,0.0665275649142119,0.046546018870620987,0.09223230478912656,0.9975,False,215.27415819346237,472.8995152097038
632,Hoshiarpur,Punjab,falls,1462540.9583763524,13.955270246122009,2.6005333848237564,39.41273274654471,0.0801412126732431,0.045026112726404006,0.13256658999223458,0.543,False,36.81219936172096,204.10154320164278
633,Amritsar,Punjab,falls,2295871.055369613,15.84730979532058,1.597026632322041,55.259593882015835,0.14483372755709184,0.07273991599144515,0.2489920751366553,0.504,False,53.662567249693794,363.8337986455187
634,Mandi,Himachal Pradesh,falls,999777.0,110.23461272921259,27.28510473177922,241.61464422810107,0.07768059059507514,0.042775025654558686,0.12847204060235137,0.9995,False,214.32953949632184,1102.1003041057397
635,Kinnaur,Himachal Pradesh,falls,84121.0,155.1333388641954,11.388114598491049,658.6340392539306,0.05046069531312848,0.0395056431788277,0.06328940796437625,0.991,False,647.2459246554396,130.4997159859498
636,Una,Himachal Pradesh,falls,521173.0,115.42403588470214,24.376729929184126,279.13004008624694,0.06633602841160766,0.0445185802412099,0.09414330853539156,0.998,False,254.7533101570628,601.5589105413786
637,Shimla,Himachal Pradesh,falls,814010.0,115.73463151372819,21.88153507764199,301.6072980640909,0.1081877175982336,0.06899258440367052,0.16126659085638864,0.9945,False,279.7257629864489,942.0914739848987
638,Jalandhar,Punjab,falls,2022037.482634386,13.72395204996783,2.614100992939027,36.17796494877606,0.13432923884318437,0.07136135330984267,0.22446718120131012,0.523,False,33.56386395583703,277.5034545491197
639,Tarn Taran,Punjab,falls,1032065.1354945499,15.653589315565753,1.6452601975458514,53.92606873138276,0.07088288847542625,0.042189992655085364,0.10899753479027384,0.5325,False,52.28080853383691,161.55523777945407
640,Rupnagar,Punjab,falls,631084.8680124964,12.939552774206954,2.9216193437979463,29.223783424470497,0.09113452008432606,0.06319042720628422,0.12571424849157165,0.5355,False,26.30216408067255,81.65955954651126
641,Uttarkashi,Uttarakhand,falls,330086.0,21.184921521956444,2.471615714004625,60.3169076091969,0.05874215292449079,0.04201282502136758,0.07897225289926078,0.741,False,57.845291895192275,69.92846005496514
642,Solan,Himachal Pradesh,falls,580320.0,113.36082717348039,24.63547223142453,276.2339848438229,0.08564956753211019,0.05800041187560687,0.12067707407588593,0.998,False,251.59851261239837,657.8555522531414
643,Shahid Bhagat Singh Nagar,Punjab,falls,564423.511682612,14.358094447424593,2.2311297877642926,42.12596028416189,0.07740057870941541,0.0526937493361297,0.10694387748096838,0.518,False,39.894830496397596,81.04046089086002
644,Fazilka,Punjab,falls,1261060.8181818181,13.693656005285787,2.9669405281987307,36.44883687904705,0.10019650575629505,0.06107420893389613,0.15344922614139336,0.572,False,33.48189635084832,172.68533045926063
645,Moga,Punjab,falls,917872.4078716895,13.902130851721937,2.1476813759740874,37.94616595232845,0.08525507298150026,0.052862769304125375,0.127043448322633,0.5135,False,35.79848457635436,127.60382319417316
646,Ludhiana,Punjab,falls,3225115.6323445807,15.155521703556595,1.7015996122296966,45.8310180654392,0.1381674511567511,0.06363343602389539,0.2477245347907121,0.5205,False,44.1294184532095,488.7830996247794
647,Chamoli,Uttarakhand,falls,391605.0,21.70407665677736,1.985524665604729,60.30595130813832,0.06523323465584209,0.04736750746678374,0.0877551344177999,0.7335,False,58.32042664253359,84.99424939177298
648,Dehradun,Uttarakhand,falls,1696694.0,23.421222181312906,1.661611914955413,68.63244283290165,0.13954271445801855,0.07636013986669007,0.22678023916238754,0.685,False,66.97083091794623,397.3864714770052
649,Sirmaur,Himachal Pradesh,falls,529855.0,116.06607606985801,22.295497925899515,301.974406433514,0.06789937954453777,0.0462710942116121,0.09698925135884202,0.9975,False,279.6789085076145,614.9819073599461
650,S.A.S. Nagar,Punjab,falls,564423.511682612,20.651830981932715,0.9615359714672027,95.88802634783043,0.07784200133582422,0.05415354584524379,0.1096374325998242,0.5105,False,94.92649037636323,116.56378965498227
651,Faridkot,Punjab,falls,569214.995430593,13.248001834536225,2.7313920095460986,34.16555716309684,0.10617066867918205,0.07419537494949488,0.14539643689562193,0.546,False,31.434165153550744,75.40961303710026
652,Fatehgarh Sahib,Punjab,falls,553226.48338582,12.6347817579244,2.8989983277682123,27.97922838913655,0.09768613586939981,0.07003977087854572,0.1325828074857367,0.535,False,25.08023006136834,69.89895880283827
653,Tehri Garhwal,Uttarakhand,falls,618931.0,22.55096001835203,1.944953715912087,66.3917583291817,0.06314332457650047,0.04172588335197982,0.09351200400864976,0.7175,False,64.4468046132696,139.5748823511864
654,Chandigarh,Other Union Territories,falls,1055450.0,26.58265949068936,19.680961027791874,34.75106797466281,0.22376271050343616,0.1718426150973664,0.28951431360262503,1.0,True,15.070106946870936,280.56667959448083
655,Sri Muktsar Sahib,Punjab,falls,831362.0674045844,13.89699205499422,2.477311736782433,38.4359986633332,0.09933434491756364,0.0639621304622085,0.14371564556269736,0.5345,False,35.95868692655077,115.53432045545078
656,Rudraprayag,Uttarakhand,falls,242285.0,25.226871884523796,1.3884705982255547,87.29391509738414,0.05450372003101539,0.04020216136516205,0.07216951873727089,0.6755,False,85.90544449915859,61.12092654541847
657,Pithoragarh,Uttarakhand,falls,483439.0,21.127466637214763,2.1393959155645126,56.22548475057242,0.06505538335613802,0.0454129489303272,0.09174354198084463,0.763,False,54.08608883500791,102.13841343628468
658,Sangrur,Punjab,falls,1525724.3870069038,12.569674820071029,3.607119009062894,27.103371237534276,0.09948669782684003,0.05812826006479199,0.15643235622555252,0.548,False,23.49625222847138,191.77859409728987
659,Barnala,Punjab,falls,548953.0477075515,13.068127220151469,2.953380320247735,30.434025719251153,0.10175929912507226,0.070703351600552,0.13890655559763163,0.54,False,27.480645399003418,71.73788265332162
660,Bathinda,Punjab,falls,1279933.622771307,13.349270622385463,2.340842596703167,36.28011254806601,0.10843290618845723,0.06386958917589095,0.16775627823170883,0.523,False,33.93926995136284,170.86180309064403
661,Patiala,Punjab,falls,1747431.446763182,13.240067688207226,3.26684652468331,31.64585278496945,0.11276852160961275,0.060797509091670886,0.18533755988855194,0.53,False,28.37900626028614,231.3611063564641
662,Yamunanagar,Haryana,falls,1168657.29849138,22.14660461470228,5.2238244354473755,52.12560773299838,0.12102914552285901,0.07170297223838792,0.18895789380730324,0.8565,False,46.901783297551006,258.817911197747
663,Saharanpur,Uttar Pradesh,falls,3243755.584998494,5.3629619754109354,0.4702594939387917,17.747242974631483,0.0906744837979691,0.03710898757052203,0.17436485325320883,0.1355,False,17.276983480692692,173.96137859873778
664,Ganganagar,Rajasthan,falls,1965468.2191915275,31.507401913710286,3.9103233129525274,103.05192612313952,0.09826157037728023,0.04939548127939874,0.1677173610780638,0.801,False,99.141602810187,619.2679713069188
665,Mansa,Punjab,falls,709551.6364932833,13.76525516060733,2.1632020980547164,38.53204119760645,0.08536606914929701,0.057038682443874916,0.12146330086718964,0.517,False,36.368839099551735,97.67159325956546
666,Kurukshetra,Haryana,falls,928468.5092518992,22.495719524732372,4.888507216385229,57.974987568221685,0.0975180640307048,0.06103069333028958,0.14638540632592933,0.883,False,53.08648035183646,208.8656717167711
667,Bageshwar,Uttarakhand,falls,259898.0,26.97975005019173,1.1770071101034492,97.38685957418343,0.054970649388692595,0.04007943685626955,0.07363311395185801,0.68,False,96.20985246407999,70.1198307854473
668,Haridwar,Uttarakhand,falls,1890422.0,19.923057864181143,3.155310982466425,47.938534446389845,0.10195297641691872,0.05452813012034348,0.1694463381204346,0.7295,False,44.78322346392342,376.6298689372104
669,Pauri Garhwal,Uttarakhand,falls,687271.0,22.26667293549869,2.194857959512576,65.89432491010452,0.06399490125118612,0.04155593401680955,0.09385364096324932,0.731,False,63.69946695059194,153.0323857505312
670,Kaithal,Haryana,falls,1034004.3159091616,23.970204679831838,3.640498100434592,67.66109647357693,0.08809980783243268,0.05227222371793288,0.13551247327370475,0.8485,False,64.02059837314233,247.85295092172103
671,Sirsa,Haryana,falls,1246603.397099956,23.395904524274435,4.114106681828081,64.64871634785122,0.09534060655520207,0.054366461632019546,0.15479621131889013,0.858,False,60.53460966602314,291.65414058186735
672,Hanumangarh,Rajasthan,falls,1771357.611363505,26.821310200287872,5.495036323019651,68.10310555196088,0.08440728588458367,0.04281190763106463,0.14613448474390817,0.891,False,62.60806922894123,475.1013197002154
673,Karnal,Haryana,falls,1448855.7362177211,22.250580850149344,4.989438476655038,51.497123700592724,0.10569395654871104,0.06005390912887146,0.16972915141315129,0.882,False,46.507685223937685,322.37881698915055
674,Almora,Uttarakhand,falls,622506.0,22.197215333315746,1.7531380111659465,62.41044012080708,0.059284242665366124,0.03859212881234947,0.0861372482256378,0.739,False,60.65730210964114,138.1789972828105
675,Jind,Haryana,falls,1284104.802810787,22.717526205243878,4.4974575215869885,53.01160141208602,0.08953865914459118,0.051225100275532814,0.14362347088570948,0.8915,False,48.514143890499035,291.71684508133575
676,Fatehabad,Haryana,falls,906673.9392517436,23.863104322094195,3.8690395015050645,61.24259582029895,0.08116460489975154,0.05077653608546544,0.12226047352335614,0.8525,False,57.37355631879389,216.3605479848845
677,Bijnor,Uttar Pradesh,falls,3446192.849402218,5.011666170782407,0.7351949346463416,14.336097121640751,0.07816519832273505,0.033430552537804754,0.15433163077038564,0.0775,False,13.60090218699441,172.71168121341324
678,Muzaffarnagar,Uttar Pradesh,falls,3877397.2953668353,5.343009315043713,0.5574257862777794,17.22297951860052,0.08520288449574857,0.03538391300224763,0.16804853000166722,0.123,False,16.665553732322742,207.16969867270302
679,Hisar,Haryana,falls,1678512.0232706757,22.701263799292477,4.709246390087179,57.612564670114345,0.11428604018170728,0.060830443558758066,0.19012375960694983,0.8745,False,52.903318280027165,381.0434423055176
680,Nainital,Uttarakhand,falls,954605.0,18.68346187532515,3.954995842138847,43.858288541585566,0.10207775998726687,0.06563042078767548,0.15173042210630341,0.771,False,39.903292699446716,178.35326123494764
681,Panipat,Haryana,falls,1160218.206910327,22.76604201438121,4.740510159368208,55.90078162005851,0.13854152006009535,0.08060149536199374,0.21227001544233218,0.822,False,51.1602714606903,264.1357644437054
682,Champawat,Uttarakhand,falls,259648.0,21.16341760576232,2.551033705268787,62.225724044780755,0.065929066222824,0.04958345622250315,0.08597444490625732,0.78,False,59.67469033951197,54.950390545009746
683,Udham Singh Nagar,Uttarakhand,falls,1648902.0,19.249558079454655,3.8122708359232593,46.87439793575616,0.09942571967356258,0.0554023201068789,0.16374569329968774,0.764,False,43.0621270998329,317.40634816328935
684,Sonipat,Haryana,falls,1395608.0328031918,21.703640851858808,4.9434147975822125,49.64428387582366,0.10618308922787745,0.06143961722049072,0.1707572569219387,0.9005,False,44.700869078241446,302.89775513929663
685,Baghpat,Uttar Pradesh,falls,1219360.482347623,4.913874458146867,0.6870998928511969,14.308802563803546,0.08031578470843712,0.047289631726768956,0.12519155041940017,0.077,False,13.621702670952349,59.91784329481628
686,Meerut,Uttar Pradesh,falls,3222520.030033585,7.3122324979563835,0.24085329706169872,32.07492022624718,0.12813706702982303,0.055064926826653794,0.2381202944772276,0.235,False,31.834066929185482,235.6381568892696
687,Moradabad,Uttar Pradesh,falls,4465526.625209318,5.436400688556132,0.5068802246805868,17.946962430694835,0.08637121424169954,0.03261294919514363,0.18802429128644263,0.1345,False,17.44008220601425,242.76392020053675
688,Bikaner,Rajasthan,falls,2359495.505549025,27.679690704635576,4.935720745793679,74.25010443882147,0.12002680843400876,0.05736981091410026,0.2183323299260966,0.849,False,69.31438369302779,653.1010581257476
689,Rampur,Uttar Pradesh,falls,2185802.3514995165,5.15901628976792,0.686381554075221,16.890505792972185,0.08580197209390485,0.04113548711286961,0.1567565828830336,0.0845,False,16.204124238896963,112.76589937599032
690,Bhiwani,Haryana,falls,1573133.1020978696,24.441904108109885,3.5479538290823673,68.63403639516768,0.08711748273282434,0.04849698260465142,0.14250991438485308,0.8475,False,65.08608256608531,384.5036843076957
691,Rohtak,Haryana,falls,1021395.7278945865,21.816588986070464,6.154858368075707,48.28174966464295,0.1265128755065108,0.0778453112344975,0.18595270927198124,0.8725,False,42.126891296567244,222.8337078760446
692,Shamli,Uttar Pradesh,falls,2664164.546666667,5.4955460050203415,0.5722042931225005,18.401602166139135,0.07649300260787043,0.03258533681278488,0.14882246684286762,0.116,False,17.829397873016635,146.4103883115083
693,Ferozepur,Punjab,falls,1870387.6672663917,12.907310410520454,3.187380618878409,29.606840060169745,0.09168562487507251,0.04759923497478964,0.15382464725689915,0.5425,False,26.419459441291337,241.41674209416567
694,Pathankot,Punjab,falls,1261060.8181818181,13.341582812316934,2.4557772559604385,32.62855734095048,0.09977662658863576,0.059465296743186305,0.15196349074410626,0.536,False,30.17278008499004,168.24547337140874
695,Udhampur,Jammu & Kashmir and Ladakh,falls,515813.09161629423,5.365323079773867,0.2398153243424998,18.359809520628772,0.07338721435007511,0.051470397140568815,0.10136805109170048,0.102,False,18.11999419628627,27.67503885298415
696,Samba,Jammu & Kashmir and Ladakh,falls,296389.56600674434,5.441743948476412,0.21511535075830168,19.297877754294475,0.07172847667697385,0.05350047182512723,0.09306261571176863,0.109,False,19.082762403536172,16.12876127208751
697,Kapurthala,Punjab,falls,751416.7417995647,12.504004133032891,3.594160468218863,26.733186642669118,0.10450089013836365,0.06867780632884325,0.150345015761622,0.5375,False,23.139026174450255,93.95718045091867
698,Panchkula,Haryana,falls,540237.5719438827,26.02187387023718,2.8701355164141216,80.9330482837124,0.15775238026592994,0.11195622028154059,0.2086002222446501,0.73,False,78.06291276729827,140.579939570869
699,Ambala,Haryana,falls,1086022.9226141786,22.597310430451298,4.383083908436814,57.52989517816706,0.13142970002018386,0.08195849059166678,0.1968764297614245,0.821,False,53.14681126973024,245.41197116898581
700,Aurangabad,Bihar,falls,2567965.2705937233,5.748164274869274,0.7299407189182279,18.855257577517506,0.05652009269438341,0.025552728370044853,0.10397585432322083,0.1275,False,18.125316858599277,147.61086227531848
701,Balrampur,Chhattisgarh,falls,946118.4444444445,41.55577860778493,0.7248071668711684,205.49563424028617,0.07964503601585744,0.050103386552569705,0.12018115729432376,0.6755,False,204.770827073415,393.166886140752
702,Balrampur,Uttar Pradesh,falls,2010668.210843695,7.293340577368284,0.3289930919237981,30.767496306848276,0.0604146242951943,0.029357221123303898,0.11167897323461608,0.1795,False,30.438503214924477,146.64488049770807
703,Hamirpur,Uttar Pradesh,falls,1033362.9231227436,5.7495428463390335,0.4819898326878565,19.913432896937035,0.07283790034381658,0.04369509422023058,0.11623538998477569,0.1225,False,19.43144306424918,59.41364402312363
704,Hamirpur,Himachal Pradesh,falls,454768.0,214.72455056966,6.626178160185059,991.8521147502494,0.061751480194266704,0.04183877074133139,0.08712116702153196,0.9465,False,985.2259365900643,976.4985441346314
705,Pratapgarh,Rajasthan,falls,866217.4395932336,28.393314212703736,4.075245896710901,77.66136498218982,0.06400185087561334,0.0381282915838982,0.09828976665158118,0.896,False,73.58611908547893,245.947839388944
706,Pratapgarh,Uttar Pradesh,falls,3003035.7421073765,5.508006736084071,0.6122313953012873,19.01170002205671,0.05698767201817459,0.02344714332128453,0.11197609855312667,0.0935,False,18.399468626755425,165.40741096228658
707,Bilaspur,Himachal Pradesh,falls,381956.0,111.24113484275385,29.037941860587647,269.80064177280707,0.06041069610335323,0.043001835799513353,0.08220332900705526,0.999,False,240.76269991221943,424.8921889999889
708,Niwari,Madhya Pradesh,falls,1396669.403846154,22.495666087268226,2.920913963444189,64.14620869434962,0.0864559651173793,0.04900840132545448,0.13911470598970394,0.8245,False,61.22529473090543,314.19008543227056
709,Muzaffarabad,Jammu & Kashmir and Ladakh,falls,570059.1818181818,4.372809696515738,0.36614016515315084,11.858257204905783,0.07433330799944034,0.0515852980971571,0.10382176322950308,0.0345,False,11.492117039752632,24.927603178423734
710,Mirpur,Jammu & Kashmir and Ladakh,falls,570059.1818181818,6.814884559866345,0.18017677445958216,33.95776753254088,0.0740848394680449,0.049763219800677556,0.10355872029377733,0.172,False,33.777590758081296,38.848875163827685
0,Aizawl,Mizoram,drowning,320247.2,2.8353188847183937,0.19079804858885063,7.762442126069621,0.877485805280052,0.7349271707875346,0.9723119359606228,0.0,False,7.57164407748077,9.080029339381884
1,Champhai,Mizoram,drowning,100596.0,2.456067709521936,0.3819924123962493,6.262378748868454,0.7241407810899376,0.6375426399033342,0.8180495214904947,0.0,False,5.880386336472205,2.4707058730706866
2,Kolasib,Mizoram,drowning,67164.0,2.5134807357088627,0.45702095403339554,7.253934045788006,0.800131366773954,0.6843632860749633,0.9097774201012053,0.0,False,6.796913091754611,1.6881542013315005
3,Lawngtlai,Mizoram,drowning,94315.20000000001,3.3581595872047885,0.12796362569527076,12.6647115280209,0.5861444512936382,0.5143511544064442,0.6627199330529324,0.004,False,12.53674790232563,3.1672549309913713
4,Lunglei,Mizoram,drowning,129142.40000000001,2.2930276056497636,0.47230668205188076,5.061361110169205,0.7446593718208533,0.649409180298912,0.8457372551748786,0.0,False,4.589054428117325,2.9612708825986407
5,Mamit,Mizoram,drowning,69091.2,3.3015696921018054,0.14525074118487144,11.80844197885609,0.5888702535415713,0.5201898123757045,0.6635283798862658,0.0015,False,11.663191237671219,2.2810941191094427
6,Saiha,Mizoram,drowning,45259.200000000004,2.456763523148022,0.41458351496023693,6.460980604745158,0.7471052483240176,0.6560795233408189,0.8451179063745462,0.0,False,6.0463970897849215,1.1119115164686095
7,Serchhip,Mizoram,drowning,51949.600000000006,2.2813541454504955,0.573078619114881,5.015355528135278,0.7798202636791187,0.6716563329927289,0.8859223954720391,0.0,False,4.442276909020397,1.1851543531449507
8,Khawzawl,Mizoram,drowning,109720.6,2.366694933140018,0.41961786788133576,6.107296000349465,0.7450152959321026,0.6484387020548663,0.8444116518866721,0.0,False,5.68767813246813,2.5967518808108268
9,Hnahthial,Mizoram,drowning,109720.6,2.3839783909919596,0.4695414247778798,6.043958278339723,0.744758281369888,0.6481420936073892,0.8462900480491969,0.0,False,5.574416853561843,2.615715394466724
10,Thiruvallur,Tamil Nadu,drowning,3508803.7647058824,3.505454057953205,0.34825806278117244,10.822958681466378,0.8258559053812872,0.597039392516925,0.9595980805264134,0.002,False,10.474700618685207,122.99950395549719
11,Chennai,Tamil Nadu,drowning,4373394.823529412,7.456147625777818,0.04098526209083076,37.431987049090615,0.9121188356627037,0.7215887766192345,0.9927651272675151,0.0,False,37.39100178699979,326.0867743004782
12,Krishnagiri,Tamil Nadu,drowning,1769232.0,3.8959021244060987,0.22621894706846493,12.72336713897195,0.6204872136202916,0.447528476967313,0.7702827481382578,0.0335,False,12.497148191903484,68.9275470736725
13,Tiruvannamalai,Tamil Nadu,drowning,2319882.3529411764,4.057363358695838,0.2144702705496988,14.089667574691154,0.5937584187724604,0.40382230288473214,0.7598732108799312,0.077,False,13.875197304141455,94.12605655308614
14,Dharmapuri,Tamil Nadu,drowning,1418205.1764705882,4.259845038745829,0.18637107244263243,14.412828179809587,0.5794984630391298,0.42382108214098846,0.72712399258901,0.079,False,14.226457107366954,60.413342849118884
15,Salem,Tamil Nadu,drowning,3277229.176470588,3.242023461330813,0.5912694351551727,8.880252592778167,0.7691923346302109,0.5531728201830386,0.9175677464464002,0.005,False,8.288983157622994,106.24853878275505
16,Erode,Tamil Nadu,drowning,2119288.470588235,3.306894756573307,0.5615048311668057,9.056733920708963,0.7725529836379413,0.5903590678767932,0.9039459322588217,0.0015,False,8.495229089542157,70.08263931054498
17,Nilgiris,Tamil Nadu,drowning,692135.5294117647,3.1066175789611643,0.676495811343139,7.475599259869556,0.8035935045323883,0.6635258040191668,0.9168730967998463,0.0,False,6.799103448526417,21.5020040269418
18,Namakkal,Tamil Nadu,drowning,1625036.2352941176,3.336956913841446,0.40575602927858256,8.688161397697543,0.7212006510594897,0.5556478773424274,0.8569989908532439,0.003,False,8.28240536841896,54.22675900607581
19,Perambalur,Tamil Nadu,drowning,531974.5882352941,4.167486972933632,0.16161286166024047,13.736934141120132,0.5730164938715966,0.46597887606681204,0.6805169406766548,0.0455,False,13.575321279459892,22.16997166402321
20,Coimbatore,Tamil Nadu,drowning,3254630.588235294,3.8992528037641314,0.2611737123427391,13.37845815519336,0.8597351675669781,0.6487465032790019,0.9710515467710182,0.0005,False,13.117284442850622,126.90627446392975
21,Tiruchirappalli,Tamil Nadu,drowning,2562155.294117647,3.155110359873371,0.5967852988178268,7.98500383282093,0.7579228445035986,0.5697305042813081,0.8986282270516965,0.004,False,7.388218534003103,80.83882712074994
22,Ariyalur,Tamil Nadu,drowning,710488.4705882353,4.84509983810246,0.10254640330836881,18.8205198917577,0.5340553679617148,0.39411001477960106,0.6696815049436465,0.1645,False,18.71797348844933,34.42387573820723
23,Tiruppur,Tamil Nadu,drowning,2333225.411764706,3.224865665383288,0.467443421481011,8.66993347296436,0.8090109721900759,0.6257324705827876,0.9419337162716818,0.0005,False,8.202490051483348,75.24338519999785
24,Thanjavur,Tamil Nadu,drowning,2264367.058823529,3.4726306163144316,0.39150402709187276,9.637169127336332,0.6924815491155097,0.5029543951331019,0.8433081010316293,0.012,False,9.245665100244459,78.63310375044449
25,Karur,Tamil Nadu,drowning,1001875.7647058823,3.151702359254937,0.4793805877059528,7.818613746438186,0.7262094247759574,0.5955049923265521,0.8449618866942186,0.0,False,7.339233158732233,31.576142113038735
26,Thiruvarur,Tamil Nadu,drowning,1189907.7647058824,4.63152175200048,0.16212748743127023,16.589150956750025,0.5960306294101118,0.45622216641506363,0.7268212485403276,0.0465,False,16.427023469318755,55.110836951095635
27,Dindigul,Tamil Nadu,drowning,2032729.4117647058,3.4094006435651236,0.38049479364882294,9.19438657534614,0.7018637758997132,0.5357418989862333,0.8409447560071873,0.0035,False,8.813891781697317,69.30388964664343
28,Madurai,Tamil Nadu,drowning,2859531.294117647,3.3336742769203194,0.46497521826410143,9.203876366861085,0.8032884462823219,0.6088126568653514,0.9344893130593688,0.0005,False,8.738901148596984,95.32745919248673
29,Theni,Tamil Nadu,drowning,1172610.8235294118,3.2546590525530927,0.5614588451719082,8.133544841558631,0.787081436905077,0.6445398627944485,0.9059819193834903,0.0,False,7.572085996386723,38.16448431921737
30,Virudhunagar,Tamil Nadu,drowning,1828035.7647058824,3.245693395756587,0.5404383888602416,8.243745782373292,0.7700773706440696,0.6100990023487086,0.9060014005045973,0.0,False,7.70330739351305,59.33243608712725
31,Thoothukkudi,Tamil Nadu,drowning,1647224.4705882352,3.32721666890285,0.4218907755661906,9.14098653565837,0.753745170916166,0.5981414655891554,0.8817121039030705,0.0015,False,8.71909576009218,54.806727159658486
32,Kanyakumari,Tamil Nadu,drowning,1760352.0,5.055711541954439,0.10841215206857484,20.643165706929466,0.8817993156113755,0.691040747796604,0.9772458110500225,0.0,False,20.53475355486089,88.9983192430258
33,Viluppuram,Tamil Nadu,drowning,3255409.882352941,5.16582796040303,0.09546048155669436,22.999837866975078,0.5611549578580914,0.3488729856794401,0.7573393831882022,0.138,False,22.904377385418382,168.16887392831163
34,Cuddalore,Tamil Nadu,drowning,2452624.9411764704,3.5475709942179336,0.29819894982354733,10.620591511286928,0.679736013507236,0.4957730019705724,0.8406313070950957,0.0145,False,10.322392561463381,87.00861101013113
35,Pudukkottai,Tamil Nadu,drowning,1523148.2352941176,4.334794727063008,0.17875404858285482,14.618864311319312,0.593775518074598,0.43371130048152323,0.7302829487785554,0.058,False,14.440110262736457,66.02534938888266
36,Sivaganga,Tamil Nadu,drowning,1260330.3529411764,3.501775332860119,0.3220072617144925,10.250821662133134,0.6682773082205371,0.5355719142776266,0.79268278950411,0.004,False,9.928814400418641,44.133937411842986
37,Ramanathapuram,Tamil Nadu,drowning,1273830.5882352942,3.677968506611284,0.2560751769990412,11.161341227322431,0.6577027984459146,0.512915360333302,0.78494133720017,0.0055,False,10.905266050323391,46.85108786287539
38,Nagapattinam,Tamil Nadu,drowning,1521364.705882353,4.344825640255196,0.19279234833797346,15.35233941153379,0.6095184901777237,0.46308433037167773,0.7454812885924764,0.0305,False,15.159547063195816,66.10064382296952
39,Kallakurichi,Tamil Nadu,drowning,2121971.470588235,3.1856524028190405,0.5760496679564705,8.190388018635522,0.7340916770265691,0.5538145883398901,0.8776036770341986,0.0015,False,7.614338350679051,67.59863513992865
40,Tenkasi,Tamil Nadu,drowning,2121971.470588235,3.2383487065896053,0.49252936720962365,8.509935701671855,0.7324294437168483,0.5494034499825741,0.876475802228292,0.003,False,8.017406334462231,68.71683567199453
41,Tirunelveli,Tamil Nadu,drowning,2896219.294117647,3.6942079292810424,0.45197106003014065,11.387496922302658,0.7590386232429583,0.564548739609248,0.9019896779467024,0.002,False,10.935525862272517,106.99236281266155
42,Vellore,Tamil Nadu,drowning,3704782.117647059,3.79821469112878,0.3517386052673279,12.84480753438999,0.7247743234418226,0.4874158453592995,0.8924031989675911,0.0145,False,12.49306892912266,140.7155786667825
43,Kancheepuram,Tamil Nadu,drowning,3763060.705882353,3.7743469509489067,0.30979142346927313,12.870321008649537,0.8203000830055454,0.5911930367822311,0.9555132706837218,0.002,False,12.560529585180264,142.03096701482698
44,Burhanpur,Madhya Pradesh,drowning,719703.4256611126,9.965725548383347,1.4357836318583486,28.75260254854052,0.6897026765543599,0.5720701505410233,0.8009333503982944,0.0015,False,27.31681891668217,71.72366816369966
45,Gondia,Maharashtra,drowning,1389365.547007887,7.120270722944748,0.1865225426535443,29.380841886132714,0.5721178942590702,0.41807952363621687,0.7195770645905939,0.106,False,29.19431934347917,98.92658827828372
46,Bhandara,Maharashtra,drowning,1261016.1643773264,7.767413797624349,0.14850754456102888,39.52636851379151,0.5941494480585024,0.4481026825072496,0.7316839313169138,0.057,False,39.37786096923048,97.9483435421178
47,Jalgaon,Maharashtra,drowning,4443757.913192867,4.939633803038687,0.4761804987737935,14.974529624182368,0.673380449198652,0.4376754510186181,0.8556334109172306,0.045,False,14.498349125408575,219.50536800528144
48,Mahasamund,Chhattisgarh,drowning,688502.6666666666,10.462598647957027,0.8832548137956893,32.25328278389101,0.5311590763290276,0.3991880982662219,0.6542434305863536,0.2885,False,31.37002797009532,72.03527069381474
49,Wardha,Maharashtra,drowning,1366533.8482470317,5.707488327901962,0.31459231327235376,21.340398896050665,0.6643286139571578,0.5223886548840081,0.7924969003009326,0.008,False,21.025806582778312,77.99475988552885
50,Buldhana,Maharashtra,drowning,2717004.7197281555,5.0943129817889625,0.3319312152827257,15.674946108537734,0.59790835563882,0.3922306472553384,0.7819683409194446,0.108,False,15.343014893255008,138.41272415293022
51,Valsad,Gujarat,drowning,1375269.7712555276,4.289381161575191,0.4387841349810177,15.040397264860147,0.7539295782969876,0.6129535141520082,0.882366053368328,0.0,False,14.601613129879128,58.99056248907282
52,Akola,Maharashtra,drowning,1905606.9282891417,4.905961815985847,0.5712876798414718,15.394111814437448,0.7110505854168184,0.5434098284550918,0.8494489153705486,0.004,False,14.822824134595976,93.48834826464609
53,Bhadrak,Odisha,drowning,1541338.0673229115,8.830997085460433,0.6558649423497842,31.819777120031578,0.5432239038605811,0.3827396535393727,0.6984561956549968,0.2355,False,31.163912177681794,136.1155198023785
54,Dhenkanal,Odisha,drowning,1220527.0144871362,7.208489475872147,1.2499885204438348,18.99687019078333,0.5260614924563342,0.3656075434433977,0.6878880925451517,0.3345,False,17.746881670339494,87.98156138948173
55,Jajpur,Odisha,drowning,1869648.4159307547,8.103329405074332,0.9163158206409687,27.654112122927707,0.516745009171384,0.33328702950128186,0.6907495288742115,0.344,False,26.73779630228674,151.5037698596233
56,Subarnapur,Odisha,drowning,624361.1395944573,8.677717356205248,0.6232056931475944,28.702313828426917,0.5108969813316036,0.37002702640200225,0.6481014180964488,0.3475,False,28.079108135279323,54.1802949759891
57,Nuapada,Odisha,drowning,624564.7635347823,7.566109511143673,0.9572795872072472,22.789762648630226,0.48975677443991733,0.34437389838451304,0.6353988070957582,0.468,False,21.83248306142298,47.25525397705716
58,Balangir,Odisha,drowning,1687312.8981106346,7.246999143237122,1.085984746340087,19.70972282176647,0.5393836506788022,0.35919028847606743,0.7025352399075165,0.27,False,18.62373807542638,122.27955126980714
59,Nashik,Maharashtra,drowning,6415932.170441787,4.863932062093597,0.673968545997859,15.068003461924805,0.7480240086820182,0.4834536796987873,0.922149684010826,0.02,False,14.394034915926946,312.0665819202957
60,Boudh,Odisha,drowning,451412.7877469054,7.079270872512399,1.1700441517535232,19.02111377650502,0.48096788837087545,0.34399389545119097,0.6229736428919244,0.5445,False,17.8510696247515,31.956733997762896
61,Gadchiroli,Maharashtra,drowning,1127183.9383366108,11.30336809272943,0.0788131339991374,66.17860971793765,0.528969851676016,0.35445547986422177,0.6870584193637636,0.2085,False,66.09979658393851,127.40974963231143
62,Washim,Maharashtra,drowning,1257681.7047138214,5.348888696417958,0.30946189151153214,16.025362451766494,0.5675010236556941,0.4164462052520089,0.7130141204402591,0.1075,False,15.715900560254962,67.27199454035427
63,Cuttack,Odisha,drowning,2685451.872686498,7.537130967569494,0.8687857067739247,22.009695816618525,0.6508881792628558,0.468917934456946,0.8110029918942888,0.0415,False,21.1409101098446,202.40602471542894
64,Chandrapur,Maharashtra,drowning,2315744.41634586,5.014785408115816,0.49398527159753425,16.18501261650976,0.6808611864772898,0.4952947878990788,0.8294353411988835,0.015,False,15.691027344912225,116.12961308016895
65,Yavatmal,Maharashtra,drowning,2912502.3879013276,5.456389091487759,0.2748443209067055,17.647503387307953,0.6001987539289344,0.39605546143143855,0.788475276864145,0.104,False,17.372659066401248,158.91746258276854
66,Kandhamal,Odisha,drowning,750144.4567418178,6.800992463869606,1.25985437374321,16.293575788339353,0.521413811240462,0.38667127882396035,0.6645696967600968,0.3445,False,15.033721414596144,51.01726797114662
67,Jalna,Maharashtra,drowning,2058084.393809343,5.627156255823978,0.32930659148497055,19.59901958844968,0.5855438572141256,0.4159070960457903,0.7502140639904963,0.105,False,19.269712996964707,115.81162471637944
68,Nayagarh,Odisha,drowning,985160.2506608804,7.867306797556174,0.7232448162799289,24.47123105698226,0.5163728434188225,0.36566919792101615,0.6732115658540422,0.3345,False,23.74798624070233,77.50557936706488
69,Uttar Bastar Kanker,Chhattisgarh,drowning,499294.0,10.25040490602676,0.7413697048147124,28.282303728874982,0.539526566457109,0.42408603742181844,0.6558009196912569,0.243,False,27.54093402406027,51.179656671497256
70,Khordha,Odisha,drowning,2303992.6059462004,11.445640266626869,0.3509343627178098,55.636002687958594,0.7807757715381469,0.5907540088392162,0.9161289147825619,0.003,False,55.285068325240786,263.70670544628405
71,Kalahandi,Odisha,drowning,1613508.9404837112,7.446439901760295,1.0113778736898351,22.571977233846674,0.5111514080932751,0.3338529248962799,0.6868249857803262,0.3865,False,21.56059936015684,120.14897356264883
72,Jagatsinghpur,Odisha,drowning,1163389.5228904276,7.980535533634133,0.726533310812108,25.046550580506953,0.5400754922026658,0.3868327922216315,0.6905399232943195,0.258,False,24.320017269694844,92.84471426884718
73,Puri,Odisha,drowning,1738201.4881818937,7.817306179840655,0.7953471190080249,22.947502938031008,0.5628530812529428,0.3776911193123805,0.7275097718430553,0.191,False,22.152155819022983,135.8805323537254
74,Ahmednagar,Maharashtra,drowning,4772835.674350914,5.405969275790111,0.3456708568694928,17.627902296433533,0.6064700401822705,0.3586698549855938,0.8280319971798461,0.1335,False,17.28223143956404,258.0180301393602
75,Nabarangapur,Odisha,drowning,1249315.755999912,7.807891881787658,0.887415100443067,24.150103310274424,0.507149304965134,0.34065828716003077,0.6752461283158006,0.3915,False,23.262688209831357,97.54522349061124
76,Hingoli,Maharashtra,drowning,1236864.9692909003,5.6060549446729,0.26303575201743873,19.273662209510505,0.5518617594004899,0.39315168766142655,0.7012207980314371,0.1465,False,19.010626457493068,69.33932976985946
77,Rayagada,Odisha,drowning,990401.2648435155,6.899169046080948,1.3559450270750453,19.026632670480744,0.5734230985638271,0.4352426725881777,0.699718948055126,0.124,False,17.6706876434057,68.329457496078
78,Nanded,Maharashtra,drowning,3531220.0980661986,4.9819592728164395,0.42472275652994346,15.462180442181742,0.6462073981296869,0.43128350752957767,0.8214902802006072,0.0595,False,15.037457685651798,175.92394711916674
79,Narayanpur,Chhattisgarh,drowning,93213.33333333333,21.259879595384017,0.1216119852059478,87.46343955115896,0.581428879320167,0.5075277757617164,0.6597135427716707,0.0105,False,87.34182756595301,19.817042433510622
80,Parbhani,Maharashtra,drowning,1928908.224866502,4.782254931299227,0.5310505125189218,14.423579837235946,0.6647099960769094,0.49774121882816297,0.8070900456855544,0.016,False,13.892529324717025,92.24530870391467
81,Pune,Maharashtra,drowning,9906106.057571374,5.453778297745368,0.40545116226558614,18.79066122499724,0.8295362602196533,0.6029392836815535,0.9613543767198469,0.0015,False,18.385210062731655,540.2570623194669
82,Beed,Maharashtra,drowning,3210695.2285714285,4.608582628710851,0.5112066829450491,13.229419675383323,0.6683816344916329,0.4389574438068961,0.8422798154535406,0.0305,False,12.718212992438273,147.967542564791
83,Mumbai,Maharashtra,drowning,3241392.099821892,12.678923741312952,0.04910339456336014,76.43253104887694,0.9137083607572432,0.7324994837065087,0.9909323530189512,0.0,False,76.38342765431358,410.9736324933603
84,Koraput,Odisha,drowning,1411704.3135552355,7.930158444514392,0.7878613175042662,23.74947255958854,0.5743627200360845,0.41021932195932337,0.7210298309192461,0.1355,False,22.961611242084274,111.95038883297444
85,Srikakulam,Andhra Pradesh,drowning,4629404.761373135,2.8350993501013755,0.3752589431864627,9.438299337950513,0.5628164463683332,0.30881774549468555,0.8038812594525596,0.1145,False,9.06304039476405,131.2482243032519
86,Vizianagaram,Andhra Pradesh,drowning,4015191.0346790846,2.8938208555038667,0.3441861610279437,10.427801191340794,0.5943032292062486,0.3611423547923557,0.8025293035378824,0.0785,False,10.083615030312851,116.19243554986484
87,Latur,Maharashtra,drowning,2578266.404642522,5.231208244926403,0.3834711368419285,17.659548200665466,0.636374261969235,0.4509830650184936,0.7949483939154129,0.046,False,17.276077063823536,134.87448473582714
88,Osmanabad,Maharashtra,drowning,1741373.7590403266,5.621911469758456,0.2731210156886885,19.84562878276045,0.5727000890143129,0.4073446057472186,0.7350452493993088,0.125,False,19.572507767071762,97.89849109085209
89,Malkangiri,Odisha,drowning,627440.0563604763,12.605913386831558,0.28077362480940027,59.40068279633252,0.5113248475474786,0.3742633668012683,0.6491266131857006,0.314,False,59.11990917152312,79.09455005908876
90,Solapur,Maharashtra,drowning,4536037.56107649,4.682669332743059,0.49588304293691815,13.565185264458803,0.6762220305150027,0.4413755482386302,0.857320617125384,0.036,False,13.069302221521884,212.407639794235
91,Visakhapatnam,Andhra Pradesh,drowning,7348144.823228025,3.031387826554406,0.2557820874805556,10.920531038157868,0.7486465528176038,0.4711194397339436,0.9261379306399807,0.0155,False,10.664748950677312,222.7507676489221
92,Bidar,Karnataka,drowning,2281052.309325669,6.274184589611019,1.4072631771209347,16.283769366542504,0.6337015777170443,0.4537871164489355,0.7907469126126268,0.059,False,14.876506189421569,143.1174324726774
93,Satara,Maharashtra,drowning,3155593.3220277983,6.679763629901107,0.2287261574534558,27.808391965834783,0.5969580200539552,0.3858599749163363,0.7774746555197182,0.1045,False,27.57966580838133,210.786175032401
94,Ratnagiri,Maharashtra,drowning,1696717.843187583,5.5200058290852105,0.2853704305915807,17.8711546942497,0.5605926554531145,0.3829128459400721,0.7281441281220246,0.1465,False,17.58578426365812,93.65892384708344
95,Kalaburagi,Karnataka,drowning,2036509.9,5.952244067449066,1.5390356436628332,13.081824416796618,0.6439149552985772,0.46468127291547695,0.7929921848204912,0.04,False,11.542788773133784,121.2180397057629
96,Sangli,Maharashtra,drowning,2964814.7442164607,4.9651521647584,0.4132415093535333,15.944578484900934,0.636369230259096,0.43408356711509694,0.8032398082955263,0.0515,False,15.5313369755474,147.20756345353982
97,Kolhapur,Maharashtra,drowning,4071949.902396068,5.313205459283311,0.4645023146631666,19.369063244160213,0.6748588464564762,0.4385591258312668,0.8554242775520637,0.0425,False,18.904560929497045,216.35106451338933
98,Krishna,Andhra Pradesh,drowning,7736582.256692643,2.636229986494647,0.3569519312606647,8.014962687840146,0.7000454211025525,0.424594892023717,0.8989411700193304,0.025,False,7.658010756579482,203.95410138075573
99,Belagavi,Karnataka,drowning,2036509.9,5.884178302881039,1.6477620493551295,13.034810604093574,0.6438683172005825,0.4632857408764088,0.7981894435915612,0.054,False,11.387048554738444,119.83187367182433
100,Yadgir,Karnataka,drowning,1572578.8623989683,6.548605004148522,1.2123087097034329,17.580004483227004,0.5975090578164759,0.44381703769466185,0.7427549167702209,0.102,False,16.36769577352357,102.98197807724073
101,Bagalkote,Karnataka,drowning,2530748.0559225045,6.338476755922152,1.1763608445705667,16.780493597076042,0.6779837019931919,0.48366788081084305,0.8355151437409711,0.027,False,15.604132752505475,160.4108772755997
102,Sindhudurg,Maharashtra,drowning,892604.5959535928,6.077327091323366,0.2565281766079881,24.32162037876415,0.5427118480661013,0.40384448633846515,0.6779490508560521,0.165,False,24.06509220215616,54.246500928285165
103,Guntur,Andhra Pradesh,drowning,8370962.0737051815,2.6194504511988415,0.4222025347633877,7.6724083784028085,0.6679232017784462,0.39565866983498005,0.8729027695628382,0.031,False,7.250205843639421,219.27320380935427
104,East Godavari,Andhra Pradesh,drowning,8827345.958744805,2.6641920111552047,0.3985416659110125,7.897198496647203,0.6259503625548224,0.33740169038114237,0.8600352656722525,0.061,False,7.4986568307361905,235.1774458299109
105,Raichur,Karnataka,drowning,2583057.0462367535,6.045785490024063,1.384982327324217,14.937224985436309,0.6399594207744477,0.4409636517825974,0.8020372962791783,0.0745,False,13.552242658112092,156.16608810042578
106,Prakasam,Andhra Pradesh,drowning,5818534.456081999,2.719875279334816,0.3388910549815141,8.576562446025886,0.5875315428664435,0.3008471936231586,0.8244235987635642,0.083,False,8.23767139104437,158.25688029055277
107,Kurnool,Andhra Pradesh,drowning,6942038.298144226,2.5825948174307896,0.4096510199410431,7.83131117951531,0.6419253768363308,0.3670670418822093,0.861002885622809,0.0465,False,7.421660159574267,179.28472131193337
108,Koppal,Karnataka,drowning,1861375.1105371537,7.265856822744142,0.8736326199024945,23.590491594237452,0.5848231899168578,0.41828203535244113,0.7424558637928628,0.134,False,22.716858974334958,135.24485046582507
109,Gadag,Karnataka,drowning,1425667.7372974975,6.32611485799646,1.151716282096968,16.40087694062115,0.7074817299800298,0.5653693682172174,0.8350032596425372,0.004,False,15.24916065852418,90.18937855483894
110,North Goa,Goa,drowning,818008.0,11.566034241269215,4.167687332986243,18.86936187942271,0.8361802047564527,0.702034026975675,0.9428385658534524,0.0,False,14.701674546436465,94.61108537632147
111,Ballari,Karnataka,drowning,2036509.9,5.827513400422873,1.5955474657489765,12.89074103681268,0.6439704222650073,0.47416476952645303,0.787671670535749,0.0385,False,11.295193571063702,118.67788732343845
112,Dharwad,Karnataka,drowning,2473525.5559957875,8.985334356749304,0.5227978188225936,39.46124242144019,0.8032544097713271,0.5986783339116944,0.935078988895217,0.006,False,38.938444602617594,222.25454160586375
113,Uttara Kannada,Karnataka,drowning,1924650.7757536913,6.29079877162418,1.4469993990212486,15.923497206511028,0.6536185446610762,0.4915744460817833,0.7943012640247566,0.0255,False,14.47649780748978,121.07590735916847
114,South Goa,Goa,drowning,640537.0,12.09149405665491,3.5761996813334305,22.167948260785366,0.8346217484408358,0.7013169307716679,0.9424186039296454,0.0,False,18.591748579451934,77.45049328567565
115,Haveri,Karnataka,drowning,2139590.3721808977,6.243065063618545,1.3578535963231646,16.185404243132986,0.6169649505369555,0.44025312712355213,0.7744918546073855,0.075,False,14.827550646809822,133.5760190301716
116,Anantapur,Andhra Pradesh,drowning,6989452.158905784,2.6699806002844606,0.41158933209677007,8.040560172248728,0.6396235857596206,0.35275498063761823,0.861380096556526,0.0575,False,7.6289708401519585,186.61701670894783
117,S.P.S. Nellore,Andhra Pradesh,drowning,5075444.426835378,2.6586534090534095,0.44207499430351105,8.159174695255384,0.6357234777826362,0.3720582199281823,0.8512994377530597,0.039,False,7.717099700951873,134.93847627867007
118,Chitradurga,Karnataka,drowning,2222336.606014406,6.6025523282255545,1.0411290687336747,19.560213932293486,0.6038856711470052,0.41851430366000847,0.7657054730504217,0.099,False,18.51908486355981,146.7309373214129
119,Davanagere,Karnataka,drowning,2605401.5291705285,6.195610258201731,1.2714296481870089,16.781925517391397,0.675747561047541,0.4892976183316178,0.8362344212352666,0.0265,False,15.510495869204387,161.42052440863404
120,Shivamogga,Karnataka,drowning,2347279.5622189245,6.325651888631608,1.3578853111740485,15.688927240217756,0.6960082306394878,0.5151237151722534,0.8512908088539233,0.0185,False,14.331041929043709,148.48073395896515
121,Udupi,Karnataka,drowning,1576716.97760816,6.857682608970746,1.0638946370502487,20.11405541624027,0.6563256552865417,0.5028313153400104,0.7906530574879582,0.0135,False,19.05016077919002,108.12624596612397
122,Chikkamagaluru,Karnataka,drowning,1523952.6607013138,6.457872279521426,1.1781914313088662,17.83053181345088,0.5943143278750095,0.4413329842546617,0.7337586976427477,0.095,False,16.65234038214201,98.41491642845935
123,Chikkaballapura,Karnataka,drowning,1680830.0813972198,6.925209245498482,1.0421922155083991,22.195541000315586,0.6098894253511977,0.44886671213272605,0.7577920870072817,0.071,False,21.153348784807186,116.40100019803994
124,Hassan,Karnataka,drowning,2378975.649847129,6.688849008295003,1.1548934445446923,19.88911494607545,0.5978872862049496,0.40145310358917863,0.7635426302511991,0.1215,False,18.734221501530754,159.1260891623793
125,Kolar,Karnataka,drowning,2057541.8593907517,6.6872083831418765,1.0985052356526799,19.619828020714117,0.6666658508204997,0.4898995487744369,0.8139654407424679,0.0235,False,18.521322785061436,137.5921117078316
126,Bengaluru Rural,Karnataka,drowning,1327039.9797533727,6.157550223632929,1.4944092474155295,14.36516199854511,0.6511570764902419,0.5197402304843712,0.770414030784673,0.0125,False,12.870752751129581,81.71315324100217
127,Dakshina Kannada,Karnataka,drowning,2798449.290864836,8.319914057563691,0.5861082364045044,31.823324328337073,0.7629236532176532,0.5553503939176737,0.9052570138474026,0.008,False,31.237216091932567,232.82857594445494
128,Bengaluru Urban,Karnataka,drowning,2036509.9,6.568991537188316,1.244239508729109,17.213020321773975,0.6436201087980773,0.47936527203661994,0.7951389680768041,0.0365,False,15.968780813044866,133.7781629850022
129,Kasaragod,Kerala,drowning,1307375.0,5.041979820615856,0.7362608534309746,14.542396076795706,0.7158585915381944,0.5659375090806584,0.8404473252724508,0.0,False,13.80613522336473,65.91758367977654
130,Kodagu,Karnataka,drowning,742609.5494128813,6.954448116871592,0.9786633701600448,21.319102757644085,0.5561256324373997,0.43126791612632237,0.6765543716637848,0.1535,False,20.34043938748404,51.64439582485273
131,Chamarajanagara,Karnataka,drowning,1367039.081717172,6.59773800425398,1.2168875769495688,19.080627042921066,0.5745536552396461,0.4176945925091073,0.7213995857543282,0.132,False,17.8637394659715,90.19365702745849
132,Wayanad,Kerala,drowning,817420.0,8.04322543438466,0.19769948214244787,37.56165785105958,0.4794277544435489,0.3212276278398601,0.6375332873055068,0.352,False,37.36395836891713,65.74693334574708
133,Kozhikode,Kerala,drowning,3086293.0,5.501897958414105,0.4115818027626327,18.459445465440204,0.837592011350684,0.6411539536849478,0.959195489135423,0.0015,False,18.04786366267757,169.80469155767744
134,Malappuram,Kerala,drowning,4112920.0,5.132806018969993,0.7212587394949619,15.595480142934598,0.7496132255226053,0.51383115422243,0.9045224830029643,0.012,False,14.874221403439636,211.10820531542063
135,Palakkad,Kerala,drowning,2809934.0,5.4508631976195465,0.45964185952681863,17.407513895116065,0.6345082707096242,0.43436488191352457,0.8052185341849132,0.0565,False,16.947872035589246,153.1656582833988
136,Thrissur,Kerala,drowning,3121200.0,5.4066991074987065,0.4908092129791814,17.02331562108547,0.8411437677418611,0.6315213333962838,0.958295094079038,0.0005,False,16.53250640810629,168.75389254324963
137,Idukki,Kerala,drowning,1108974.0,7.873487104751885,0.1832550145215837,36.15823202889496,0.48505737053827735,0.31836551544971775,0.6571440835499048,0.3245,False,35.97497701437337,87.31492488505118
138,Ernakulam,Kerala,drowning,3282388.0,5.277616469886133,0.4899497744125476,15.909919872732246,0.8425133772443368,0.6502421720097152,0.9607194403153168,0.0,False,15.419970098319698,173.23184969356603
139,Alappuzha,Kerala,drowning,2127789.0,4.834105511915216,0.7460064172029859,13.92117682735641,0.7881417932402842,0.6072509173957458,0.9213690346772612,0.001,False,13.175170410153424,102.85956533092565
140,Kottayam,Kerala,drowning,1974551.0,5.045955815350229,0.49843232017872324,16.199464876468937,0.6530620820481583,0.4857108831095898,0.7985240439613818,0.018,False,15.701032556290214,99.6349710115561
141,Pathanamthitta,Kerala,drowning,1197412.0,6.639625621397155,0.27536585900400473,25.168511350939173,0.5388086249962998,0.39075457873595665,0.690150217976543,0.1945,False,24.89314549193517,79.5036739456841
142,Kollam,Kerala,drowning,2635375.0,4.629114520369245,0.8460610897982053,12.750248166843647,0.7389835584840824,0.5547842901535027,0.8829123533786841,0.0045,False,11.904187077045442,121.99452679118099
143,Thiruvananthapuram,Kerala,drowning,3301427.0,4.981115655380376,0.5736278400744735,15.096616503799176,0.7797702682254535,0.5786947880959202,0.9262264067750612,0.004,False,14.522988663724702,164.44789714795468
144,West Godavari,Andhra Pradesh,drowning,6742523.306735915,2.7112586676483743,0.36187753089619557,8.479526965940384,0.5864453686898462,0.3027484448584789,0.8341633158328914,0.0905,False,8.117649435044187,182.8072475720893
145,Dakshin Bastar Dantewada,Chhattisgarh,drowning,355758.6666666666,14.382180297910041,0.31327244779270325,50.341900422035565,0.6096743126553634,0.5205113651835629,0.6993470626301235,0.009,False,50.02862797424286,51.16585286544079
146,Bastar,Chhattisgarh,drowning,942132.6666666666,14.67193079061612,0.31309228005170253,49.82289720599677,0.5573240724037557,0.41921018566925233,0.6952756107932858,0.158,False,49.50980492594506,138.2290528091194
147,Kondagaon,Chhattisgarh,drowning,946118.4444444445,12.838796294939966,0.4962604864567887,42.84241124017953,0.5960918999973712,0.4703640318089655,0.7160883472123295,0.064,False,42.34615075372274,121.47021979107697
148,Gariaband,Chhattisgarh,drowning,946118.4444444445,10.501496809292895,0.6605001118722522,29.55144872453567,0.5959053988700986,0.4712718170507033,0.7191714259206244,0.065,False,28.89094861266342,99.3565982554649
149,Raipur,Chhattisgarh,drowning,2709248.0,11.8748487542942,0.31162757811382374,35.723487717778404,0.7106596727040053,0.5301262662691287,0.8583721674301464,0.011,False,35.41186013966458,321.71910237874056
150,Durg,Chhattisgarh,drowning,2229248.0,13.024105443626137,0.28363965769986976,43.88969324075771,0.7221869691094811,0.5500944437528305,0.8597192177252834,0.0045,False,43.606053583057836,290.33961011992676
151,Thane,Maharashtra,drowning,11619287.138751013,7.097924052909183,0.165102406834719,28.499961965944287,0.8768098291030276,0.6766744858849264,0.982407534929075,0.0005,False,28.334859559109567,824.7281765979914
152,Adilabad,Telangana,drowning,2741239.0,2.4632659571188333,0.13384595523102324,10.332500458323873,0.6344579968488422,0.4361038146612162,0.8036803338130838,0.0205,False,10.198654503092849,67.52400709026473
153,Hyderabad,Telangana,drowning,3943323.0,6.315382657076105,0.011469410819819122,40.20856124474884,0.9134195605383563,0.7296464391885025,0.9914474191507034,0.0,False,40.19709183392902,249.03593685449317
154,Jagtial,Telangana,drowning,3208589.6470588236,1.998012434393146,0.19578075466593028,6.817722176190062,0.6697007936557283,0.45887460455461715,0.8392187832282776,0.0115,False,6.621941421524132,64.10802011688645
155,Jangaon,Telangana,drowning,4229917.0,1.8084632198998103,0.23759071567510298,5.389716645071329,0.6625446312241001,0.43218828142407373,0.8557870561178272,0.009,False,5.152125929396226,76.49649317728945
156,Mulugu,Telangana,drowning,3208589.6470588236,1.8165964260324245,0.23874612597984773,5.221887043337011,0.6714896006548815,0.45580169615475397,0.845017802470949,0.008,False,4.983140917357163,58.287124854516975
157,Jogulamba Gadwal,Telangana,drowning,3208589.6470588236,1.9533343821539975,0.19121766815690686,6.22536728344655,0.6693417353434645,0.45094126602185036,0.8495262444230144,0.011,False,6.034149615289643,62.6744847582336
158,Kamareddy,Telangana,drowning,3208589.6470588236,2.2964702742211056,0.13310737914723964,8.915331100161529,0.6716448130129382,0.4524809902030991,0.8450137634775079,0.0165,False,8.78222372101429,73.68430746644178
159,Karimnagar,Telangana,drowning,3776269.0,2.008637982879594,0.1647407223019089,6.6750845660722815,0.6179098641715801,0.39125062279817163,0.8090598016402858,0.027,False,6.5103438437703725,75.85157346970742
160,Khammam,Telangana,drowning,2797370.0,2.509925849316849,0.11826298142485502,10.187031307358257,0.6125425519905006,0.4078744221872291,0.7888750967684819,0.036,False,10.068768325933402,70.21191273103473
161,Komaram Bheem,Telangana,drowning,3208589.6470588236,2.352920569124135,0.13502494661554829,10.13905834853774,0.6704873610084319,0.4668710145819948,0.8416718349803622,0.0135,False,10.004033401922191,75.49556578443455
162,Mahabubabad,Telangana,drowning,3208589.6470588236,2.097114045177453,0.15278338697096952,7.108312550479504,0.6707767975323627,0.44720911900767446,0.8401980032193564,0.0115,False,6.955529163508535,67.28778414058026
163,Mahabubnagar,Telangana,drowning,4053028.0,2.173262351295191,0.10422145289802554,7.87342083810816,0.5612926601825166,0.3239081054403522,0.7866073860187184,0.0595,False,7.769199385210134,88.08293161145245
164,Mancherial,Telangana,drowning,3208589.6470588236,2.0033558313351967,0.2052355946398246,6.568948315166948,0.6706116879559454,0.4643716137661895,0.8412290322165948,0.012,False,6.363712720527124,64.27946779797036
165,Medak,Telangana,drowning,3033288.0,4.154089770593875,0.03385052960648933,24.01616897956245,0.6215672810530939,0.4082399756516699,0.7969874508921776,0.0375,False,23.98231844995596,126.00550652065155
166,Medchal Malkajgiri,Telangana,drowning,613192.0,2.5821214177519423,0.07889291028508257,10.785358847391993,0.5088061473898585,0.3659857126666281,0.6506027009616637,0.109,False,10.70646593710691,15.833361963941488
167,Nagarkurnool,Telangana,drowning,4053463.0,2.1257708034831158,0.13162067129466365,7.179283271551582,0.6398971201643492,0.41614994421330603,0.8315072689836694,0.02,False,7.047662600256919,86.1673329839908
168,Nalgonda,Telangana,drowning,3488809.0,2.106358301515809,0.11835935752874421,7.844406001213352,0.579938749900507,0.35129003713453344,0.7926505761360624,0.05,False,7.726046643684608,73.48681799553067
169,Nirmal,Telangana,drowning,3208589.6470588236,1.9577001783801546,0.1882784418959316,6.73582944291378,0.6691749911354807,0.4632713574379225,0.8332915435048165,0.0075,False,6.547551001017848,62.814565243957766
170,Nizamabad,Telangana,drowning,2551335.0,1.984573627698994,0.16279195874364097,6.378317230344572,0.5990080222145879,0.40117051728062686,0.7739380114640992,0.023,False,6.215525271600931,50.633121564254125
171,Peddapalli,Telangana,drowning,3208589.6470588236,1.888324758329379,0.18964372903248675,5.885310693700234,0.6695329021534109,0.44784809111943436,0.8427273048762894,0.0085,False,5.695666964667747,60.588592698605005
172,Rajanna Sircilla,Telangana,drowning,3208589.6470588236,1.8582354751412573,0.22361569184216123,5.437864639731276,0.6687343916105268,0.4505131042944855,0.8387335958143141,0.005,False,5.214248947889115,59.62315107335672
173,Ranga Reddy,Telangana,drowning,5296741.0,2.4378092912633336,0.08570658654657187,9.76768714669037,0.8446448975199528,0.6022241847647072,0.9757979117948163,0.0005,False,9.6819805601438,129.12444423215442
174,Sangareddy,Telangana,drowning,5296741.0,2.5759660538511127,0.08550045587120461,10.680028312243321,0.8470691731121406,0.6181477460574282,0.9733976895565825,0.0005,False,10.594527856372116,136.44225012041397
175,Siddipet,Telangana,drowning,3208589.6470588236,1.7977425268713418,0.2492608771454535,5.202259672644985,0.6698265970810685,0.4524700458995882,0.8497349498797023,0.0055,False,4.952998795499531,57.68218059796757
176,Suryapet,Telangana,drowning,3208589.6470588236,1.8238035736673524,0.24308937689996502,5.405878317713136,0.670104578234408,0.4614324372508467,0.842051702618599,0.007,False,5.162788940813171,58.51837264737951
177,Vikarabad,Telangana,drowning,3208589.6470588236,2.3573312227387833,0.12144299165851756,9.729274668352886,0.6708323125947319,0.4585971362486445,0.8423713618297612,0.016,False,9.607831676694369,75.63708555968178
178,Wanaparthy,Telangana,drowning,3208589.6470588236,1.832344694020408,0.17898313095454269,5.399642939122576,0.6723829936062513,0.4690407425232231,0.8420237573419677,0.008,False,5.220659808168033,58.792422150770484
179,Warangal Rural,Telangana,drowning,3512576.0,1.961994827456368,0.15338372137764067,6.920462487753509,0.6376384679381345,0.41655517719477075,0.8301272243071882,0.018,False,6.767078766375868,68.9165594304738
180,Warangal Urban,Telangana,drowning,3512576.0,2.123376575564414,0.16683406636488662,7.82846758232032,0.6362371529472186,0.42622489889209275,0.8208614913265455,0.021,False,7.661633515955433,74.58521598289747
181,Yadadri Bhuvanagiri,Telangana,drowning,3208589.6470588236,2.0568331939677535,0.11025415981412016,7.022625156423561,0.6693998362279293,0.45836612754134665,0.843904723751278,0.01,False,6.91237099660944,65.99533691891867
182,South 24 Parganas,West Bengal,drowning,7704329.421039488,1.8860157938034103,0.08269895100644523,7.954686769841132,0.7615104065427376,0.4636014940738493,0.9405447503036264,0.007,False,7.871987818834687,145.3048696874476
183,Amreli,Gujarat,drowning,1220875.0625483869,4.42811333167525,0.2753283838146248,13.856645512968766,0.6368637377406027,0.4903411417946556,0.7617559220970134,0.018,False,13.581317129154142,54.06173140780366
184,Angul,Odisha,drowning,1303419.353209367,7.04206883293417,1.1363296740885132,19.633125244553113,0.5803640388863407,0.42815782431011146,0.7239856872719445,0.112,False,18.4967955704646,91.78768803478899
185,Dang,Gujarat,drowning,184068.5705916918,6.127646805099486,0.17668027706606354,28.351687311448973,0.5378725570651538,0.4392457312829661,0.6398065734062632,0.113,False,28.17500703438291,11.279071885054096
186,Dhamtari,Chhattisgarh,drowning,533187.3333333333,10.088139483924271,0.5890935689632495,24.677407349639715,0.5913119966822096,0.48511459762741355,0.6971354770061465,0.0435,False,24.088313780676465,53.788681897282906
187,Kendrapara,Odisha,drowning,1473829.0568360838,8.340476142076088,0.9171269554606262,27.66147513514704,0.4908260210752468,0.3074486404994619,0.6689751564646964,0.44,False,26.744348179686412,122.92436086039861
188,Dadra and Nagar Haveli,Other Union Territories,drowning,343709.0,5.429378888847314,4.478519897488153,6.612131395746609,0.842787495697008,0.730982384382258,0.920302784365064,0.0,True,2.133611498258456,18.661263885068212
189,Palghar,Maharashtra,drowning,3210695.2285714285,5.37769623544879,0.525388580732896,19.69727590371448,0.6695059387227795,0.45477083325580336,0.8391650564671902,0.03,False,19.171887322981583,172.66143643861963
190,Ganjam,Odisha,drowning,3611031.1444667703,8.079160774788766,0.6980180521243884,25.585365812195192,0.6278983429471217,0.39585800986908826,0.8186720960577345,0.1085,False,24.887347760070803,291.7410117891652
191,Gajapati,Odisha,drowning,591243.0870690441,8.52200107750637,0.8030591338592079,28.8822403861383,0.5428529726040606,0.42212265038382896,0.6622853910135158,0.216,False,28.079181252279092,50.38574225070587
192,Y.S.R. Kadapa,Andhra Pradesh,drowning,4936571.566389897,2.7442178477806065,0.3954373929767763,8.634679445981867,0.6744819881295673,0.4356891755210913,0.8652559270617518,0.029,False,8.239242053005091,135.4702779933342
193,Tumakuru,Karnataka,drowning,3587678.926576223,6.324810003555332,1.375487340073094,16.34135873772147,0.6144447340281637,0.3921659078645305,0.8090439528155939,0.137,False,14.965871397648376,226.91387564353954
194,Chittoor,Andhra Pradesh,drowning,7148581.878483924,2.68702282375899,0.4282898215740549,7.889117922465612,0.6564838093023393,0.37503694053966924,0.8767756905020001,0.049,False,7.460828100891558,192.0840266499622
195,Ramanagara,Karnataka,drowning,1449861.6497147332,6.270114421853512,1.3394920990969985,15.887912441877539,0.6199232676412472,0.4671556433293873,0.7588013160186495,0.0475,False,14.54842034278054,90.90798439568673
196,Mandya,Karnataka,drowning,2418278.369963426,6.832483636179192,1.06295523682778,20.404242128511683,0.5771505923155016,0.37668349294844766,0.7549339263943171,0.1785,False,19.341286891683904,165.22847390501198
197,Mysuru,Karnataka,drowning,2036509.9,6.160699071587689,1.3651377554104867,15.46770732088,0.6433317828805487,0.46322425088859726,0.7894387099999713,0.038,False,14.102569565469514,125.46324650209135
198,Kannur,Kerala,drowning,2523003.0,5.204545709099712,0.5097060659978105,16.284831407697975,0.8302312845051565,0.65385293477257,0.9500518324046461,0.0005,False,15.775125341700164,131.310844376957
199,Puducherry,Other Union Territories,drowning,99221.33333333333,5.429378888847314,4.478519897488153,6.612131395746609,0.842787495697008,0.730982384382258,0.920302784365064,0.0,True,2.133611498258456,5.387102125232823
200,Balod,Chhattisgarh,drowning,946118.4444444445,11.468317481163497,0.38530573681631114,34.46586364252173,0.5965717039099159,0.469770914220864,0.7163770353598427,0.06,False,34.08055790570542,108.50386695673438
201,Bhadradri Kothagudem,Telangana,drowning,1506337.0,2.3428667823533984,0.10397885085817661,8.925224623059247,0.5371245193323189,0.3609932036511143,0.7073150999406476,0.074,False,8.82124577220107,35.29146920329871
202,Vadodara,Gujarat,drowning,3358699.3067601733,4.17894822627883,0.42113883698490967,13.322615193220042,0.7898319210215295,0.5840311112141237,0.9261353064364736,0.0025,False,12.901476356235133,140.3583051058936
203,Paschim Medinipur,West Bengal,drowning,4551470.281432921,1.707171595543732,0.07934410770007792,6.1872984497907675,0.5107408901049537,0.26298841996294037,0.7618554645004639,0.067,False,6.107954342090689,77.7014078242372
204,Seoni,Madhya Pradesh,drowning,1309717.2716068493,14.2898366745829,0.4787785995390361,64.35908087283005,0.5393489571000578,0.3778623095407732,0.69717057350073,0.2545,False,63.880302273291015,187.1564590114221
205,Alirajpur,Madhya Pradesh,drowning,692307.3886992037,14.659896672075924,0.5581191219050815,65.46022876781446,0.5170861160871071,0.38292636030359445,0.6534262307021608,0.332,False,64.90210964590938,101.4915478364503
206,Chhindwara,Madhya Pradesh,drowning,1985682.764713966,10.274968795551223,1.2223938979378821,30.945595046252585,0.6304828492159328,0.4562516478770526,0.7799645277258702,0.061,False,29.723201148314704,204.0282844529988
207,Harda,Madhya Pradesh,drowning,541752.6423140379,9.089068647341621,1.8048213048808048,21.270677752011874,0.6044094875960057,0.4981480229785838,0.7058009622343882,0.0265,False,19.46585644713107,49.24026955871002
208,Khargone,Madhya Pradesh,drowning,1778772.7900497653,9.937915931778782,1.2397229762207687,26.323822689563155,0.5683990311753158,0.38193642937208877,0.7389518283757347,0.2145,False,25.084099713342386,176.77294449250158
209,Purba Medinipur,West Bengal,drowning,3922193.6712141456,1.7147299188919791,0.08622259368673124,6.615312656297416,0.5163267847057346,0.27368637390593015,0.7508014630146039,0.049,False,6.529090062610685,67.25502835719665
210,Mayurbhanj,Odisha,drowning,2578286.3323944765,11.978211735834968,0.24372059625294493,54.881616630969354,0.5270401052084194,0.31022961946363165,0.7308003753200326,0.281,False,54.63789603471641,308.8325960503042
211,Bharuch,Gujarat,drowning,1250569.8879524607,3.8789278913769296,0.4819231917395329,10.968389079229675,0.7023731973835512,0.5611541974043925,0.824810448988023,0.001,False,10.486465887490143,48.50870418494922
212,Sundargarh,Odisha,drowning,2142079.853075556,9.887315180439524,0.4698556380874778,41.74950525167297,0.7068829874332364,0.5303937289769328,0.8497685739362145,0.009,False,41.27964961358549,211.7941864902761
213,Kabeerdham,Chhattisgarh,drowning,548350.6666666666,11.068934602231304,0.4607070131709275,32.45364594878257,0.5287404165361939,0.40672089497349656,0.6545195750567444,0.2965,False,31.992938935611644,60.6965766842327
214,Khandwa,Madhya Pradesh,drowning,1244123.6681348912,9.577192844022573,1.3160451822193735,23.93410003019112,0.5870508771691492,0.43653480615137163,0.7267607363777907,0.1275,False,22.61805484797175,119.15212291540594
215,Porbandar,Gujarat,drowning,472041.2131198136,4.435185907771213,0.3746983713477216,15.429144858207904,0.7595737810342293,0.6374095170717982,0.8765615067624448,0.0,False,15.054446486860183,20.93590536316225
216,Balaghat,Madhya Pradesh,drowning,1616048.9914727698,10.915541338888252,0.8192291138752393,33.718332390201155,0.5569068751676224,0.38845213238318715,0.7248467365199884,0.2235,False,32.89910327632592,176.40049572089686
217,Narmada,Gujarat,drowning,475950.103221607,5.074334284567031,0.18598046110000424,19.082365484735707,0.54757007426521,0.4335848324103746,0.6611083532357556,0.1075,False,18.896385023635702,24.151299265206177
218,Barwani,Madhya Pradesh,drowning,1316127.533999143,9.444028228006417,1.281898650996176,25.256399287961212,0.5659569977599046,0.41584925547625995,0.7053743246479929,0.19,False,23.974500636965036,124.2954558274438
219,Janjgir Champa,Chhattisgarh,drowning,1079804.6666666665,11.159167059979431,0.4378498481952267,32.6448808820707,0.5503782946833781,0.3990287564628837,0.6944986219341206,0.236,False,32.207031033875474,120.49720667478735
220,Nandurbar,Maharashtra,drowning,1731623.5636600524,6.543885682822119,0.23765643037657666,27.31215685955714,0.5731588977423653,0.40363618442981275,0.733886085254039,0.1285,False,27.07450042918056,113.31546646272432
221,Kendujhar,Odisha,drowning,1843597.853635615,9.993866512561363,0.40234051144071903,39.11001302337093,0.5593947317797345,0.3802630624699835,0.7198960331834741,0.185,False,38.70767251193021,184.24670852078978
222,Balasore,Odisha,drowning,1399140.5999999999,6.713556289314883,1.425543924054424,16.771482669687988,0.563296859183052,0.41176356621205423,0.7164980287345054,0.1945,False,15.345938745633564,93.93209174765798
223,Jharsuguda,Odisha,drowning,592970.3092362225,8.397192449208358,0.5692372982819167,28.928410836481557,0.7283275975684484,0.6104099498138359,0.8372631815445594,0.0,False,28.35917353819964,49.79285803323153
224,Bametara,Chhattisgarh,drowning,946118.4444444445,9.494963195629175,1.154250943717391,23.384877539299154,0.5953875841170799,0.46424990525323545,0.7161643456663944,0.066,False,22.230626595581764,89.83359808705927
225,Rajnandgaon,Chhattisgarh,drowning,1024755.3333333333,10.145356074533739,0.7218896528522053,27.026342488172087,0.5909356817663729,0.46102296746142263,0.7151793666046531,0.0775,False,26.304452835319882,103.96507745944179
226,Amravati,Maharashtra,drowning,3034468.6020014985,4.6442947971444575,0.5524152501351434,13.263531509830173,0.6877047411210344,0.48919857127775135,0.8416028800033714,0.016,False,12.71111625969503,140.92966740373774
227,Surat,Gujarat,drowning,4903304.325828913,5.651379838769941,0.15098209908433047,23.404929781830077,0.8733975666544903,0.651318667567044,0.9786738541297738,0.0015,False,23.253947682745746,277.10435210342956
228,Dhule,Maharashtra,drowning,2154542.09653914,4.8607645886576405,0.4576668405453875,14.543354919058645,0.6412072280101968,0.45842039404591683,0.8022035786277116,0.0415,False,14.085688078513257,104.72721927629644
229,Tapi,Gujarat,drowning,650693.1327824938,5.59171236923438,0.17017420935689573,25.05481350248409,0.5330202688328503,0.4007204958161526,0.6589317663310721,0.1635,False,24.884639293127194,36.384888391557396
230,Bargarh,Odisha,drowning,1515673.26495492,7.659746528743589,0.9916112555303941,23.125662339486663,0.5265965323576013,0.3549100854569195,0.696583544462092,0.3115,False,22.13405108395627,116.09673029947909
231,Nagpur,Maharashtra,drowning,4888828.436136438,5.764098893837392,0.35290051195446176,21.00854874794024,0.8346290813804701,0.6149566868702397,0.9624529702375337,0.0025,False,20.655648235985776,281.7969058089483
232,Baloda Bazar,Chhattisgarh,drowning,946118.4444444445,10.18256073690755,0.5034261336442002,24.851052165754464,0.5963299402516864,0.46781306634295616,0.7182101389526417,0.0695,False,24.347626032110263,96.33908524864049
233,Mungeli,Chhattisgarh,drowning,946118.4444444445,11.308379686641363,0.42898811620332583,31.872695152595213,0.5959319113837285,0.4689266292739621,0.7136310850638894,0.061,False,31.44370703639189,106.99066598312281
234,Botad,Gujarat,drowning,1888740.375,3.9169416150651575,0.47526817159312346,11.175603124970914,0.6974912870555311,0.531831869763458,0.8377428005855921,0.005,False,10.70033495337779,73.98085774891271
235,Chhota Udaipur,Gujarat,drowning,1888740.375,3.7000057559544586,0.4481758180416875,9.543011150288953,0.6980569714966034,0.5275377961628166,0.8433698958245105,0.0045,False,9.094835332247266,69.88350259003583
236,Jhargram,West Bengal,drowning,3968526.739130436,1.3726304260025903,0.1479433845960322,3.9663369250067646,0.6361367230792948,0.3983303010003703,0.8323667823549474,0.008,False,3.8183935404107325,54.47320548535281
237,Rajkot,Gujarat,drowning,3067574.0734115043,4.247145730820338,0.45920083648760146,13.522461364799527,0.8114659672429994,0.6004480636205141,0.9444640313274384,0.002,False,13.063260528311925,130.28434129864826
238,Bhavnagar,Gujarat,drowning,2322407.2273209994,4.030875578330656,0.5186371875642014,12.367614781851907,0.7564699173749414,0.5657760194560382,0.8952331298996984,0.0025,False,11.848977594287707,93.6133457554683
239,Betul,Madhya Pradesh,drowning,1496071.6715330954,9.511108439974327,1.281766904850895,24.975413339164824,0.5995385013282585,0.44883486173230525,0.738976442646635,0.0935,False,23.69364643431393,142.29299901924924
240,Junagadh,Gujarat,drowning,2211717.4253728753,4.219839664953985,0.38541158732368597,13.458347407446448,0.698795333456867,0.5253833162351527,0.8405486766146669,0.0085,False,13.072935820122762,93.33092919258362
241,Deogarh,Odisha,drowning,319781.67753945914,7.152510969218063,1.106864227948644,19.87772348756123,0.5008003676287407,0.3735270249133237,0.6297930669048551,0.4335,False,18.770859259612585,22.872419563559347
242,Jamnagar,Gujarat,drowning,1741680.6472351283,3.9277311536462687,0.49817217572495576,11.535379208793852,0.7510231137578172,0.5934528847281346,0.8819490379245561,0.002,False,11.037207033068896,68.4085333784821
243,Devbhumi Dwarka,Gujarat,drowning,1888740.375,5.879649758750505,0.19225075252101392,26.451293843094053,0.6977613072446466,0.5260251978412308,0.8426584086267785,0.0085,False,26.25904309057304,111.05131890211088
244,Aurangabad,Maharashtra,drowning,3888398.08829779,4.65603757073645,0.6602977832590736,13.854400434063479,0.7350590765423417,0.49741375704945534,0.8999373864859291,0.0225,False,13.194102650804405,181.04527589094297
245,Vijayapura,Karnataka,drowning,2036509.9,5.908941517192223,1.4480059862130836,13.115520022559384,0.6436420817956912,0.4684979608654783,0.795733142195369,0.051,False,11.6675140363463,120.33617898282981
246,Bijapur,Chhattisgarh,drowning,170153.3333333333,14.152925547307628,0.2774815798979712,52.175958808626625,0.544432477344279,0.4485291209495297,0.6423884261698003,0.15,False,51.89847722872865,24.081674582928837
247,Raigad,Maharashtra,drowning,3210695.2285714285,4.7669608055514345,0.4884460944141767,14.09273596416281,0.6695006312361144,0.462822063542077,0.8403410914898313,0.031,False,13.604289869748632,153.05258313171004
248,Raigarh,Chhattisgarh,drowning,995989.3333333333,13.199770760860934,0.2860322849360727,48.503664761571045,0.5640613518786135,0.4298092508217679,0.6931923901043877,0.1405,False,48.217632476634975,131.46830880262706
249,Bilaspur,Chhattisgarh,drowning,1775752.6666666665,13.755030710862595,0.19208045359372472,49.79272033593823,0.6351365508105565,0.45844266193255145,0.7824319999443337,0.051,False,49.6006398823445,244.25532464896145
250,Karaikal,Other Union Territories,drowning,200222.0,5.429378888847314,4.478519897488153,6.612131395746609,0.842787495697008,0.730982384382258,0.920302784365064,0.0,True,2.133611498258456,10.870810998827869
251,Mahe,Other Union Territories,drowning,41816.0,5.429378888847314,4.478519897488153,6.612131395746609,0.842787495697008,0.730982384382258,0.920302784365064,0.0,True,2.133611498258456,2.2703490761603926
252,Yanam,Other Union Territories,drowning,55626.0,5.429378888847314,4.478519897488153,6.612131395746609,0.842787495697008,0.730982384382258,0.920302784365064,0.0,True,2.133611498258456,3.020146300710207
253,Sambalpur,Odisha,drowning,1065289.8525043305,7.281844267029344,1.0398431197957794,20.752196620418964,0.6587183151273989,0.515934174689783,0.774851604688969,0.011,False,19.712353500623184,77.57274805183194
254,Navsari,Gujarat,drowning,1072100.1896517866,4.139166888057394,0.3848719252000295,13.342965314652089,0.6845407391623335,0.5537097544613891,0.8026086350668697,0.002,False,12.95809338945206,44.37601605686727
255,Lakshadweep,Other Union Territories,drowning,64473.0,5.429378888847314,4.478519897488153,6.612131395746609,0.842787495697008,0.730982384382258,0.920302784365064,0.0,True,2.133611498258456,3.5004834510065286
256,Daman,Other Union Territories,drowning,191173.0,5.429378888847314,4.478519897488153,6.612131395746609,0.842787495697008,0.730982384382258,0.920302784365064,0.0,True,2.133611498258456,10.379506503176076
257,Diu,Other Union Territories,drowning,52074.0,5.429378888847314,4.478519897488153,6.612131395746609,0.842787495697008,0.730982384382258,0.920302784365064,0.0,True,2.133611498258456,2.8272947625783504
258,Jayashankar Bhupalapally,Telangana,drowning,3208589.6470588236,1.8770659186564638,0.17913825360751084,5.736647524521703,0.6682835697288939,0.4617072358427778,0.8340160425259315,0.0075,False,5.557509270914192,60.2273427344809
259,Narayanpet,Telangana,drowning,139820.0,1.8264844348649623,0.14394946340228998,4.937279358193938,0.5811998078561821,0.503404554635484,0.6622551292557333,0.0015,False,4.793329894791648,2.55379053682819
260,Sukma,Chhattisgarh,drowning,946118.4444444445,47.3744639869603,0.026155536057383667,282.99214275779,0.5958558149994142,0.4675053808591437,0.712707327903499,0.0455,False,282.96598722173263,448.21854173732237
261,Upper Subansiri,Arunachal Pradesh,drowning,53634.526519014165,7.453117031720451,0.04662755799656739,39.842180405817565,0.6208847256454526,0.559410413700774,0.6852892297385768,0.0,False,39.795552847821,3.9974440308712667
262,Anjaw,Arunachal Pradesh,drowning,13604.66425591953,5.192985989264158,0.08203723300763346,25.36085178701507,0.4949109394098707,0.38406877074919304,0.610311300875669,0.2485,False,25.278814554007436,0.7064883086963301
263,Tinsukia,Assam,drowning,1074262.8532566435,3.125422865516736,0.13813045837756638,9.81420775878072,0.6140836827495002,0.4865622393047647,0.7392912412152508,0.0195,False,9.676077300403154,33.57525685143564
264,Dhemaji,Assam,drowning,555065.2137979822,10.30528049904466,0.009967022666278115,61.61637849964763,0.4990474916465875,0.3626168927927791,0.6403497089850773,0.2385,False,61.60641147698135,57.201027234504004
265,Changlang,Arunachal Pradesh,drowning,95269.28539698248,3.4977023117120085,0.21233206756428172,10.34270218000352,0.5641247331538525,0.4868335967746653,0.6502945882276269,0.026,False,10.13037011243924,3.332235997681767
266,Dibrugarh,Assam,drowning,1072973.3453175211,4.004440253089783,0.057175083044747554,14.685839779594547,0.5905282784337758,0.4503476760478868,0.721163757619286,0.0505,False,14.6286646965498,42.96657654481885
267,Tawang,Arunachal Pradesh,drowning,32121.713304582147,4.742619711771281,0.1696281784700184,21.893137969323348,0.5810943263073244,0.514323709798809,0.6562437329260181,0.0055,False,21.72350979085333,1.523410706941771
268,Papum Pare,Arunachal Pradesh,drowning,113488.75049182591,4.586773609051803,0.14163982407825634,19.922252464728757,0.8138069962384722,0.6871758403949886,0.9249761217942073,0.0,False,19.7806126406505,5.205472056801718
269,Lakhimpur,Assam,drowning,843063.949280661,2.9900891783835335,0.14795828834756938,8.1038286630862,0.5199818661206517,0.3798104435194849,0.6573952664328966,0.1665,False,7.95587037473863,25.208363914293884
270,Tirap,Arunachal Pradesh,drowning,71969.68299979162,3.276667099239113,0.30783044829278133,9.456728777831966,0.6328084980374379,0.5728277597425683,0.7005123840363444,0.0,False,9.148898329539184,2.358206924280857
271,Sivasagar,Assam,drowning,931171.9657007714,3.0995685390428456,0.13582288509726884,9.888518048241952,0.5245265577039622,0.37839547822610453,0.6745305530575266,0.1595,False,9.752695163144683,28.86231329324795
272,Jorhat,Assam,drowning,883609.02355976,2.9600655824009205,0.1890997660559549,9.816842492943493,0.6033684986425235,0.4809783122800502,0.7245194682039795,0.013,False,9.627742726887538,26.155406589381297
273,Sonitpur,Assam,drowning,1556559.0468915435,2.818108039595893,0.18605836775385606,8.322993487567866,0.5273482597626944,0.3597982039693682,0.6925823217087426,0.124,False,8.136935119814009,43.86551564150779
274,Golaghat,Assam,drowning,863086.9172864468,2.7801132902663492,0.25539891025538536,8.085051820742592,0.5197394556755324,0.3837944294127422,0.6637748776174499,0.13,False,7.829652910487207,23.994794094030638
275,Udalguri,Assam,drowning,672799.5537730152,3.1465697250096847,0.17303764807300273,10.771109286527349,0.481966383542663,0.33227376012063503,0.6249578366593721,0.206,False,10.598071638454346,21.170107069021952
276,Chirang,Assam,drowning,390057.5451337608,2.7864481878518754,0.240438518047424,8.035026683876456,0.5056868882071482,0.37951341604977834,0.6370124520243433,0.145,False,7.794588165829032,10.868751397959187
277,Baksa,Assam,drowning,768587.9894992922,3.1291376918961773,0.1659192956730199,10.743641349034124,0.45540624478804703,0.28867973907292954,0.6236142444316671,0.2505,False,10.577722053361105,24.050176474809383
278,Nagaon,Assam,drowning,2284360.887227258,3.0789523182618757,0.13858411686926284,9.097646606240337,0.5487249477264589,0.35575933591640296,0.7353919164080507,0.1445,False,8.959062489371075,70.33438249475121
279,Kokrajhar,Assam,drowning,717676.6951876233,2.8992110988240594,0.2490603504415439,8.91239989854052,0.503514580819459,0.3603507050794501,0.644495758661215,0.1595,False,8.663339548098977,20.80696240055329
280,Darrang,Assam,drowning,751134.3296582826,4.366694351958732,0.06730058271688358,18.35114421876202,0.4966276701438355,0.3470579975962799,0.6511392093399386,0.227,False,18.283843636045138,32.79974034881131
281,Barpeta,Assam,drowning,1370099.758389359,3.8239802909038882,0.06554573388728963,13.793979645802066,0.5194790927888031,0.3544068951088677,0.6801593069342826,0.1835,False,13.728433911914777,52.39234472653088
282,Nalbari,Assam,drowning,624237.5261208266,3.630209238303771,0.11364989727019262,13.99617450643258,0.53070452916362,0.4069324519112402,0.6577643805837738,0.1395,False,13.882524609162386,22.661128342197166
283,Morigaon,Assam,drowning,774532.3460467657,3.2752936533952703,0.12245856084845609,10.277474215020783,0.5178016474974388,0.37590364352273886,0.6532199237945541,0.175,False,10.155015654172328,25.36820877356321
284,Kamrup,Assam,drowning,1227655.242755293,3.12280615046172,0.13787905184568305,9.636670163698188,0.5170763616627572,0.35746803789018833,0.6810922830506576,0.1745,False,9.498791111852505,38.33729342722805
285,Bongaigaon,Assam,drowning,597674.7951414732,3.3887020797013387,0.10903992064409175,10.763550450860942,0.5710404626461714,0.45833050911468803,0.6806495559063185,0.053,False,10.65451053021685,20.253418212809816
286,Dhubri,Assam,drowning,1576903.1784179264,4.01546274962993,0.07167314787434197,14.702057747966894,0.5263736048367654,0.350767509020965,0.7001876136423102,0.18,False,14.630384600092551,63.31995972710223
287,Kamrup Metropolitan,Assam,drowning,1014405.9009833577,10.843835477759425,0.017376335321936064,80.89826690887367,0.8892079579619815,0.7323811317091451,0.9799382713033326,0.0,False,80.88089057355172,110.00050697931849
288,Kiphire,Nagaland,drowning,334888.7882692796,2.3820588027199645,0.16684571131833037,7.413263499763017,0.5919590785878431,0.49747507189002915,0.6818664947568447,0.0055,False,7.2464177884446865,7.977247860290598
289,Goalpara,Assam,drowning,815595.97402033,2.8837826255737045,0.16994654031947304,8.465242101053436,0.5524572343580407,0.4276640082127608,0.6836126225559861,0.08,False,8.295295560733964,23.520014993676902
290,Ribhoi,Meghalaya,drowning,169484.1690194807,3.2257515035060282,0.572938108740719,7.523513967967909,0.5123597578901941,0.40232687347702445,0.6266803178016979,0.197,False,6.95057585922719,5.467138130350596
291,Dima Hasao,Assam,drowning,173203.40576036362,6.12522515618103,0.03565952238403576,31.852015341090894,0.6966041314079306,0.612828840941103,0.7829160482257138,0.0,False,31.816355818706857,10.609098580996095
292,Kamjong,Manipur,drowning,178487.12499999997,1.755704041265724,0.4221617927937043,4.110900877283959,0.629180097174333,0.5544653052219453,0.7045415926990863,0.0,False,3.688739084490255,3.133705666764004
293,West Khasi Hills,Meghalaya,drowning,251083.94736663223,4.275820364527804,0.1958673200050686,14.856215591470745,0.550188587664707,0.4548639266911684,0.6529734723229518,0.084,False,14.660348271465676,10.735898553562732
294,Peren,Nagaland,drowning,430892.5940518422,2.276691426051316,0.1581489573354896,6.517386393650525,0.55678138416019,0.4508050514419593,0.6638642034811502,0.0315,False,6.359237436315035,9.810094744268396
295,Senapati,Manipur,drowning,269520.74999999994,2.14012944735095,0.19189435077367611,6.750358467404259,0.47647127836936065,0.3450782285284081,0.6117555720732402,0.1195,False,6.558464116630582,5.768092937471135
296,East Jaintia Hills,Meghalaya,drowning,258720.68768217156,4.474954052635488,0.16865184656712884,15.943057517179342,0.5087512855479885,0.39361068063818144,0.6265214900986825,0.231,False,15.774405670612214,11.57763189843974
297,East Khasi Hills,Meghalaya,drowning,540800.1230293136,4.52269840680408,0.1948231580864933,16.38367171147459,0.7741837481957073,0.6527007332585285,0.8864523826827329,0.0,False,16.188848553388098,24.458758548241274
298,Tamenglong,Manipur,drowning,79116.18749999999,3.120918412002597,0.10403214013714436,14.87118445003701,0.5520930761357568,0.4684795175999746,0.6401967173142721,0.0345,False,14.767152309899865,2.4691516625619965
299,South Garo Hills,Meghalaya,drowning,93197.95902186201,4.206103814511265,0.21311840620327063,13.583168019038165,0.5144589770927459,0.4116767972198296,0.6234357666436527,0.1875,False,13.370049612834896,3.9200029094651843
300,Cachar,Assam,drowning,1404881.6867724047,3.401567312682433,0.12790120929345425,11.038508507767228,0.5894120700963618,0.43076073879959736,0.7238183032721808,0.0665,False,10.910607298473773,47.78799623911171
301,Imphal West,Manipur,drowning,291370.49999999994,2.563710829725065,0.11413523100766304,9.514916788487307,0.8228710779652395,0.6856568304475905,0.9327049070195111,0.0,False,9.400781557479643,7.46989706312407
302,Karimganj,Assam,drowning,993977.6359402441,4.978786549841374,0.06301408643837898,24.00358735374173,0.5264779509123791,0.3847674275264925,0.6715557332913412,0.1635,False,23.94057326730335,49.48802484662413
303,Hailakandi,Assam,drowning,533354.7216008477,4.963124985923314,0.07078094267040282,25.199506635369204,0.5137993666232822,0.38372078966204376,0.6495724623927337,0.195,False,25.1287256926988,26.4710614513734
304,Kakching,Manipur,drowning,178487.12499999997,1.7181679440530144,0.4630853833305115,3.6263092310009615,0.6289203968437864,0.5570443451670771,0.7073810628539527,0.0,False,3.1632238476704497,3.0667085660118336
305,Bishnupur,Manipur,drowning,133536.93749999997,1.8973802257366215,0.3078561598500231,5.216632629627321,0.7055196364545654,0.6211678528233321,0.793438503402858,0.0,False,4.9087764697772975,2.5337034461792705
306,Chandel,Manipur,drowning,81102.37499999999,2.0342003635134804,0.23377033568463812,5.508658791920543,0.5265252696082644,0.4290749127087606,0.6289812299890243,0.041,False,5.274888456235905,1.6497848070680659
307,Churachandpur,Manipur,drowning,154205.43749999997,2.7369827834387395,0.10617639301353234,11.758979273228528,0.5058841576740098,0.3936184776282792,0.6224616894085662,0.129,False,11.652802880214995,4.220576275501385
308,North Tripura,Tripura,drowning,346973.5,2.791777439971796,0.5056520082516932,7.145899937835151,0.6016610297451003,0.517015967065861,0.6884399856085714,0.0035,False,6.640247929583458,9.686727895680539
309,Dhalai,Tripura,drowning,189115.0,2.899015213751138,0.4074859235948981,7.961573365289812,0.544405198829694,0.44879792048554656,0.6480975960310483,0.0525,False,7.554087441694914,5.482472621485464
310,Sipahijala,Tripura,drowning,459239.625,2.6804045976294213,0.5406334158701989,6.280742371936318,0.6142332535711549,0.5201075512056563,0.7081474236510336,0.0025,False,5.74010895606612,12.309480022636114
311,Gomati,Tripura,drowning,459239.625,2.6617020006699215,0.5964896605535798,5.9587735201626275,0.6144692487781356,0.5168407379142006,0.7058519122982939,0.0015,False,5.362283859609048,12.223590286494044
312,West Garo Hills,Meghalaya,drowning,421216.35208125,3.4039247393775542,0.3697003395646009,8.19648503060328,0.533257343390743,0.42035215719754104,0.6548895919281211,0.1555,False,7.82678469103868,14.33788761479733
313,East Garo Hills,Meghalaya,drowning,208166.81564737382,4.272407188246227,0.18396855542511514,14.07135217156911,0.5591958514492453,0.4656212366662673,0.6535401938127137,0.057,False,13.887383616143994,8.893733995261671
314,Kohima,Nagaland,drowning,1212720.6176788781,1.9059642413236475,0.2752892102733575,3.5780981379392753,0.7583599451673381,0.5498173727145748,0.9128827296252745,0.002,False,3.302808927665918,23.114021320118685
315,East Siang,Arunachal Pradesh,drowning,63767.806466991075,3.086641261638426,0.3937070438085459,8.205337330844126,0.6764658253060832,0.6050151175903401,0.7533543120840676,0.0,False,7.811630287035579,1.968283426051883
316,Lohit,Arunachal Pradesh,drowning,93662.46059234324,2.781471856686737,0.45884991503665856,6.565509328595079,0.6273034287487168,0.5657663544742088,0.6978746798733624,0.0,False,6.10665941355842,2.6051949816563327
317,Kurung Kumey,Arunachal Pradesh,drowning,59180.000284785114,3.72722035109881,0.231634582163847,13.792209304653959,0.4866617671892825,0.3680050591107599,0.6069954907782416,0.248,False,13.560574722490111,2.2057690143948445
318,Lower Subansiri,Arunachal Pradesh,drowning,53365.86541167848,3.2365822967237095,0.31214241784292546,9.240636302810252,0.6102576734579075,0.5483805415595547,0.6777993029757722,0.0,False,8.928493884967326,1.727230152407787
319,East Kameng,Arunachal Pradesh,drowning,50576.417550824764,3.0441010987579467,0.42735947249747924,8.506761142615213,0.6354507436973869,0.5724320130133276,0.7006208287234479,0.0,False,8.079401670117734,1.5395972823770636
320,West Kameng,Arunachal Pradesh,drowning,53955.24875002016,3.146980138685313,0.36145549932887655,7.890067944041232,0.6325530492332593,0.5699272695623135,0.6982475116669143,0.0,False,7.528612444712356,1.69796096194139
321,West Jaintia Hills,Meghalaya,drowning,258720.68768217156,3.744646300953808,0.291590753059704,10.408223725669615,0.5089244893420184,0.3931704851050581,0.629162539933779,0.2285,False,10.11663297260991,9.688174661092692
322,South West Khasi Hills,Meghalaya,drowning,251083.94736663223,4.060440443761372,0.21315177124051707,13.337917103336027,0.5485831400731244,0.44917517482015096,0.6502002109853879,0.089,False,13.12476533209551,10.195114146667253
323,North Garo Hills,Meghalaya,drowning,93197.95902186201,4.795823714961398,0.14079261614573604,18.75859284942878,0.5146619929996133,0.4082282669625453,0.6219559518619853,0.209,False,18.617800233283045,4.469609820630464
324,South West Garo Hills,Meghalaya,drowning,421216.35208125,3.975940600883966,0.2119568863049531,12.231189603798834,0.5326193812647972,0.4158311723741752,0.6486535462292338,0.1595,False,12.01923271749388,16.747311959960776
325,Khowai,Tripura,drowning,459239.625,2.7042517453981416,0.5073084656094643,6.5838691798921385,0.6143012152695192,0.5143618336634145,0.7065243369750615,0.0045,False,6.0765607142826745,12.41899557462238
326,West Tripura,Tripura,drowning,862869.5,2.9168062774804766,0.4065648264909399,7.516309538501022,0.7271944119002786,0.5930560073197686,0.8476930654127598,0.001,False,7.109744712010082,25.1682317424644
327,South Tripura,Tripura,drowning,438000.5,2.8537345614467484,0.4541099591398706,7.783185179911267,0.5664977417549116,0.4624601826868542,0.6728751744430074,0.031,False,7.329075220771396,12.499371647809564
328,Unokoti,Tripura,drowning,459239.625,2.690538289009101,0.4535961337426616,7.081845352645447,0.6146031693332263,0.5198130159576577,0.7109769400871819,0.003,False,6.628249218902785,12.356017948926812
329,Charaideo,Assam,drowning,945623.5151515151,3.9905456026688353,0.06664506331369456,14.191174219914823,0.5579462252679009,0.41692023921782684,0.6952465003069914,0.086,False,14.124529156601128,37.73553760168126
330,Majuli,Assam,drowning,945623.5151515151,8.651702116135915,0.01626202454607905,51.775890705108374,0.5589768934202488,0.42272407354584385,0.6912093776623109,0.0955,False,51.759628680562294,81.81252967104245
331,Biswanath,Assam,drowning,945623.5151515151,2.9957855501929984,0.18757603496290368,9.385581885058267,0.558473507140997,0.424282407247216,0.6931675724049663,0.0745,False,9.198005850095363,28.32885262613619
332,Hojai,Assam,drowning,945623.5151515151,3.191049896947874,0.1267518503957074,10.067482226251917,0.5596340142357469,0.4331494093182004,0.6896874679390207,0.083,False,9.940730375856209,30.17531820575729
333,South Salmara Mankachar,Assam,drowning,1404881.6867724047,4.314381251697275,0.05796943405128629,17.465007881399078,0.5889762102958062,0.4378562449744767,0.7261274433252031,0.067,False,17.40703844734779,60.61195210263706
334,Karbi Anglong,Assam,drowning,773634.3825508899,4.083959450590181,0.06163920377715352,14.27333251165607,0.5508893036529336,0.4177855338043479,0.6786105086850001,0.095,False,14.211693307878917,31.59491447920206
335,West Karbi Anglong,Assam,drowning,773634.3825508899,5.170880689516598,0.036321460105694495,20.845241696388968,0.5513023035190363,0.42230292729224916,0.6805260739388634,0.099,False,20.808920236283274,40.00371089478493
336,Kra Daadi,Arunachal Pradesh,drowning,55349.079999999994,6.076714801387687,0.06616822979064729,29.54160491618413,0.62577606396872,0.564743845942955,0.6910888898387936,0.0,False,29.475436686393483,3.3634057367919117
337,Namsai,Arunachal Pradesh,drowning,55349.079999999994,3.7979976381299494,0.18527191460298176,13.959927062197098,0.6262589986639115,0.5639782803639666,0.6929625025911997,0.0,False,13.774655147594116,2.102156751126656
338,Longding,Arunachal Pradesh,drowning,55349.079999999994,3.157836940349439,0.429025435729862,9.925180123480445,0.626324459895167,0.5663659512274108,0.6909145765218451,0.0,False,9.496154687750582,1.747833694383563
339,Imphal East,Manipur,drowning,256563.56249999994,1.9530952756073316,0.27844206074372146,5.126068721578607,0.7275371357252418,0.6254042802470039,0.8321685477146228,0.0,False,4.8476266608348855,5.010930818117362
340,Jiribam,Manipur,drowning,178487.12499999997,1.7454355124041168,0.376778080129676,3.8266092152558966,0.6285559156742256,0.5565204091363208,0.701749124074499,0.0,False,3.4498311351262205,3.115377664819126
341,Kangpokpi,Manipur,drowning,178487.12499999997,1.648320995631811,0.502504984820245,3.0455767461923413,0.6287677412899132,0.5530419528165588,0.7056214584887522,0.0,False,2.5430717613720963,2.9420407558745945
342,Thoubal,Manipur,drowning,237469.49999999994,1.7917589822227973,0.3835833649293118,4.148219366980842,0.6978886441234947,0.6061554445090795,0.790036356434756,0.0,False,3.7646360020515304,4.254881096289565
343,Tengnoupal,Manipur,drowning,178487.12499999997,1.7381217338960424,0.44693751497244183,3.743707304471467,0.6292336570456589,0.5544217739234479,0.7035411454599492,0.0,False,3.296769789499025,3.102323511831196
344,Ukhrul,Manipur,drowning,103498.87499999999,2.258061494141121,0.18601103152269513,7.6647810436359265,0.5468001936140863,0.45854467127457377,0.6437246986511006,0.031,False,7.478770012113231,2.3370682432442504
345,Noney,Manipur,drowning,178487.12499999997,1.7026634406262462,0.4614281611862558,3.6409142558535432,0.6281188930921615,0.5531061027323649,0.7017471796233674,0.0,False,3.1794860946672876,3.0390350235998684
346,Pherzawl,Manipur,drowning,178487.12499999997,1.7159544029103126,0.39614653627988256,3.7403932027735367,0.6288426052000557,0.5521158743570076,0.7014797664538078,0.0,False,3.344246666493654,3.062757680065533
347,Upper Siang,Arunachal Pradesh,drowning,22701.220839943202,3.2614685440871662,0.3412537979545759,10.574813540820342,0.5926020961074915,0.5298244326948169,0.6623815320605889,0.0,False,10.233559742865767,0.7403931768185079
348,Lower Siang,Arunachal Pradesh,drowning,34758.83417395607,2.9032594002753176,0.5419879047098756,6.892408197992178,0.6238946035456111,0.563585723634012,0.6879340669047381,0.0,False,6.350420293282302,1.0091391205814892
349,Upper Dibang Valley,Arunachal Pradesh,drowning,5144.410294532995,3.6800704100326467,0.22123390434817103,12.345498574285202,0.698391365752708,0.6267146712456386,0.783067798198926,0.0,False,12.12426466993703,0.18931792101978206
350,Lower Dibang Valley,Arunachal Pradesh,drowning,34758.83417395607,2.8530478758426487,0.46967354942021206,6.772163614984553,0.6238515798818999,0.5661698842172544,0.686164604673987,0.0,False,6.302490065564341,0.9916861800677224
351,Siang,Arunachal Pradesh,drowning,72161.85924642648,3.0764748286179757,0.3295111233458917,7.572772339686001,0.6426076431080581,0.5781154042095656,0.7096971396800109,0.0,False,7.243261216340109,2.2200414355790437
352,Shi Yomi,Arunachal Pradesh,drowning,55349.079999999994,2.81576124272968,0.5277981521585845,6.488923583320254,0.6258225089346081,0.5658200693514579,0.6903809321241817,0.0,False,5.96112543116167,1.5584979428474446
353,Pakke Kessang,Arunachal Pradesh,drowning,55349.079999999994,2.768162253982121,0.5569846706610785,6.34559839624136,0.6260127615114907,0.566274743761796,0.6934433286057967,0.0,False,5.788613725580281,1.532152340486367
354,West Siang,Arunachal Pradesh,drowning,72161.85924642648,2.9191632462688806,0.4908783583748361,7.4884476497711026,0.6429099054028454,0.5800488134496464,0.7104373657776222,0.0,False,6.997569291396267,2.1065224729459633
355,Lepa Rada,Arunachal Pradesh,drowning,55349.079999999994,2.9177522079109703,0.4629626876262543,8.171162423339139,0.6257529126342911,0.5620144102800756,0.6921301037323392,0.0,False,7.708199735712884,1.614949003758409
356,Kamle,Arunachal Pradesh,drowning,55349.079999999994,2.6979249587423833,0.6104139959941289,5.365808639288881,0.6260376069240907,0.5669081347147966,0.6895756566158329,0.0,False,4.755394643294752,1.4932766437542886
357,North and Middle Andaman,Other Union Territories,drowning,105597.0,5.429378888847314,4.478519897488153,6.612131395746609,0.842787495697008,0.730982384382258,0.920302784365064,0.0,True,2.133611498258456,5.733261225256098
358,South Andaman,Other Union Territories,drowning,238142.0,5.429378888847314,4.478519897488153,6.612131395746609,0.842787495697008,0.730982384382258,0.920302784365064,0.0,True,2.133611498258456,12.92963147347877
359,Nicobars,Other Union Territories,drowning,36842.0,5.429378888847314,4.478519897488153,6.612131395746609,0.842787495697008,0.730982384382258,0.920302784365064,0.0,True,2.133611498258456,2.0002917702291274
360,Amroha,Uttar Pradesh,drowning,2664164.546666667,2.2127437724541164,0.3935556697252109,6.178363225863832,0.5951304230711371,0.4048463835594855,0.7692678567605035,0.0385,False,5.784807556138621,58.951135094297115
361,Churu,Rajasthan,drowning,2035714.9872674257,5.184429214821709,1.142661968044297,12.728057029639102,0.6569515851902342,0.4753897580270394,0.8122722852567051,0.0315,False,11.585395061594804,105.54020253039644
362,Hapur,Uttar Pradesh,drowning,2463647.2185003962,2.616477666896142,0.20583725576706352,9.913526090586611,0.5316804081229208,0.3307211176795381,0.722034571106452,0.105,False,9.707688834819548,64.46077926317086
363,Delhi,Delhi,drowning,16787941.0,1.141028098106383,0.9495374090810097,1.462636094601363,0.9150755653106917,0.723056607410404,0.9925928423687026,0.0,False,0.5130986855203533,191.5551239035217
364,Jhajjar,Haryana,drowning,922452.9615350218,4.389114609324132,0.8995294192236878,10.681467517120852,0.6388202473224296,0.5170419001874115,0.7487503252151531,0.011,False,9.781938097897164,40.48751769887675
365,Bareilly,Uttar Pradesh,drowning,4162665.669948758,2.495623477778366,0.2555367536326982,8.398322611877665,0.6881579958771694,0.4620910543076963,0.8686612262905223,0.016,False,8.142785858244967,103.88446176066131
366,Pilibhit,Uttar Pradesh,drowning,1900566.7290624739,2.1838950840682165,0.36275702511254987,5.776272045805047,0.5833615266530349,0.41340141005951564,0.7529152021539546,0.033,False,5.413515020692498,41.50638336543146
367,Bulandshahr,Uttar Pradesh,drowning,3274438.730098058,2.470712305451355,0.30896593145397044,8.141168220512906,0.6190577612623319,0.41055540665604806,0.8021181476185121,0.0305,False,7.832202289058936,80.9019606389978
368,Gautam Buddha Nagar,Uttar Pradesh,drowning,1542265.750275011,3.8451035693714326,0.07186826877884211,17.72383789618706,0.8346630793208824,0.6639308876413773,0.9521495079928446,0.0,False,17.651969627408217,59.30171541301755
369,Lakhimpur Kheri,Uttar Pradesh,drowning,3762980.952441508,7.712535697446115,0.028956852150023537,58.148986598678526,0.5328401488001074,0.297753809420598,0.7644851314187192,0.1595,False,58.1200297465285,290.22124924514907
370,Jhunjhunu,Rajasthan,drowning,2133029.802679181,5.194432875602468,0.9406588563882867,13.559201820015032,0.6107803494396217,0.4215804700350337,0.7691681795860772,0.093,False,12.618542963626744,110.79880131676583
371,Gurugram,Haryana,drowning,1152339.1818181819,4.225183199124414,1.0054421881891924,10.19479388996028,0.6873414468596291,0.5531857629271831,0.8052879703029298,0.0015,False,9.189351701771088,48.68844150710956
372,Faridabad,Haryana,drowning,1741845.6346092306,7.9848605731541555,0.17500313549430846,37.232973709533404,0.8798218782877366,0.7075602126239997,0.9771222148380513,0.0,False,37.057970574039096,139.08394532311925
373,Mahendragarh,Haryana,drowning,887498.2981056079,4.789417214994763,0.4750396249633601,13.210288916755859,0.5653732814971154,0.44039276312623743,0.68902425584103,0.1005,False,12.735249291792499,42.50599627225552
374,Rewari,Haryana,drowning,866558.4171250664,4.439955400634352,0.8742006125735402,11.306098751659471,0.6296219153450788,0.5123357954135115,0.7419429137478237,0.01,False,10.43189813908593,38.47480724079594
375,Budaun,Uttar Pradesh,drowning,3445428.3207631516,2.222750492297125,0.37196145256503627,6.320058893021706,0.5715562748812799,0.3565866268462797,0.7731963426879263,0.058,False,5.94809744045667,76.58327496150751
376,Jaisalmer,Rajasthan,drowning,668660.3194509401,5.558495262508991,0.7004791963467825,15.415530281668827,0.5640717143677403,0.4509748957393736,0.6803374754025086,0.1145,False,14.715051085322045,37.167452178957994
377,Bahraich,Uttar Pradesh,drowning,3263733.4575999943,3.1689176071320873,0.14780104669078023,12.573744733044698,0.5039501825955294,0.27866886341260577,0.7268667466974786,0.1495,False,12.425943686353918,103.42502418774708
378,Nuh,Haryana,drowning,1152339.1818181819,4.210210251195729,0.9930359785093505,9.873485090654047,0.6849919994373629,0.5390281951848723,0.8033742469879801,0.0065,False,8.880449112144696,48.51590236145408
379,Shahjahanpur,Uttar Pradesh,drowning,2813444.804701329,2.291671446561131,0.372297789907432,6.6964665736144555,0.5911190109408485,0.3944873885782737,0.7769799413904344,0.0435,False,6.324168783707023,64.47491125409795
380,Sikar,Rajasthan,drowning,2672302.679960628,5.41439891416802,1.1758659356641306,15.298512412212439,0.6259150894811112,0.4233697224749997,0.7925650971008009,0.0825,False,14.122646476548308,144.68912728707113
381,Palwal,Haryana,drowning,1003593.5566031683,4.437046822058364,0.8073999649325189,11.347509831137009,0.626516127009442,0.4993595241016861,0.7463519969944528,0.0165,False,10.54010986620449,44.52991600964339
382,Alwar,Rajasthan,drowning,3667275.751038463,5.286618018134954,0.9015257599446393,13.731571809528377,0.6019571830551853,0.37533419010578006,0.7987970062635918,0.131,False,12.830046049583737,193.87486062909335
383,North Sikkim,Sikkim,drowning,152644.25,3.3503253697481346,1.0337391238916638,6.6208621770959875,0.6361374618710512,0.5649029559691287,0.7089479738105642,0.0,False,5.587123053204324,5.114079033211767
384,Aligarh,Uttar Pradesh,drowning,3437935.5657900753,2.2542444018128953,0.3051258154331563,6.348894368328452,0.6649002922987131,0.45622338845466126,0.8355287413661165,0.016,False,6.043768552895296,77.49947002975726
385,Kasganj,Uttar Pradesh,drowning,2664164.546666667,2.2504197203866707,0.3347405172853324,6.074721628492025,0.5946288883346653,0.39521704383229234,0.774480823007719,0.0375,False,5.739981111206692,59.95488434173682
386,Mathura,Uttar Pradesh,drowning,2383592.5544324904,2.1278165312918427,0.3670431739134086,5.464843319786553,0.6565115382321154,0.47037123586666785,0.8181106611393317,0.012,False,5.097800145873144,50.718476411856045
387,Jaipur,Rajasthan,drowning,6613728.373458272,7.339315805867373,0.3730753057049469,27.528483136327452,0.7945597477778761,0.5200755626459443,0.9483554411770259,0.0105,False,27.155407830622504,485.40241187035804
388,Shrawasti,Uttar Pradesh,drowning,1045599.1244500758,3.6295301091162364,0.10283363754385738,16.591443290032544,0.47049943341943107,0.2989207328150531,0.6430071454767093,0.226,False,16.488609652488687,37.95033504257125
389,Jodhpur,Rajasthan,drowning,3680237.352229636,5.499426592328,0.9736170310216551,14.995788184119505,0.6846556289442777,0.46685804446776313,0.8543258937468017,0.041,False,14.02217115309785,202.39195160930447
390,Sitapur,Uttar Pradesh,drowning,4196010.16076375,2.6844064208335303,0.19737365632240475,9.838356955793616,0.5290689035778636,0.2902891052873928,0.7713957802465008,0.12,False,9.64098329947121,112.63796617436944
391,Bharatpur,Rajasthan,drowning,2543673.8098614635,5.374664984170464,1.0041247800387416,14.917243110285636,0.6007503666410313,0.3993943816124168,0.7809742917531652,0.1135,False,13.913118330246894,136.71394557013886
392,Hathras,Uttar Pradesh,drowning,2664164.546666667,2.1585623098897733,0.39427805890832035,5.781841873995619,0.5930527871546424,0.40337122637349543,0.7720857617783279,0.0355,False,5.387563815087299,57.50765177779241
393,Nagaur,Rajasthan,drowning,3301528.2310870583,5.36568850223864,0.9921055856607425,14.852889586783506,0.5911339361868895,0.36367404784118207,0.7760081445411271,0.163,False,13.860784001122765,177.149720693601
394,Etah,Uttar Pradesh,drowning,1660515.0299269175,2.132937891269595,0.3679103920465476,5.598424223990953,0.5669018823055407,0.4058520240845593,0.7284080392032787,0.032,False,5.230513831944406,35.41775426353788
395,Hardoi,Uttar Pradesh,drowning,3829984.354662343,2.4127722256995066,0.2805205981433441,7.275698623645092,0.5385210869158779,0.29926541401746415,0.7671820626049384,0.0815,False,6.995178025501748,92.40879875792949
396,Farrukhabad,Uttar Pradesh,drowning,1764127.8439195396,2.158496401944417,0.39386917817847295,5.534028442834043,0.6098901688299636,0.4377207854412939,0.7555799811493221,0.015,False,5.14015926465557,38.07863603670288
397,West Sikkim,Sikkim,drowning,152644.25,3.4100810080446755,1.0325738072150636,6.9014431864539825,0.6359955321418507,0.5660095428124281,0.7078861102192221,0.0,False,5.868869379238919,5.205292579122235
398,South Sikkim,Sikkim,drowning,152644.25,3.323043368521756,1.1140143962916784,6.315902208593788,0.6356535744094708,0.5634431474311387,0.7095613396826607,0.0,False,5.201887812302109,5.07243462705477
399,East Sikkim,Sikkim,drowning,152644.25,3.4681546945608637,0.9601129550565561,7.440848425883637,0.6360747439336726,0.5662618417089721,0.7060280126399959,0.0,False,6.480735470827081,5.293938722352221
400,Firozabad,Uttar Pradesh,drowning,2337713.349883971,2.289211144374515,0.34296778294835367,6.746336624792501,0.6822639795350762,0.5022126524733211,0.8340202099518802,0.006,False,6.403368841844147,53.515194529074655
401,West Champaran,Bihar,drowning,3995256.9749684567,4.946711992729849,0.3460521443604273,18.290196264514687,0.513391267083288,0.27318587050275167,0.7567697200871675,0.2515,False,17.94414412015426,197.63385592114042
402,Siddharthnagar,Uttar Pradesh,drowning,2394927.603887826,2.522481368726776,0.18429304172286487,8.114309885164193,0.4922658377015588,0.28020217176427814,0.7047600202976371,0.1375,False,7.9300168434413285,60.411602602565026
403,Mainpuri,Uttar Pradesh,drowning,1748523.7863229301,2.1618234923912234,0.3426410161527545,6.0397511034970295,0.571504587270367,0.3994444727730002,0.7365761772929109,0.0345,False,5.697110087344275,37.79999798277762
404,Maharajganj,Uttar Pradesh,drowning,2512279.4747700086,2.5890470881556373,0.21174758977853628,9.129160455518745,0.48620689215041973,0.2730973360411251,0.6994896067818532,0.1455,False,8.917412865740209,65.04409858786465
405,Agra,Uttar Pradesh,drowning,4135002.272607171,2.4582997799257935,0.2528620374849009,8.138448230501025,0.7356381121850193,0.5003735319158554,0.9013851403395289,0.011,False,7.885586193016124,101.65075176742864
406,Gonda,Uttar Pradesh,drowning,3213377.502734103,2.6417916767105654,0.21152887764630246,9.509062404042208,0.4976142006325835,0.27382203043157044,0.7243917826361902,0.146,False,9.297533526395906,84.89073940851935
407,Barabanki,Uttar Pradesh,drowning,3051282.458842968,2.339138797131234,0.2601552587224153,6.843152194450218,0.523685505011095,0.30965724885097956,0.7388730612484614,0.091,False,6.582996935727802,71.37373180485575
408,Darjeeling,West Bengal,drowning,1421462.944529197,1.299451356619464,0.24059808106274533,3.3624015654468096,0.723567955197699,0.5650228180348441,0.8512320949740718,0.0,False,3.1218034843840643,18.47121951652763
409,Dausa,Rajasthan,drowning,1631338.182755664,5.868679048725779,0.7562299851541193,18.069938860584656,0.5474701129697073,0.37810596825352505,0.7055078451104505,0.2105,False,17.31370887543054,95.73800214524552
410,Kushinagar,Uttar Pradesh,drowning,3335613.1863057427,2.5479717701445352,0.2003671831576532,9.048862301523432,0.48662104772493026,0.2643448518485127,0.7104984707038488,0.1285,False,8.84849511836578,84.99048234828898
411,Kannauj,Uttar Pradesh,drowning,1550220.7783786857,2.1651396424013956,0.37625697291297316,5.851169713515339,0.5747049137246861,0.41842532365535484,0.7249844174479665,0.0275,False,5.474912740602366,33.564444617420406
412,Lucknow,Uttar Pradesh,drowning,4295058.261535606,4.093588131895857,0.07244081159125022,21.0964452567046,0.8295036180597354,0.617881978637354,0.9613619172671154,0.0005,False,21.024004445113352,175.82199525223413
413,Jalpaiguri,West Bengal,drowning,2980852.566200509,1.5770234167777808,0.1167151136855143,5.687625411753077,0.6339878018633497,0.4320037206532427,0.8073618677914632,0.005,False,5.570910298067562,47.00874298860344
414,Basti,Uttar Pradesh,drowning,2306185.199446492,2.514631698150067,0.1927569363644057,8.543000497754301,0.48814892323298786,0.27177935478277493,0.7033238382082739,0.1415,False,8.350243561389895,57.992064043326835
415,Gorakhpur,Uttar Pradesh,drowning,4155681.0411091126,2.209306088719887,0.34307227453443523,6.913535587724973,0.5824604243948492,0.3498234537942413,0.7934718556071022,0.049,False,6.570463313190538,91.81171426900161
416,Sant Kabir Nagar,Uttar Pradesh,drowning,1605026.346070477,2.391601003193888,0.20421013589502218,7.0334856615900305,0.5023908913331588,0.3219282651461746,0.6827328436279663,0.1105,False,6.829275525695008,38.38582619414773
417,Karauli,Rajasthan,drowning,1455508.1637014244,5.986881120554545,0.7080283467809815,19.06083134733362,0.5643774050092454,0.40194806456000376,0.7180634491337579,0.149,False,18.35280300055264,87.13954346077072
418,East Champaran,Bihar,drowning,3995256.9749684567,5.091031563924957,0.3590309097226849,21.406833648567574,0.5093357508715796,0.2748818143011942,0.7367601316549938,0.252,False,21.04780273884489,203.39979365555752
419,Unnao,Uttar Pradesh,drowning,2908733.8950164793,2.253047025967803,0.3008092448031364,6.560659579380271,0.5648373524408159,0.3615252165825041,0.7593692917960775,0.0465,False,6.259850334577135,65.53514251498622
420,Etawah,Uttar Pradesh,drowning,1480219.1512379386,2.0742899999528115,0.39605251829970733,5.265554447452594,0.6210300301077054,0.4748965180830856,0.7545661826067348,0.0065,False,4.869501929152887,30.704037831514942
421,Dholpur,Rajasthan,drowning,1333041.6935525378,5.256827005365535,1.012985884101261,14.142827616239297,0.5914293910489522,0.43190683158837073,0.7358635675999412,0.0865,False,13.129841732138036,70.07569573945189
422,Kanpur Nagar,Uttar Pradesh,drowning,4287038.664917739,3.7855018221575145,0.09344102684427669,20.468548179611183,0.8216663919395246,0.5715185972197854,0.9575087661642847,0.0015,False,20.375107152766905,162.2859267770582
423,Auraiya,Uttar Pradesh,drowning,1290944.5059738792,2.2149760953152935,0.3266979260095503,6.132282540232386,0.5780775206277455,0.433841970107445,0.7194465349312177,0.0235,False,5.805584614222836,28.594112211107536
424,Morena,Madhya Pradesh,drowning,1867019.7859818377,10.386418478684753,1.1826187211345776,31.298670573028588,0.6126595574091307,0.43842404710512184,0.7678857572995073,0.088,False,30.11605185189401,193.91648805191812
425,Barmer,Rajasthan,drowning,2598858.929856751,6.402560107832085,0.6168649259887778,21.21987344471516,0.5176327228101179,0.3242103481710859,0.7197038941457947,0.3105,False,20.60300851872638,166.39350510184016
426,Ayodhya,Uttar Pradesh,drowning,2664164.546666667,2.1425987930310173,0.36205349585104424,5.8802203763066,0.5961363686666608,0.4079765086544495,0.7713654686042452,0.0315,False,5.5181668804555555,57.082357421240275
427,Kanpur Dehat,Uttar Pradesh,drowning,1680825.1028550619,2.356745819065439,0.26145747421784216,6.759971286502991,0.5228645025042995,0.34204195232701795,0.6982097314554112,0.0935,False,6.498513812285149,39.61277533733904
428,Bhind,Madhya Pradesh,drowning,1617290.2082056182,10.408723290805321,1.2239760235569468,30.931120194820497,0.621526163651147,0.47040763035686867,0.7622589393051372,0.0545,False,29.70714417126355,168.33926258141207
429,Sawai Madhopur,Rajasthan,drowning,1333041.6935525378,5.448861920124014,1.0383209329780578,14.442575817696223,0.5914614989913091,0.44311887376941034,0.729790683631749,0.091,False,13.404254884718165,72.6356012193605
430,Deoria,Uttar Pradesh,drowning,2901789.5045262584,2.5169800192469185,0.23548942978704046,8.204652030066134,0.5178476033455571,0.29605470227562297,0.730739366866443,0.1015,False,7.969162600279093,73.03746202953009
431,Sitamarhi,Bihar,drowning,3461167.900807432,3.99531051719146,0.6439140432060898,12.12534353330775,0.48656520932640046,0.2632254364313797,0.7140172300561807,0.295,False,11.481429490101661,138.2844051586142
432,Tonk,Rajasthan,drowning,1418655.5347794688,5.165169215118034,1.068914578419244,12.390178830669745,0.6005689715043504,0.4487568515401421,0.7371292525765576,0.0795,False,11.3212642522505,73.27595895099724
433,Sheohar,Bihar,drowning,663452.1673062344,4.098538821483056,0.5644530959876339,11.806306351458389,0.4796436700234245,0.32413130030861,0.6325965426566169,0.346,False,11.241853255470755,27.191844639016733
434,Sultanpur,Uttar Pradesh,drowning,3553249.317485126,2.5676889729699366,0.23785362707257635,8.430283960917183,0.4867108902747699,0.2560652595363144,0.7336046684769587,0.1435,False,8.192430333844607,91.23639090719512
435,Pali,Rajasthan,drowning,2033744.6961268608,5.183361108829929,1.0888133197320846,12.834109746851444,0.6001917908261194,0.4134217157486198,0.7664759868128815,0.117,False,11.74529642711936,105.41633163193111
436,Gopalganj,Bihar,drowning,2590145.1804118883,3.769121666811358,0.6221309008905883,10.189278580019984,0.4952206183997571,0.2941019893982989,0.7146222211488167,0.3,False,9.567147679129395,97.62572319677463
437,Ambedkar Nagar,Uttar Pradesh,drowning,2243885.005230488,2.3256206697749953,0.2519045802264695,7.166317919495493,0.5294226141944357,0.3344888129367217,0.7124827793182351,0.0895,False,6.914413339269024,52.18425348762196
438,Rae Bareli,Uttar Pradesh,drowning,3186838.9076252664,2.4406523484997016,0.253805898293771,7.802233634983883,0.5121226620353675,0.30437171407925107,0.7300579109195902,0.103,False,7.548427736690112,77.77965864185829
439,Jalaun,Uttar Pradesh,drowning,1581436.3797764485,2.0974973795850698,0.3545094828161155,5.732393067044172,0.6108820605460795,0.4458662257633907,0.7517560525459368,0.0175,False,5.377883584228057,33.170586625616
440,Azamgarh,Uttar Pradesh,drowning,4317587.058335508,2.4429534512645703,0.2254282043751126,7.749012660668202,0.5036541258582069,0.2511294369640074,0.7739594582759121,0.122,False,7.52358445629309,105.47664205295973
441,Gwalior,Madhya Pradesh,drowning,1929760.5852720994,14.491222095533486,0.48678975577674766,57.95019781741437,0.8167093300640482,0.6488211806879742,0.9417877770209301,0.0,False,57.46340806163762,279.6458923238468
442,Sheopur,Madhya Pradesh,drowning,653239.9258408077,9.976648528296591,1.0334836241196148,27.806476180080413,0.5538491378766827,0.42929913190223623,0.6736797287741813,0.191,False,26.772992555960798,65.1714514476427
443,Mau,Uttar Pradesh,drowning,2064290.9582175184,2.170619079444916,0.38143596446913175,5.6428729238125195,0.6011438871420022,0.41299280059345944,0.7754208140428038,0.0175,False,5.261436959343388,44.807893394325724
444,Fatehpur,Uttar Pradesh,drowning,2463647.2185003962,2.7415006836983156,0.17993433370804648,10.241151187610416,0.5307661050510994,0.33062200292312377,0.7224159667890883,0.1075,False,10.06121685390237,67.54090533910289
445,Ballia,Uttar Pradesh,drowning,3031701.355082305,2.6687327283011157,0.22587110916548145,9.97042900364782,0.519455279156851,0.29684584424377114,0.7308191193927266,0.117,False,9.744557894482337,80.9080062874299
446,Jaunpur,Uttar Pradesh,drowning,4205566.300864294,2.3948026904921558,0.24271802097737835,7.445721961415969,0.499066351826989,0.2774129188774257,0.7396959004570601,0.124,False,7.203003940438591,100.71501492352954
447,Bhilwara,Rajasthan,drowning,2403997.734927561,5.240585278379549,1.1018607386105739,13.220199301944069,0.601755180806299,0.42245789543621576,0.7608449781005552,0.093,False,12.118338563333495,125.98355138919158
448,Samastipur,Bihar,drowning,4308361.801547834,4.097005941121104,0.5784421747771774,12.48662286434455,0.4752683650811724,0.23212620384667446,0.7326530084337403,0.321,False,11.908180689567374,176.51383897440698
449,Jalore,Rajasthan,drowning,1825294.0818061852,5.723935529252765,0.7534729281811379,16.152571118513176,0.5230887025018117,0.34419109216734756,0.6980974752011283,0.3055,False,15.399098190332039,104.47865646185227
450,Bundi,Rajasthan,drowning,1108818.7688958906,5.656257960096467,0.8379558334243357,16.858236623934726,0.5971680783370871,0.46628965801935796,0.7227140878431662,0.0505,False,16.02028079051039,62.71764987871746
451,Katihar,Bihar,drowning,3104751.6417780793,3.9333939713074098,0.6582943465837153,11.29991912469004,0.5119646548722399,0.29323652431165875,0.7352114724157168,0.2595,False,10.641624778106324,122.1221139017668
452,Jhansi,Uttar Pradesh,drowning,1870243.8575565952,2.245793231014464,0.33248234859987946,6.6165110540607435,0.7058117106712481,0.5307735186514748,0.8457200664508736,0.002,False,6.284028705460864,42.001809956469806
453,Shivpuri,Madhya Pradesh,drowning,1639175.3188471599,9.816361005705545,1.3143892732551354,25.523584610831698,0.5604445269760083,0.39237299629563,0.7196870402073965,0.2285,False,24.209195337576563,160.90736681446214
454,Kota,Rajasthan,drowning,1947348.3279221167,7.5769661393422645,0.38626134721657157,33.99601134969825,0.813511661829939,0.6335823303184334,0.9388011706596907,0.0015,False,33.609750002481675,147.54992342170655
455,Banda,Uttar Pradesh,drowning,1683843.9148374705,2.730600267131691,0.1761026675059263,10.659346892070038,0.5549826210124718,0.3734644871545421,0.7189749623198572,0.0785,False,10.483244224564112,45.97904643663269
456,Ghazipur,Uttar Pradesh,drowning,3387758.344057674,2.6016587528667015,0.22380940560967105,8.854095921479672,0.5044569633983272,0.2640365508479035,0.725917340018615,0.129,False,8.63028651587,88.1379114841485
457,Kaushambi,Uttar Pradesh,drowning,1496862.8554906098,2.4495559737539367,0.23193365022823495,7.60711808568955,0.5066883906829495,0.3241096508481484,0.6773541438999263,0.1155,False,7.375184435461316,36.66649349557399
458,Khagaria,Bihar,drowning,1685189.8973135375,3.8303760866908987,0.7668457236507344,10.206639788609994,0.48431896541557296,0.29843345085993817,0.6654673294206433,0.322,False,9.43979406495926,64.54911084202865
459,Bhojpur,Bihar,drowning,2758367.3461529687,3.68865019758583,0.8803021252512861,9.445731897716296,0.5503128794615062,0.34657022259777753,0.7468811786523436,0.1775,False,8.56542977246501,101.7465225640145
460,Prayagraj,Uttar Pradesh,drowning,4135002.272607171,2.5930599421151945,0.26152503258543874,9.304612388963813,0.7355618031856616,0.5114446972652965,0.9008761448714574,0.0045,False,9.043087356378374,107.22308753652949
461,Buxar,Bihar,drowning,1725089.2692486166,3.8176428024183897,0.8354378738179667,9.846263861894252,0.521180421748101,0.34474433636781016,0.7012092561226445,0.2295,False,9.010825988076286,65.8577463227618
462,Dakshin Dinajpur,West Bengal,drowning,1290196.309447968,1.682342181686798,0.08073613407234193,5.907593819135443,0.5522082973486643,0.3993914932278172,0.699531961641099,0.0305,False,5.826857685063102,21.705516740409493
463,Malda,West Bengal,drowning,3070134.690206135,1.639944518832586,0.09742052876967291,5.4680984548751725,0.5312928169334944,0.30444550327716674,0.7364476286239962,0.0435,False,5.3706779261054995,50.34850557281331
464,Tikamgarh,Madhya Pradesh,drowning,1372428.6311735318,10.408037271036621,0.9162520047963785,30.733520490285766,0.5614039238104362,0.40860503219503524,0.7127468027753745,0.1855,False,29.817268485489386,142.84288345091892
465,Varanasi,Uttar Pradesh,drowning,3440697.975266848,2.490030908547716,0.23386616294159981,8.552471644089355,0.7213375669634841,0.4996115967277452,0.8872011506767679,0.0075,False,8.318605481147754,85.67444305391997
466,Darbhanga,Bihar,drowning,3980621.0045761154,4.098820268114039,0.5690393877403302,12.531452377224062,0.5101377789783313,0.26423338697292365,0.7556992814492415,0.2685,False,11.962412989483731,163.1585005323705
467,Saharsa,Bihar,drowning,1921531.9556453445,4.000367307872203,0.586064795872662,11.99732262626456,0.504586663096247,0.31750088846555313,0.6913441699976416,0.264,False,11.411257830391898,76.86833616395377
468,Sirohi,Rajasthan,drowning,1034398.8563120378,5.263486461060293,1.1389123126088543,13.283453822263155,0.606936411621926,0.47261937528572806,0.7300870774539846,0.0495,False,12.144541509654301,54.44544375534662
469,Chitrakoot,Uttar Pradesh,drowning,928036.7040650905,2.4287091329943764,0.20023646071800008,7.5375106734593995,0.5204838255853906,0.37305876061706145,0.6647998935718485,0.091,False,7.3372742127413995,22.539312189168847
470,Chandauli,Uttar Pradesh,drowning,1827341.3550899236,2.2119623240557402,0.31428902434036027,5.965718403510243,0.5383056961060732,0.36680576025052314,0.7108470817798151,0.057,False,5.651429379169882,40.42010230647873
471,Bhadohi,Uttar Pradesh,drowning,1476853.1665197974,2.543967590260161,0.24465553935492498,8.751723017270827,0.5441095961453073,0.39128480709316077,0.6989959257713393,0.0695,False,8.507067477915902,37.570665911994574
472,Baran,Rajasthan,drowning,1220457.6208619764,6.738735437402613,0.6209728849907908,26.39953922034412,0.6027431531900322,0.4670508391437883,0.7355955307427446,0.051,False,25.77856633535333,82.24341019550684
473,Sahibganj,Jharkhand,drowning,1191843.0884379183,3.405591521792776,0.6171198924425074,8.715964897804241,0.5460437784522828,0.39819061325090477,0.6970362639382716,0.1185,False,8.098845005361733,40.58930717291493
474,Kaimur,Bihar,drowning,1644243.149172997,3.8392317020878055,0.6935296352478362,9.948760272441138,0.4793863936292877,0.29236769207933655,0.6740410416950816,0.3105,False,9.255230637193302,63.12630424245659
475,Rohtas,Bihar,drowning,2992420.543742338,3.8252487844577265,0.7778195493992094,10.695038783188771,0.5556569378639479,0.3419198607634401,0.7583994515505202,0.1695,False,9.917219233789561,114.46753047536708
476,Udaipur,Rajasthan,drowning,3062654.8842616105,5.248537310546757,0.9287388303014096,14.077813659902752,0.6026581904998242,0.40224849141488633,0.7858842578338294,0.123,False,13.149074829601343,160.74458429375323
477,Godda,Jharkhand,drowning,1360674.0682295912,3.7412141278563236,0.40767120800177864,11.339202893942117,0.4806789372797773,0.30752354020358547,0.6529330925435619,0.283,False,10.931531685940339,50.90573047468286
478,Mirzapur,Uttar Pradesh,drowning,2336603.520060308,2.2056052444892944,0.30671961413318233,6.001036567885101,0.54751968587998,0.34992993867140654,0.7262957545827831,0.06,False,5.694316953751918,51.536249781371616
479,Lalitpur,Uttar Pradesh,drowning,1143135.9476795923,2.255333395652644,0.2557276096715625,6.5982389148195475,0.5488626687767765,0.4061538926703977,0.6855554143426335,0.05,False,6.342511305147985,25.781526785728175
480,Jamui,Bihar,drowning,1779735.8194743,3.850762271772234,0.6880116860389491,11.42457981308793,0.5102602836952158,0.3246759763830188,0.6920837650064775,0.246,False,10.736568127048981,68.53339547353274
481,Neemuch,Madhya Pradesh,drowning,784489.8109058931,11.470927156289871,1.1084785828421981,41.25761331742551,0.6443778638072247,0.5211936030853624,0.7560264565473774,0.0115,False,40.14913473458331,89.98825475753115
482,Banka,Bihar,drowning,2057106.5153990048,3.861836489737383,0.7235893452135441,11.083164501096082,0.47627739347353737,0.2745030571102588,0.6802361302042005,0.321,False,10.359575155882538,79.44209004444392
483,Rewa,Madhya Pradesh,drowning,2246066.6734204288,10.297031568197871,0.8756977808253725,29.518782085589596,0.5590388476703038,0.3654276207612998,0.7424761003586771,0.259,False,28.643084304764223,231.27819440487335
484,Satna,Madhya Pradesh,drowning,2116749.363758057,10.128903072093145,1.1013365795438166,29.49672594878488,0.5922556720878214,0.40735209426253866,0.7549028422210617,0.151,False,28.395389369241066,214.40349133420193
485,Guna,Madhya Pradesh,drowning,1179031.489632286,9.29190476673505,1.5363268042243616,22.573672997267163,0.62590675531168,0.48688426683226477,0.7540566391376274,0.036,False,21.0373461930428,109.55448318644963
486,Nawada,Bihar,drowning,2243514.2054488114,3.991807796073521,0.6436671743967942,12.21319056934715,0.5232019826420162,0.3293370991489022,0.7113037417407924,0.2265,False,11.569523394950355,89.55677495912256
487,Gaya,Bihar,drowning,4439639.692504958,4.131038029307257,0.4971979562225022,13.033560780587287,0.5395985288979537,0.29348394779951537,0.7788129885233909,0.2025,False,12.536362824364785,183.4032040615996
488,Ashoknagar,Madhya Pradesh,drowning,802537.3111285815,9.573541498682197,1.2199099672273768,25.3562159673153,0.5749245008179064,0.4408191585378448,0.6927144500357884,0.1205,False,24.136306000087924,76.831242523303
489,Banaskantha,Gujarat,drowning,2516030.3250798224,4.902127384638129,0.2754019470105614,17.893723868368557,0.5707956082332966,0.36843658370092625,0.7536069038416783,0.131,False,17.618321921357996,123.3390115715377
490,Jhalawar,Rajasthan,drowning,1408477.6934621735,5.680688839482474,0.8186127969674334,16.92195740393694,0.5726770426002865,0.41176956641323126,0.7238470422762521,0.1355,False,16.103344606969507,80.01123513910585
491,Murshidabad,West Bengal,drowning,5467659.009871071,1.6488673653215664,0.09410717702756469,6.135256086102172,0.5407467774985264,0.28028992903764144,0.8021867924040597,0.047,False,6.041148909074607,90.15444506082838
492,Sonbhadra,Uttar Pradesh,drowning,1742937.2061818952,2.3299969747076466,0.3132223333966449,7.53385341445587,0.5967350101430802,0.435921013357952,0.7411431621485606,0.0235,False,7.220631081059225,40.610384175092136
493,Pakur,Jharkhand,drowning,932724.2458522166,3.669074649731222,0.43419649374254193,10.689840914772635,0.5013041211975747,0.3464340206207746,0.6547429143353923,0.2265,False,10.255644421030093,34.22234885646039
494,Mandsaur,Madhya Pradesh,drowning,1272946.1071876483,10.651326613496021,1.285521321346051,32.42800819818234,0.5994239088511207,0.4522872304808205,0.7406181554605401,0.0875,False,31.14248687683629,135.58564749033957
495,Munger,Bihar,drowning,1382784.2815279814,4.017297565827705,0.5824151751526621,12.232969020088218,0.6423101755665372,0.49433031006783185,0.7702767802650575,0.0165,False,11.650553844935557,55.55055928247172
496,Giridih,Jharkhand,drowning,2533204.311313144,3.7658281686454433,0.41199683179058216,10.948680333672993,0.49865779807322547,0.3044453821298812,0.7130754030888196,0.2485,False,10.536683501882411,95.39612152477119
497,Dumka,Jharkhand,drowning,1368848.1544069834,4.045967931844833,0.31510138407895216,12.925648452515688,0.49428158994066707,0.3164162863908421,0.666043702709833,0.273,False,12.610547068436736,55.3831573629564
498,Singrauli,Madhya Pradesh,drowning,1118968.7555192488,9.629061202999392,1.4292444559107067,26.152221139598304,0.5938232282498518,0.4554765531158284,0.728095836989867,0.092,False,24.722976683687598,107.7461863113891
499,Birbhum,West Bengal,drowning,2695730.7239355575,1.5945640654905802,0.08441241768597565,5.550674799488099,0.5372146382328113,0.34020032778560294,0.7288353218366076,0.0365,False,5.466262381802123,42.98515342626548
500,Deoghar,Jharkhand,drowning,1545600.4669826531,3.611317620320452,0.4649484215042131,10.662521583545821,0.5825787339182075,0.41718934801937035,0.7420563242707152,0.0865,False,10.197573162041609,55.81654200389974
501,Palamu,Jharkhand,drowning,2009460.952838884,3.4688091814562236,0.489409586264758,9.624749952873898,0.5289133717906055,0.3555048125365849,0.6984286830163943,0.1715,False,9.13534036660914,69.70436602985292
502,Sidhi,Madhya Pradesh,drowning,1070307.7414479714,11.151271764453602,0.7417168362147619,35.11898779321688,0.5160592867956622,0.3551592174647441,0.6669266938202312,0.388,False,34.37727095700212,119.35292496484871
503,Chatra,Jharkhand,drowning,1080299.0796091552,3.5877542702247,0.40078542744063456,9.939532911265278,0.4936814485347213,0.33590029085212264,0.6543312777768662,0.2435,False,9.538747483824643,38.7584763598756
504,Garhwa,Jharkhand,drowning,1370238.2980706587,3.795822017307182,0.3388516268030152,11.987689090735882,0.49166421235905566,0.3094916573212102,0.6683176925997816,0.2505,False,11.648837463932868,52.011807007741275
505,Sagar,Madhya Pradesh,drowning,2258746.6472666366,9.37089560915473,1.6222819571940177,24.026059386324686,0.6408482927743585,0.4732865824596002,0.787982764167082,0.0455,False,22.403777429130667,211.6647903906389
506,Patan,Gujarat,drowning,1083438.2285567822,4.289103080338096,0.3736173553708485,13.409419772748391,0.6251502954406342,0.4988014347121388,0.742965748442298,0.016,False,13.035802417377543,46.469782434589455
507,Damoh,Madhya Pradesh,drowning,1200588.9646404434,10.251835754864068,1.1748986549983855,28.77588787062171,0.5763419749557293,0.4312882796473752,0.717474595784409,0.1345,False,27.600989215623322,123.0824087459613
508,Shajapur,Madhya Pradesh,drowning,1436545.500124006,9.900818646477543,1.352754446754715,27.791402829016132,0.5840169082306318,0.4229937554186355,0.7357594779688836,0.134,False,26.438648382261416,142.22976474141166
509,Vidisha,Madhya Pradesh,drowning,1385447.6366751543,9.968809361052198,1.2950505266087136,28.322113929958878,0.6069792668042114,0.4584381834103382,0.7440240309705977,0.0765,False,27.027063403350166,138.11263369734925
510,Mehsana,Gujarat,drowning,1640850.1497764285,3.9901101411188193,0.42185010771251474,11.2830087306464,0.6421548698264669,0.474318136473096,0.7820396319281022,0.028,False,10.861158622933885,65.4717282267926
511,Rajgarh,Madhya Pradesh,drowning,1468010.866619393,9.862899159593987,1.1997592860306199,28.45754677895414,0.5746666210009448,0.41330119973280605,0.722031635149826,0.1655,False,27.25778749292352,144.7884314265525
512,Shahdol,Madhya Pradesh,drowning,1012406.4528467655,9.742630727495257,1.238990215314204,26.893550128857708,0.5900987008989877,0.4549805477791567,0.7167149807457744,0.089,False,25.654559913543505,98.63502216219375
513,Nadia,West Bengal,drowning,3977398.977676301,1.440800243872198,0.1440852762112782,4.608055376340627,0.6358539454726451,0.3857779581757413,0.8393529706103035,0.0085,False,4.463970100129349,57.306374170130454
514,Jamtara,Jharkhand,drowning,819420.2861407531,3.4976279316378913,0.5095338015777968,9.832823888054069,0.523588910909826,0.386519169279624,0.6579550785825401,0.17,False,9.323290086476272,28.66027280556611
515,Dungarpur,Rajasthan,drowning,1385943.112367677,5.804229474515631,0.661308217400116,18.549374686844967,0.512521586768992,0.34509939679615403,0.6774466520486446,0.3135,False,17.88806646944485,80.44331862806399
516,Katni,Madhya Pradesh,drowning,1227011.5913872262,10.157163783839058,0.9953424876244047,29.338875749012868,0.5987694785473421,0.4572577780062355,0.7359725726330376,0.082,False,28.343533261388462,124.62957698389063
517,Dhanbad,Jharkhand,drowning,2780791.7982624588,5.253418249489103,0.14840416560794448,21.066526445203575,0.8028124910214481,0.5870235114364764,0.9435496272940622,0.0005,False,20.91812227959563,146.08662381021622
518,Banswara,Rajasthan,drowning,1794107.786625358,6.116403221077735,0.6625592951523159,19.450500139007833,0.5153951996014602,0.3297998986300872,0.6923177658687588,0.309,False,18.787940843855516,109.73486645075987
519,Umaria,Madhya Pradesh,drowning,612306.3643748773,11.417974217072798,0.894207337655088,38.099739498281835,0.5741439788530377,0.45820485075723677,0.6850826177548137,0.099,False,37.205532160626746,69.91298281381931
520,Latehar,Jharkhand,drowning,753058.0181305574,4.222002824777934,0.23398172572781714,13.705729813827025,0.5089083617856095,0.3634058716574778,0.6511550678324562,0.228,False,13.471748088099208,31.794130797688858
521,Ratlam,Madhya Pradesh,drowning,1381833.1983544035,9.844632633587564,1.4538109331305211,27.311773694899784,0.648964419227703,0.4974306888318707,0.7889805936920751,0.026,False,25.857962761769265,136.03640198694438
522,Bokaro,Jharkhand,drowning,2136315.1877102093,4.362122952340694,0.2405001804296461,15.270564733323498,0.762874848007121,0.5785916856907546,0.9023170530621715,0.0005,False,15.030064552893853,93.18869513744721
523,Ramgarh,Jharkhand,drowning,983503.8528097561,3.9526022823974953,0.35463473699490594,12.57960596084081,0.7527702358720869,0.6126839041181,0.874801968645596,0.0,False,12.224971223845904,38.873995733625726
524,Bhopal,Madhya Pradesh,drowning,2251721.9493531855,22.964484474695784,0.16843026331777802,132.0344326268688,0.882608562430742,0.7051207822804877,0.9791341666568044,0.0,False,131.86600236355102,517.0963374725295
525,Purba Bardhaman,West Bengal,drowning,5940054.800362343,1.4429673383808446,0.1395254689232861,4.744763978452864,0.6641166874110858,0.38810219557571535,0.8854682194976908,0.0135,False,4.6052385095295785,85.71305065115209
526,Koriya,Chhattisgarh,drowning,439278.0,10.034960209095381,0.8047571722090687,26.894347612157084,0.6769278445800796,0.577411828603474,0.7715621951503798,0.0,False,26.089590439948015,44.08137250731001
527,Ujjain,Madhya Pradesh,drowning,1886862.1596743683,9.62563679740003,1.4059720032138228,25.4613207246709,0.7080827487147742,0.541054822982977,0.8596599951639116,0.0075,False,24.05534872145708,181.6224983578329
528,Gandhinagar,Gujarat,drowning,1122155.4302477925,3.7151406792177135,0.7202865553057761,9.77505314814874,0.7446054952550616,0.607161968330795,0.8707726418777881,0.0,False,9.054766592842963,41.6896528731863
529,Ahmedabad,Gujarat,drowning,5816751.7934427885,5.726523318998861,0.14722840238357646,23.847607875005913,0.8796638311305864,0.6586881177616384,0.9841348271203075,0.0,False,23.700379472622338,333.09764785978575
530,Raisen,Madhya Pradesh,drowning,1264575.7290060667,9.63096270190974,1.5210376569142559,24.860187948220737,0.6100378960719867,0.46813022527039594,0.734627379653861,0.063,False,23.33915029130648,121.79081679797747
531,Purulia,West Bengal,drowning,2255251.258896585,1.9066181128553554,0.07754949926584662,7.784280831265311,0.5329770648028408,0.3456319396818924,0.7162109162638091,0.0555,False,7.706731331999464,42.99902899252072
532,Sehore,Madhya Pradesh,drowning,1245330.6968016475,9.753232829228061,1.4285996371859464,24.929004499118786,0.575771013502027,0.42869639133261384,0.711995104643609,0.131,False,23.50040486193284,121.46000235291285
533,Ranchi,Jharkhand,drowning,3018800.5531268227,3.60665384336864,0.3891409182835277,10.328654163308354,0.7093422405665785,0.4934770068395981,0.8757262234764802,0.014,False,9.939513245024827,108.87768617298231
534,Bankura,West Bengal,drowning,2768288.468657584,1.6951732604450256,0.07102283187192675,5.931886678763855,0.5009656117406169,0.2833393455684392,0.7260974135420033,0.065,False,5.860863846891928,46.92728589266644
535,Lohardaga,Jharkhand,drowning,478356.51449219935,3.4662404651147543,0.4814880310945486,9.611614862181579,0.5414808726356993,0.4253507182988592,0.6564630883565118,0.1085,False,9.130126831087031,16.58098707284114
536,Panchmahal,Gujarat,drowning,1927656.8981033966,4.709222511064668,0.22583646728283663,16.376141397372688,0.5789741067736892,0.41031981729471445,0.7419508482814788,0.1055,False,16.150304930089852,90.77765258157608
537,Jabalpur,Madhya Pradesh,drowning,2339307.9760074746,12.999804834539807,0.6997032216728049,50.72909694882312,0.7978326429307926,0.6119798659248137,0.9276809285711254,0.0005,False,50.029393727150314,304.105471359795
538,Gumla,Jharkhand,drowning,1061992.068455556,5.772880400853575,0.10802217202849468,25.2574052098065,0.4947601933159882,0.3375000677136592,0.6541201892296589,0.2765,False,25.149383037778005,61.30753197849027
539,Dahod,Gujarat,drowning,1888740.375,3.6637441723695896,0.5439661956993976,9.483453865735203,0.6974305277671047,0.5289191084128818,0.835535315053096,0.006,False,8.939487670035806,69.19861542025404
540,Dewas,Madhya Pradesh,drowning,1485010.8824837557,9.109784838660595,1.8977992328856266,22.26385577982702,0.6375173808461093,0.48523904559055164,0.7760947952638969,0.035,False,20.36605654694139,135.28129622496508
541,Anuppur,Madhya Pradesh,drowning,711526.7798540537,11.979756508502922,0.8294891324751998,44.882536883570324,0.6514832379423363,0.5376107717454406,0.7626974412974308,0.004,False,44.05304775109512,85.23917571930726
542,Jhabua,Madhya Pradesh,drowning,973455.7992141846,11.569835948151146,0.8684735891486697,39.16934245765908,0.5229073966583456,0.3741665296519191,0.6726968498122897,0.3405,False,38.300868868510406,112.62723899684478
543,North 24 Parganas,West Bengal,drowning,7704329.421039488,1.7675344882208297,0.08294250707865719,6.566160184240329,0.7639366858199087,0.47262335885575557,0.9459846415892937,0.01,False,6.483217677161671,136.17667960301713
544,Dindori,Madhya Pradesh,drowning,669064.2520989985,17.606634287826882,0.28238886797155743,88.59205736533211,0.4778120974633336,0.33189411359371257,0.6360115944173541,0.484,False,88.30966849736055,117.79969601765477
545,Hooghly,West Bengal,drowning,3968526.739130436,1.3409716985095523,0.1884440283993389,3.8970113817856746,0.632602869290321,0.39703277912740004,0.8316693585187553,0.007,False,3.7085673533863357,53.21682041952316
546,Khunti,Jharkhand,drowning,550966.1419924282,8.349600199233828,0.059831072020182334,48.32040769774858,0.5113726632669436,0.38129387695928924,0.6457880926867974,0.229,False,48.2605766257284,46.00347008951072
547,Narsinghpur,Madhya Pradesh,drowning,1036899.3531963424,9.337794895889514,1.400523902248036,21.317225989004868,0.5812357525438795,0.45304937476023777,0.7106048061007505,0.119,False,19.916702086756832,96.82353487827945
548,Dhar,Madhya Pradesh,drowning,2075778.7652205266,10.181924674093416,1.0461963280482012,31.785554828063248,0.590946630510559,0.4048312520736183,0.7506064874822432,0.148,False,30.739358500015047,211.35423027558042
549,Jashpur,Chhattisgarh,drowning,567779.3333333333,12.296090474222165,0.6228411042905473,44.97365756870456,0.5127131585594804,0.3846664876679341,0.647979817077949,0.3555,False,44.35081646441401,69.8146605206021
550,Indore,Madhya Pradesh,drowning,3111775.933339435,17.524426410037908,0.24894310250858157,83.08182807662335,0.8567984446483442,0.6444017920556693,0.9710661866996879,0.0005,False,82.83288497411478,545.3208834833396
551,Saraikela-Kharsawan,Jharkhand,drowning,1103264.4186729982,3.638487686392907,0.4812517970715244,10.6032571344596,0.6139204589688037,0.48577809607568206,0.7369309257044142,0.024,False,10.122005337388076,40.142140021771326
552,Mandla,Madhya Pradesh,drowning,1001810.0516951786,14.978027620874247,0.4477950790468581,66.27598611763966,0.5321669785998758,0.3879670689634919,0.6817323520514965,0.283,False,65.8281910385928,150.05138625159844
553,East Singhbhum,Jharkhand,drowning,1374505.5833333335,5.075428534937362,0.21876526819848857,21.755791274057025,0.5752736576487066,0.4364748066770724,0.7130055961211682,0.084,False,21.537026005858536,69.76204859080724
554,Hoshangabad,Madhya Pradesh,drowning,1178870.995655353,10.440011150092142,1.549165959266399,33.67904970389885,0.6808072297563883,0.539069222232369,0.8033817586150014,0.005,False,32.12988374463245,123.07426339162109
555,Korba,Chhattisgarh,drowning,804426.6666666666,10.703335449176056,0.6971223438352349,32.08860088470625,0.7085713823727069,0.5882856964515936,0.8204618114050892,0.0005,False,31.391478540871017,86.10048457595863
556,West Singhbhum,Jharkhand,drowning,1374505.5833333335,4.341946852641954,0.2877477928413131,16.452994467142357,0.5748480920296692,0.4251329299573877,0.7233304479034394,0.081,False,16.165246674301045,59.6803019149296
557,Howrah,West Bengal,drowning,3968526.739130436,1.3545236157785867,0.18507242359344545,3.978655957760749,0.6368047991516509,0.40023501891026164,0.8403094767194146,0.0095,False,3.7935835341673037,53.754631880009626
558,Simdega,Jharkhand,drowning,621087.5987921001,6.076761807865456,0.09625989868705631,28.36121590659616,0.4980918233312743,0.3505670295080509,0.6358304819404649,0.2425,False,28.264956007909106,37.74201399678697
559,Kolkata,West Bengal,drowning,3461015.9684424405,3.982091528007103,0.017657474795778956,25.501272366165505,0.9104101753467717,0.7032398227113091,0.9919979041948341,0.0,False,25.483614891369726,137.8208236623194
560,Koderma,Jharkhand,drowning,741954.4786887291,3.250494992571067,0.5840925341215991,8.042558259871635,0.6095580358845644,0.4947258196624052,0.7172326007940547,0.0155,False,7.4584657257500355,24.117193176933903
561,Hazaribagh,Jharkhand,drowning,1796719.2503175628,3.351221504749424,0.5706471961316568,8.597853302226126,0.5674652815731656,0.4041987123755404,0.726528967211805,0.096,False,8.027206106094468,60.21204189661479
562,Vaishali,Bihar,drowning,3533399.45269122,3.904204530937489,0.6684301222065823,11.340046812145065,0.491923329514413,0.2568680253711289,0.7303631303559461,0.2745,False,10.671616689938483,137.95114152809109
563,Begusarai,Bihar,drowning,3003160.1937718913,3.851645703926971,0.7645534425577074,10.739157083498378,0.5772520248125945,0.3752480246445931,0.7697839525213738,0.1215,False,9.974603640940671,115.67109058545994
564,Bhagalpur,Bihar,drowning,3071123.384324156,3.740420241020639,0.795734046357175,10.126445191455923,0.5845484096428973,0.3677592194220128,0.7742977773663448,0.097,False,9.330711145098748,114.87292069397881
565,Lakhisarai,Bihar,drowning,1011902.9078772558,3.5228094941143446,0.9702604609815624,7.996464095436695,0.5556566844962246,0.41614947094337984,0.6956593073230604,0.118,False,7.026203634455133,35.6474117099191
566,Sheikhpura,Bihar,drowning,643329.6036059401,3.698573234457346,0.6507822110493559,9.495572195061484,0.5784723064339402,0.47198169833030507,0.6942111895984605,0.035,False,8.84478998401213,23.794016528309843
567,Arwal,Bihar,drowning,708538.8822048488,3.7049652039125296,0.7679884181360327,9.801483953598037,0.4965468161594514,0.34961154201005473,0.6459705177366776,0.29,False,9.033495535462004,26.251119041880433
568,Jehanabad,Bihar,drowning,1137669.941984988,3.957167256976926,0.5722023975095725,12.347957952421801,0.540569130472774,0.38561773272820077,0.6952538771547856,0.16,False,11.775755554912228,45.01950243669833
569,Nalanda,Bihar,drowning,2909252.200554803,3.7340329717952323,0.6987993179890386,10.304187266258706,0.5634654033174644,0.3578422389958982,0.7663488191556251,0.1405,False,9.605387948269668,108.6324364013947
570,Patna,Bihar,drowning,5902576.561215754,5.81969277568542,0.2432611306929555,27.1678253004318,0.7286320145818965,0.44870123596675354,0.9204156446656901,0.026,False,26.924564169738847,343.5118217123741
571,Saran,Bihar,drowning,3995256.9749684567,3.7852713279934114,0.7791015382367358,10.369375556023948,0.5145848605976039,0.2733076606347978,0.7531904980490208,0.2515,False,9.590274017787213,151.23131675313792
572,Siwan,Bihar,drowning,3367035.46983203,3.968780156032035,0.6488801858201825,11.904539918030846,0.4889951329479677,0.2691081980899713,0.7210488191072079,0.307,False,11.255659732210663,133.6302355732536
573,Muzaffarpur,Bihar,drowning,4853781.949560994,3.86045013502216,0.6719265658975991,10.55889613797096,0.5167639358461718,0.276407174692737,0.7642035359582711,0.2525,False,9.88696957207336,187.37783182550862
574,Madhepura,Bihar,drowning,2023743.134939127,3.832725418608541,0.6428800301556463,10.593759346607936,0.47994600747605465,0.2857710779703977,0.6759319296800463,0.333,False,9.950879316452289,77.56451754015725
575,Araria,Bihar,drowning,2842442.5392017965,4.274023286557454,0.49050766790266104,13.485400721496982,0.49116142251501704,0.2759862753984738,0.7122136756664107,0.279,False,12.994893053594321,121.48665603249978
576,Supaul,Bihar,drowning,2253553.245719306,4.242567719683433,0.5832691721295568,13.845111646399674,0.4779379232907169,0.272453538491897,0.684473182145439,0.311,False,13.261842474270118,95.60852254876556
577,Madhubani,Bihar,drowning,4536654.430007166,4.247211470021205,0.45562892670116867,13.418095811962784,0.472589268544584,0.23152073275724536,0.7412683057766973,0.326,False,12.962466885261616,192.6813073064895
578,Purnia,Bihar,drowning,3300467.432912523,3.800150403095835,0.7111346092089368,10.218782137290265,0.5193310158831834,0.29271684159809014,0.7441822692545552,0.242,False,9.507647528081328,125.42272645587198
579,Surajpur,Chhattisgarh,drowning,946118.4444444445,9.90636244195639,1.0961468207109957,27.711624894571816,0.5946299478786641,0.457273293719621,0.7174137980260231,0.0665,False,26.61547807386082,93.72592223686647
580,Surguja,Chhattisgarh,drowning,1573257.3333333333,10.984982191010971,0.8012122293137887,34.29631249006353,0.5341916808254977,0.3606667698276416,0.7003873949540926,0.3,False,33.49510026074974,172.82203788544078
581,Aravalli,Gujarat,drowning,1888740.375,3.6417184938797518,0.5265258504449952,9.343698388743032,0.6995224239869035,0.5305052762317903,0.8405552473249455,0.003,False,8.817172538298037,68.78260753774877
582,Mahisagar,Gujarat,drowning,1888740.375,3.79411315550527,0.5146025713717867,10.64826245985995,0.7002644319339388,0.5316141280839615,0.833058483031936,0.0035,False,10.133659888488163,71.66094704121457
583,Amethi,Uttar Pradesh,drowning,2664164.546666667,2.2651185525428255,0.33984240754868933,6.674043621935235,0.5975092577279446,0.40239243682623066,0.7774700553017199,0.0305,False,6.334201214386546,60.346485416815135
584,Ghaziabad,Uttar Pradesh,drowning,4380969.009108135,5.445051318704731,0.04072439064449,31.988530282125225,0.8393703392649022,0.61942475338749,0.9634500865937612,0.002,False,31.947805891480737,238.5460108024881
585,Agar Malwa,Madhya Pradesh,drowning,2258746.6472666366,10.584341534997815,1.121867826393917,33.57674799111124,0.6408446256454745,0.4579453220658683,0.7926300527141321,0.05,False,32.45488016471732,239.0734595570132
586,Sambhal,Uttar Pradesh,drowning,2664164.546666667,2.237279108664834,0.3511606683604189,6.472967374118984,0.5957089932388611,0.4003214091450058,0.774312289839423,0.0305,False,6.121806705758566,59.604796823028515
587,Charkhi Dadri,Haryana,drowning,1152339.1818181819,4.544355451341142,0.8595487038018615,12.194150175995567,0.6857555646778118,0.5569733359212504,0.809713285972313,0.003,False,11.334601472193706,52.36638842689446
588,Alipurduar,West Bengal,drowning,3968526.739130436,1.449099495162197,0.13726320033794648,4.54674340455822,0.6332589799469653,0.4006698949350947,0.8354535169683547,0.0125,False,4.409480204220274,57.507900942115945
589,Paschim Bardhaman,West Bengal,drowning,5940054.800362343,1.4026536767565723,0.16803171631506142,4.42900559430381,0.6648533516354747,0.3764393541760699,0.8856084298299071,0.0085,False,4.260973877988748,83.31839705863767
590,Kalimpong,West Bengal,drowning,3968526.739130436,1.4683895421933622,0.1473515348412235,5.052186339267636,0.6355060133167352,0.3976522084878224,0.8395387409154974,0.009,False,4.904834804426413,58.27343161653857
591,Ajmer,Rajasthan,drowning,2578198.8202728834,5.512508011434649,0.9631902114034329,14.716351824238293,0.7163639932237676,0.5203709126851627,0.8731298267730598,0.011,False,13.75316161283486,142.1234165182563
592,Cooch Behar,West Bengal,drowning,3968526.739130436,1.3960401575481076,0.15959841012804776,4.209964683063742,0.6335383311166977,0.390816594577831,0.8410203138567942,0.008,False,4.050366272935694,55.40222694129532
593,Uttar Dinajpur,West Bengal,drowning,2314531.2519033295,1.5950257913188204,0.08235212653091073,5.7130367064742185,0.5256277910284357,0.32461798777052664,0.716796016521537,0.0365,False,5.630684579943308,36.91737041599248
594,Datia,Madhya Pradesh,drowning,747155.4930646727,9.710774278479555,1.2992178754678674,26.635813035552506,0.5991442644402348,0.47697059489731325,0.7192298657075955,0.052,False,25.336595160084638,72.55458344077132
595,Rajsamand,Rajasthan,drowning,1154423.9221398393,5.30727156555906,1.00834791959578,12.892532034464736,0.5662684687981125,0.4185408078273825,0.7047947467509331,0.1545,False,11.884184114868956,61.26841256573935
596,Mahoba,Uttar Pradesh,drowning,819700.0950051411,2.6259186445484457,0.21644303217512398,9.6587305779504,0.5874926698167265,0.4677583379016362,0.704839103125756,0.0245,False,9.442287545775276,21.52465762412132
597,Chhatarpur,Madhya Pradesh,drowning,1673672.027202725,10.456686851990026,1.1034555223640952,31.07079854408308,0.5927688616160961,0.42653422105614525,0.7544648910817264,0.128,False,29.967343021718985,175.01064281394227
598,Chittorgarh,Rajasthan,drowning,1541436.413089084,5.23383678154611,1.1354045765254699,12.64869438508558,0.5860545311180739,0.4287513676867627,0.736379774153156,0.1125,False,11.51328980856011,80.67626595240151
599,Panna,Madhya Pradesh,drowning,965357.0262243359,10.700410185536589,0.822291604631836,31.960512587824425,0.5282098796088954,0.3833347879889211,0.6761971197688618,0.3255,False,31.13822098319259,103.29716156090196
600,Sabarkantha,Gujarat,drowning,1958145.112092488,4.682249923317092,0.2723893554320901,15.089271442292372,0.5789477415263369,0.39902797697641185,0.7411109892417338,0.1065,False,14.816882086860282,91.68524800938789
601,Kutch,Gujarat,drowning,1888740.375,3.7308815675328133,0.5669144717181243,9.50576767905492,0.6995441853541069,0.5335870363756641,0.8401771111109004,0.0045,False,8.938853207336795,70.46666650942514
602,Surendranagar,Gujarat,drowning,1416059.9425116598,3.9618031857469194,0.47196334806031076,10.712969760030234,0.6680349502153116,0.5174127617478115,0.7976370949504646,0.0105,False,10.241006411969924,56.101507914512936
603,Kheda,Gujarat,drowning,1854372.4652976817,4.015156712406097,0.36798709145585257,10.831274577914252,0.6292133362752375,0.4532335796952122,0.773424686814743,0.0355,False,10.4632874864584,74.45596051341029
604,Anand,Gujarat,drowning,1687357.7178378035,4.070868111722815,0.4192986667643955,12.71637793401331,0.6785856969547163,0.5259645690515169,0.8148376503231848,0.0055,False,12.297079267248915,68.69010726615298
605,Kishanganj,Bihar,drowning,1708962.102038654,4.070090614857855,0.572995161927311,12.473475942192408,0.5157232331583661,0.3291865297513317,0.6945943030297602,0.2295,False,11.900480780265097,69.55630612655277
606,Morbi,Gujarat,drowning,1888740.375,4.174141410304149,0.37743374930889523,12.718291637020375,0.6965402491689897,0.53211605354532,0.8381749336650329,0.0055,False,12.34085788771148,78.83869412600889
607,Leh,Jammu & Kashmir and Ladakh,drowning,133487.0,1.0973494782294537,0.02082366126040083,5.401006497296495,0.6717987496950286,0.5985276017659753,0.749875180145387,0.0,False,5.380182836036094,1.4648188980041508
608,Kargil,Jammu & Kashmir and Ladakh,drowning,140802.0,0.6717727601778481,0.04569059309655011,2.002425562890492,0.5627005995009969,0.47903411838107285,0.6486634676347108,0.0,False,1.956734969793942,0.9458694817856137
609,Kupwara,Jammu & Kashmir and Ladakh,drowning,808922.7412283361,0.7358289151032111,0.03238495510616179,2.3572332942853524,0.5315271102587839,0.3928166417405633,0.6721672488792538,0.0055,False,2.3248483391791908,5.952287430803622
610,Bandipora,Jammu & Kashmir and Ladakh,drowning,364547.5112856065,0.6659459897206234,0.04944640005378951,1.928967482712335,0.5733345125702228,0.4757951704773384,0.6755371127540933,0.0005,False,1.8795210826585456,2.4276895320328333
611,Baramulla,Jammu & Kashmir and Ladakh,drowning,936889.669197902,0.638619353486506,0.05378222767801802,1.7077794441311314,0.5744805104013895,0.43995015953248073,0.6965743918734256,0.0005,False,1.6539972164531134,5.983158748313506
612,Ganderbal,Jammu & Kashmir and Ladakh,drowning,276451.6894130476,0.6672603566821705,0.045769531861212936,1.9367928310162397,0.5719538569897018,0.4789177089124096,0.6700547297456838,0.0,False,1.8910232991550266,1.844652528831388
613,Anantnag,Jammu & Kashmir and Ladakh,drowning,1002555.8446115907,0.6227956371993236,0.060843977198974435,1.655681189002596,0.618278896317702,0.48359086077770924,0.7405588323380131,0.0,False,1.5948372118036216,6.243874060727817
614,Kishtwar,Jammu & Kashmir and Ladakh,drowning,214413.03275496204,0.6972964172199625,0.026604523677314373,2.072791030979923,0.5013528553296333,0.38100607483432086,0.6229500547816993,0.003,False,2.046186507302609,1.495094395453015
615,Srinagar,Jammu & Kashmir and Ladakh,drowning,1149531.2310975785,1.6283509183714653,0.004611133915068264,7.780527890066265,0.9130347911741236,0.7341304616156711,0.9905775316019593,0.0,False,7.775916756151197,18.71840235854423
616,Budgam,Jammu & Kashmir and Ladakh,drowning,700544.2286554117,0.6279462092176296,0.05149887152841655,1.5356233978075664,0.5454004935219389,0.41671227949220463,0.6671641205936569,0.0015,False,1.4841245262791498,4.399040927734541
617,Pulwama,Jammu & Kashmir and Ladakh,drowning,520883.0672278277,0.6974382897468173,0.03565369893708217,2.069265472786091,0.5363777387711157,0.4185684971288035,0.660398078456448,0.0025,False,2.0336117738490085,3.632837955654526
618,Punch,Jammu & Kashmir and Ladakh,drowning,443179.06887727714,0.680211315071413,0.03635139520744516,1.7911053319256403,0.5193289225063225,0.3999295009537989,0.6476117825562763,0.003,False,1.754753936718195,3.0145541725313696
619,Shopiyan,Jammu & Kashmir and Ladakh,drowning,247425.0334416818,0.7049403338305822,0.02499753375542946,2.0480558141562075,0.49449151838226796,0.37214504733015064,0.6266435740238541,0.0065,False,2.023058280400778,1.7441988567242213
620,Kulgam,Jammu & Kashmir and Ladakh,drowning,394522.17369579256,0.6169706802582532,0.06925621767302835,1.632719652853222,0.5946836049113526,0.4969696823076679,0.690913652256097,0.0,False,1.5634634351801937,2.434086138820579
621,Rajouri,Jammu & Kashmir and Ladakh,drowning,597072.1141124205,0.6955352880165598,0.028364352714016907,2.0658516290576054,0.5025766030388603,0.37123437757509153,0.6449327718163347,0.0015,False,2.0374872763435885,4.152847248558387
622,Ramban,Jammu & Kashmir and Ladakh,drowning,263687.99095783435,0.7299628959509123,0.02582620822219685,2.262221582777312,0.489363615355601,0.35278535947818457,0.6208450845308192,0.0075,False,2.2363953745551153,1.9248244950705875
623,Reasi,Jammu & Kashmir and Ladakh,drowning,292457.1981217951,0.6531033743142077,0.03956117824430408,1.7756888826954023,0.5281645060922092,0.42173685183116444,0.6405267910618625,0.0025,False,1.736127704451098,1.9100478293582313
624,Doda,Jammu & Kashmir and Ladakh,drowning,381001.9289256776,0.6795518312807936,0.03231160824256863,1.8612352813832527,0.5063880154616953,0.38536070699017655,0.6286038191169364,0.0025,False,1.828923673140684,2.5891055852295897
625,Lahaul and Spiti,Himachal Pradesh,drowning,31564.0,5.269412046533067,1.1551066152372764,13.22318626382758,0.4477879452522226,0.30938221175012026,0.5932312516666643,0.651,False,12.068079648590304,1.6632372183676973
626,Chamba,Himachal Pradesh,drowning,519080.0,5.461936140157009,1.012644298025536,14.534361804127544,0.5006536174569792,0.3648575283180356,0.6374088848519904,0.3835,False,13.521717506102007,28.351818116327006
627,Jammu,Jammu & Kashmir and Ladakh,drowning,1421970.6226710312,0.7924534170316753,0.03781078877405454,3.138558877266456,0.7523006912081205,0.5863852468265285,0.8916438530520896,0.0,False,3.1007480884924017,11.268454788543178
628,Kathua,Jammu & Kashmir and Ladakh,drowning,572925.832464824,0.6975077997761989,0.039038206724958384,2.163653108170447,0.5546638041376694,0.44292373566982535,0.6713484514170742,0.002,False,2.1246149014454887,3.996202368374865
629,Gurdaspur,Punjab,drowning,2118579.704138289,2.5880224127511147,0.5281162823709014,6.902947134694652,0.6589342053793417,0.4830600616857666,0.810363079527208,0.01,False,6.3748308523237505,54.829317575095175
630,Kangra,Himachal Pradesh,drowning,1510075.0,4.925267408211601,1.369136224443367,9.811164751065716,0.5246373873420722,0.3532298584426185,0.6942575426362868,0.3175,False,8.44202852662235,74.37523181455134
631,Kullu,Himachal Pradesh,drowning,437903.0,5.034020209464756,1.2316162255286196,10.758465732857635,0.5288181811181843,0.40883215272813034,0.6530038937858662,0.2575,False,9.526849507329015,22.04412551785245
632,Hoshiarpur,Punjab,drowning,1462540.9583763524,2.7006584560426914,0.4739163739704132,7.62700444524154,0.6116923125225225,0.459051584185467,0.7453037724457737,0.026,False,7.153088071271127,39.498236065478785
633,Amritsar,Punjab,drowning,2295871.055369613,2.957606045001061,0.2743728892536472,9.000156551707219,0.8037119809585639,0.6243164516898717,0.9317176263654988,0.001,False,8.725783662453573,67.90282111904133
634,Mandi,Himachal Pradesh,drowning,999777.0,5.083398376517156,1.1952516968201974,11.422648057942801,0.510296773712179,0.35414726593066975,0.6688438897743877,0.364,False,10.227396361122604,50.822647786791926
635,Kinnaur,Himachal Pradesh,drowning,84121.0,7.0366006517258475,0.590024416794455,28.29899742751582,0.44792558983428327,0.3037544004052484,0.5965352487112601,0.501,False,27.708973010721362,5.919258834238301
636,Una,Himachal Pradesh,drowning,521173.0,5.236800952985167,1.1760444797152132,12.118244289623949,0.5224189277132611,0.3904580529485088,0.6489834219588141,0.2925,False,10.942199809908736,27.292792630701385
637,Shimla,Himachal Pradesh,drowning,814010.0,5.358166993627892,1.0403134399460519,13.628686076239532,0.6357773234274118,0.5189909862357943,0.7438672525844159,0.007,False,12.58837263629348,43.6160151448304
638,Jalandhar,Punjab,drowning,2022037.482634386,2.6643693854816486,0.4663041020925009,7.046970325742545,0.7806854152181254,0.5975415785712855,0.914867107420452,0.001,False,6.580666223650044,53.87454765027439
639,Tarn Taran,Punjab,drowning,1032065.1354945499,3.0441158909824515,0.29790228944794356,10.752547676752382,0.5647033138395764,0.43192573338031537,0.697733491416506,0.0625,False,10.454645387304438,31.41725879487916
640,Rupnagar,Punjab,drowning,631084.8680124964,2.456796977414547,0.599066877781942,5.536469435771317,0.6512766033112526,0.5461268976190319,0.7491104710844256,0.0,False,4.937402557989375,15.504473962251593
641,Uttarkashi,Uttarakhand,drowning,330086.0,2.8082684824680726,0.31018743095386925,7.8539359519813345,0.49890102945041215,0.37342535005571265,0.6231942578364471,0.1535,False,7.5437485210274655,9.269701103039562
642,Solan,Himachal Pradesh,drowning,580320.0,5.309940086530254,1.135632734651926,12.669995758057166,0.6008878217652389,0.49190782508746295,0.7016343990102893,0.025,False,11.53436302340524,30.81464431015237
643,Shahid Bhagat Singh Nagar,Punjab,drowning,564423.511682612,2.726632188958625,0.40320759868308725,7.734200898911019,0.5958375679906232,0.4889424334914383,0.6963788452197336,0.01,False,7.330993300227932,15.389753151588744
644,Fazilka,Punjab,drowning,1261060.8181818181,2.6219576569734686,0.5968274567956604,6.787201224022681,0.6846563735376109,0.5357973951679311,0.8092286713793231,0.005,False,6.190373767227021,33.06448068141045
645,Moga,Punjab,drowning,917872.4078716895,2.6543484447555667,0.4414335945936661,7.279025021831363,0.6289195096207022,0.5129155989311072,0.7407968161967685,0.0045,False,6.837591427237697,24.363531983182664
646,Ludhiana,Punjab,drowning,3225115.6323445807,2.8553241711390007,0.34901531127259033,8.525215481632237,0.8157824653324642,0.613440580151641,0.9499293300878986,0.0015,False,8.176200170359648,92.08750619751724
647,Chamoli,Uttarakhand,drowning,391605.0,2.8090966779822613,0.28799859225275726,7.392879710681763,0.5346274845956006,0.4241559727793703,0.6440618943907535,0.08,False,7.104881118429006,11.000563045812434
648,Dehradun,Uttarakhand,drowning,1696694.0,3.0570777605444106,0.20752316744277768,8.837496395536233,0.7769635077013299,0.6066013111055358,0.9159271055575985,0.0005,False,8.629973228093455,51.86925493849138
649,Sirmaur,Himachal Pradesh,drowning,529855.0,5.283301606327459,1.0278600133884126,13.624227071183782,0.5293011593245286,0.4113538985320087,0.6525061471124066,0.235,False,12.59636705779537,27.99383772620636
650,S.A.S. Nagar,Punjab,drowning,564423.511682612,3.9957760721959747,0.16552737108922327,18.89686897205194,0.5971094910780551,0.49412796773266243,0.6998710673754271,0.0155,False,18.73134160096272,22.553099625662064
651,Faridkot,Punjab,drowning,569214.995430593,2.533744906656767,0.503644686885483,6.294437059252789,0.7011704260092173,0.5948734081243098,0.8076740694152782,0.0,False,5.790792372367306,14.4224559546492
652,Fatehgarh Sahib,Punjab,drowning,553226.48338582,2.4333897647748866,0.5533983188715036,5.2787060687873275,0.6753009726549238,0.5743271307928435,0.779741673244263,0.0,False,4.725307749915824,13.462156622734584
653,Tehri Garhwal,Uttarakhand,drowning,618931.0,2.9371711150204347,0.28814518024957053,9.066402243462381,0.5211691144907825,0.3872237348150117,0.6555397627505716,0.1255,False,8.778257063212811,18.179062553907126
654,Chandigarh,Other Union Territories,drowning,1055450.0,5.429378888847314,4.478519897488153,6.612131395746609,0.842787495697008,0.730982384382258,0.920302784365064,0.0,True,2.133611498258456,57.30437948233897
655,Sri Muktsar Sahib,Punjab,drowning,831362.0674045844,2.6477423279986954,0.48861878518220775,7.327190787342978,0.6794722694054385,0.5641523848722055,0.790144313856784,0.0005,False,6.83857200216077,22.012325357596225
656,Rudraprayag,Uttarakhand,drowning,242285.0,3.369219010941652,0.1868512368457625,12.086441668574063,0.47342130701560153,0.3382993982487881,0.6112620679421382,0.237,False,11.8995904317283,8.163112280659982
657,Pithoragarh,Uttarakhand,drowning,483439.0,2.8101333828362502,0.320681034543776,7.732989065355927,0.5345399577124933,0.4161180769925896,0.6546532388285261,0.0855,False,7.4123080308121505,13.58528072464974
658,Sangrur,Punjab,drowning,1525724.3870069038,2.3989766629896145,0.6465143987436945,5.515487149865739,0.6865264446671056,0.5412571945959375,0.816778439313156,0.003,False,4.868972751122044,36.60177198583697
659,Barnala,Punjab,drowning,548953.0477075515,2.5039584311926872,0.6331927983514509,5.9288734163731105,0.6867314679216572,0.5769460209167374,0.7856982008654237,0.0,False,5.29568061802166,13.745556121362451
660,Bathinda,Punjab,drowning,1279933.622771307,2.5202046592432885,0.468767607879978,6.327254145701921,0.7088475910806868,0.562174431421878,0.8292949489675006,0.002,False,5.858486537821943,32.25694679630389
661,Patiala,Punjab,drowning,1747431.446763182,2.4421997941652265,0.6330585715576128,6.114952439680347,0.7271797672429209,0.5533214941282882,0.8626812621502186,0.0005,False,5.481893868122734,42.67576719602887
662,Yamunanagar,Haryana,drowning,1168657.29849138,4.316654808744835,0.9760828463605746,10.357189833478213,0.7179692254063932,0.5753350899883439,0.8428303299888454,0.0015,False,9.381106987117638,50.446901473075634
663,Saharanpur,Uttar Pradesh,drowning,3243755.584998494,2.4739934132789654,0.2287689729140145,8.350082130751245,0.6628535463365984,0.45368307863621243,0.8330680847732788,0.022,False,8.12131315783723,80.25029951573131
664,Ganganagar,Rajasthan,drowning,1965468.2191915275,6.181237740727382,0.6967914063967985,21.013910316922896,0.6498529938362224,0.482224470390247,0.7899603934050652,0.0285,False,20.317118910526098,121.49026334666908
665,Mansa,Punjab,drowning,709551.6364932833,2.6272050450616744,0.4326404881116775,7.214620799173758,0.6296390183254451,0.5193993381133551,0.7368556573022914,0.001,False,6.781980311062081,18.641376391269212
666,Kurukshetra,Haryana,drowning,928468.5092518992,4.348607394654375,0.9209524062250604,10.398151275475596,0.6603512230111162,0.5336707405841465,0.7688511503994947,0.0055,False,9.477198869250536,40.375450250365326
667,Bageshwar,Uttarakhand,drowning,259898.0,3.4752947197550412,0.17850835884487534,12.619464310445405,0.47507093355636626,0.3385756450565879,0.6138639519646941,0.2245,False,12.44095595160053,9.032221470748956
668,Haridwar,Uttarakhand,drowning,1890422.0,2.58042345512929,0.40191460870372075,6.166563069906385,0.6878670582344536,0.5189874893310139,0.8291652877957435,0.0045,False,5.764648461202664,48.780892688924226
669,Pauri Garhwal,Uttarakhand,drowning,687271.0,2.8577634301154573,0.3083361883875154,8.158895200908901,0.5269230006865082,0.39160056943021104,0.6575814080583868,0.1085,False,7.850559012521386,19.640579303788805
670,Kaithal,Haryana,drowning,1034004.3159091616,4.628016159779698,0.7377629810641051,13.016743706958813,0.6236754445767325,0.4892921636432151,0.7418957252157249,0.027,False,12.278980725894709,47.853886833095515
671,Sirsa,Haryana,drowning,1246603.397099956,4.570504772011935,0.7827153915508247,12.049764332384605,0.6428385625287077,0.5036455986995113,0.7697122449668935,0.0165,False,11.26704894083378,56.97606775251638
672,Hanumangarh,Rajasthan,drowning,1771357.611363505,5.288859719704536,1.0925694467027003,14.065245585999165,0.602040183015419,0.4265961570656385,0.7521632543331802,0.088,False,12.972676139296464,93.68461919932484
673,Karnal,Haryana,drowning,1448855.7362177211,4.356126237006297,0.9201672157616506,10.56700860679266,0.6695794899119976,0.5275920382910816,0.7966374069316234,0.008,False,9.646841391031009,63.1139848617509
674,Almora,Uttarakhand,drowning,622506.0,2.8946376541767784,0.2518678570846872,8.39894492588025,0.49936206555574086,0.3633243399864655,0.6432648132083658,0.1685,False,8.147077068795564,18.019293075509697
675,Jind,Haryana,drowning,1284104.802810787,4.410789707289671,0.7607856067114137,10.848231292610182,0.6212565023351084,0.48360369389164487,0.7493590417568349,0.0285,False,10.087445685898768,56.63916247319052
676,Fatehabad,Haryana,drowning,906673.9392517436,4.628449063560677,0.7666143209056115,12.003056496975034,0.6010815594728977,0.4732518872599,0.7217786289390802,0.045,False,11.236442176069422,41.964941450846034
677,Bijnor,Uttar Pradesh,drowning,3446192.849402218,2.243828617112023,0.32715058506009576,5.987577951316168,0.6173087976067007,0.3953893417462888,0.7985007092356047,0.0315,False,5.660427366256072,77.3266613557552
678,Muzaffarnagar,Uttar Pradesh,drowning,3877397.2953668353,2.4138973451069323,0.27113738310971947,7.912755205267626,0.653124627328124,0.4238953679604566,0.8340709162934684,0.0255,False,7.641617822157906,93.59639037210803
679,Hisar,Haryana,drowning,1678512.0232706757,4.393229459611652,0.8549510962863144,10.630725132204839,0.6819360371594332,0.5268671532380229,0.8090312549617992,0.0045,False,9.775774035918525,73.74088468945091
680,Nainital,Uttarakhand,drowning,954605.0,2.457154486401296,0.5513331983510319,5.639211788896641,0.6856834381884496,0.555060346284803,0.8067663193519575,0.002,False,5.087878590545609,23.456119584911093
681,Panipat,Haryana,drowning,1160218.206910327,4.428414989035913,0.9218640376296692,11.134598859989621,0.754348084742921,0.6011817804440305,0.8823241728416186,0.0005,False,10.212734822359952,51.37927698034063
682,Champawat,Uttarakhand,drowning,259648.0,2.740217793694686,0.3201154674874553,7.336285497672618,0.5410534650826949,0.43751258846545993,0.6467381419145153,0.06,False,7.016170030185163,7.114920696972378
683,Udham Singh Nagar,Uttarakhand,drowning,1648902.0,2.518780472571863,0.49837683468724175,5.862545116548301,0.674746185386697,0.5201046869756999,0.8136798012830111,0.006,False,5.364168281861059,41.5322215878469
684,Sonipat,Haryana,drowning,1395608.0328031918,4.195908773094944,0.951362025021846,9.487337999575692,0.6703401667729634,0.5298564819861619,0.8013847496182637,0.0065,False,8.535975974553846,58.55843988640689
685,Baghpat,Uttar Pradesh,drowning,1219360.482347623,2.301599048881091,0.3135677591929573,6.764843714925972,0.6049818902938098,0.4596139557427701,0.7367570483096696,0.0155,False,6.451275955733014,28.064789264144775
686,Meerut,Uttar Pradesh,drowning,3222520.030033585,3.4913788485012596,0.10552674308716953,15.744442249176432,0.7724115224077875,0.5700035872449707,0.9185994749026011,0.003,False,15.638915506089262,112.51038271730903
687,Moradabad,Uttar Pradesh,drowning,4465526.625209318,2.525138034156991,0.22591067401832352,8.345798281890136,0.6694116305193872,0.4207747007928284,0.8593579703393073,0.025,False,8.119887607871814,112.7607112385676
688,Bikaner,Rajasthan,drowning,2359495.505549025,5.415553774402959,0.9183411231281696,14.399608400731543,0.6984690018910136,0.5055381360463667,0.8534948888065482,0.0175,False,13.481267277603374,127.77974790762839
689,Rampur,Uttar Pradesh,drowning,2185802.3514995165,2.330709834419976,0.28722495377873514,7.009219406557421,0.631959111975897,0.44268216801005084,0.7876147441346475,0.0175,False,6.721994452778686,50.94471036738232
690,Bhiwani,Haryana,drowning,1573133.1020978696,4.703602263584111,0.6200426636394811,12.88850319462985,0.6040793523907675,0.4548265009018082,0.744548668477889,0.056,False,12.26846053099037,73.99392419946635
691,Rohtak,Haryana,drowning,1021395.7278945865,4.213435191234683,1.136296970044746,9.601818334537487,0.734341021003529,0.5948365487661296,0.8509978303169842,0.0005,False,8.46552136449274,43.035847040878146
692,Shamli,Uttar Pradesh,drowning,2664164.546666667,2.562853877985111,0.2681894483740288,9.157133554106435,0.5939723047163266,0.3851776756691656,0.7817018383812986,0.047,False,8.888944105732406,68.27864440015112
693,Ferozepur,Punjab,drowning,1870387.6672663917,2.517205829882002,0.5879082279062259,5.79497007333792,0.6609354920421283,0.4894195044808334,0.8056147823895117,0.0055,False,5.207061845431694,47.081507401823586
694,Pathankot,Punjab,drowning,1261060.8181818181,2.5327388773362127,0.5049423320504286,6.586630761459509,0.6839032800340842,0.5376149961765839,0.8151247510860505,0.0015,False,6.0816884294090805,31.939377608945037
695,Udhampur,Jammu & Kashmir and Ladakh,drowning,515813.09161629423,0.7455248790696442,0.041200381536292345,2.4324891490961353,0.5802524966970468,0.4764675426372611,0.689097184386681,0.001,False,2.391288767559843,3.8455149274977707
696,Samba,Jammu & Kashmir and Ladakh,drowning,296389.56600674434,0.7680593693209464,0.03430437954662307,2.569200521922283,0.5712908589499446,0.4743193715472074,0.6691839307895346,0.0015,False,2.53489614237566,2.276447831404491
697,Kapurthala,Punjab,drowning,751416.7417995647,2.389964865099955,0.6870053634373213,5.19946984392015,0.6976384036504107,0.5811992505404394,0.8071004657508034,0.0,False,4.512464480482829,17.958596119488444
698,Panchkula,Haryana,drowning,540237.5719438827,5.179491619059671,0.4893346482846467,15.831431834583121,0.8010868168038349,0.6677889977646564,0.9143985331877441,0.0,False,15.342097186298474,27.981559761844867
699,Ambala,Haryana,drowning,1086022.9226141786,4.4056173332271245,0.8784465674131027,11.286910394986364,0.7425697348436441,0.6057443475655094,0.8668789033009976,0.0005,False,10.40846382757326,47.84601412151005
700,Aurangabad,Bihar,drowning,2567965.2705937233,4.313980487654169,0.5950765512916004,14.2853495542041,0.5181060135805835,0.3062494316720698,0.7214625402929861,0.2315,False,13.6902730029125,110.78152070314881
701,Balrampur,Chhattisgarh,drowning,946118.4444444445,17.54019580646605,0.3022269967837873,91.75220273489428,0.5952264567318928,0.4697749226372283,0.7182904204542574,0.056,False,91.4499757381105,165.95102771664625
702,Balrampur,Uttar Pradesh,drowning,2010668.210843695,3.221654893822724,0.1393661290578876,13.333993209648735,0.5057601974905466,0.3115350679021894,0.7006540215477682,0.162,False,13.194627080590848,64.7767908131837
703,Hamirpur,Uttar Pradesh,drowning,1033362.9231227436,2.6543892836815175,0.1975305617608464,9.855713452328734,0.5731744456594923,0.43451926414029374,0.7087961172555527,0.045,False,9.658182890567888,27.429474692908183
704,Hamirpur,Himachal Pradesh,drowning,454768.0,9.945739172995353,0.2514109931355751,47.4174396445814,0.5027749475549372,0.36472623980230495,0.6407307063945226,0.314,False,47.16602865144583,45.230039122247504
705,Pratapgarh,Rajasthan,drowning,866217.4395932336,5.5075506874290365,0.7790771910088286,15.083507287351056,0.5215073386004908,0.3671832458201463,0.6721547225279918,0.3,False,14.304430096342227,47.70736454894734
706,Pratapgarh,Uttar Pradesh,drowning,3003035.7421073765,2.572154767938358,0.2548271184462108,8.94831303326281,0.4863704494457702,0.26694382175928033,0.7169763892900894,0.136,False,8.693485914816598,77.24272702350794
707,Bilaspur,Himachal Pradesh,drowning,381956.0,5.144518548193765,1.4152202541973007,11.711368458723108,0.5003112975075907,0.37013706597469737,0.6284354896263868,0.4165,False,10.296148204525807,19.649797265938975
708,Niwari,Madhya Pradesh,drowning,1396669.403846154,9.738420753186519,1.139714838526503,29.05936132100999,0.6190849652418075,0.468646116673881,0.7497368228094679,0.0465,False,27.919646482483486,136.01354307756029
709,Muzaffarabad,Jammu & Kashmir and Ladakh,drowning,570059.1818181818,0.6122866801638815,0.05329611286307313,1.5437508050414015,0.5850012169540878,0.4760203016154619,0.6862135415464133,0.0,False,1.4904546921783284,3.4903964393239306
710,Mirpur,Jammu & Kashmir and Ladakh,drowning,570059.1818181818,0.9780761823781374,0.02150983601541521,4.600596040842026,0.5847083052570757,0.47070128334458167,0.6912958088197927,0.0055,False,4.579086204826611,5.575613082823318
0,Aizawl,Mizoram,burns,320247.2,0.4700937212638749,0.020661092283604333,1.8562502902485696,0.24939147308202125,0.15912752639784933,0.35712767922809646,0.073,False,1.8355891979649652,1.505461979723364
1,Champhai,Mizoram,burns,100596.0,0.3972066056814159,0.038962993985013454,1.4060442408320053,0.19131863772271407,0.1567932341297453,0.23106467980102666,0.015,False,1.367081246846992,0.39957395705127713
2,Kolasib,Mizoram,burns,67164.0,0.4001208763436092,0.042189897275659825,1.4067915458733051,0.2124195107807652,0.16468106267687124,0.2657344225145206,0.0205,False,1.3646016485976453,0.2687371853874217
3,Lawngtlai,Mizoram,burns,94315.20000000001,0.5328542829422448,0.015546346440080391,2.158017340025817,0.1652749912509854,0.13292824131639935,0.20152341394490833,0.052,False,2.1424709935857367,0.5025625826655441
4,Lunglei,Mizoram,burns,129142.40000000001,0.37170442703689277,0.04459040853406023,1.1837033395135304,0.19632258460604698,0.15860868355004257,0.23988925493669147,0.013,False,1.13911293097947,0.48002801798169226
5,Mamit,Mizoram,burns,69091.2,0.5181191009960519,0.017969945030184706,2.1262065114325197,0.16534596981638386,0.13560082226497625,0.19812228920043398,0.046,False,2.108236566402335,0.3579747043073842
6,Saiha,Mizoram,burns,45259.200000000004,0.38589661371000006,0.0422592699986634,1.276083911328668,0.19674683072606702,0.1644709591755259,0.23315229258956174,0.015,False,1.2338246413300045,0.17465372019223638
7,Serchhip,Mizoram,burns,51949.600000000006,0.3709184015808987,0.04759441356344515,1.1843837744638634,0.20598466857071765,0.16495529349270832,0.25279359014625313,0.014,False,1.1367893609004183,0.19269062594767059
8,Khawzawl,Mizoram,burns,109720.6,0.38432247404641556,0.04292804351814283,1.2650235078067673,0.19657469332193012,0.15908438297337815,0.23677808054154267,0.0145,False,1.2220954642886244,0.42168092445857147
9,Hnahthial,Mizoram,burns,109720.6,0.3786161347656993,0.0440843481174717,1.213711425189567,0.19614806388254588,0.16094724657569326,0.2355224872782228,0.012,False,1.1696270770720953,0.41541989476173385
10,Thiruvallur,Tamil Nadu,burns,3508803.7647058824,3.6414791635965273,0.41189911841039434,11.28770678961123,0.23524970448926572,0.09651250595227845,0.43917949193998074,0.7425,False,10.875807671200835,127.77235798325522
11,Chennai,Tamil Nadu,burns,4373394.823529412,7.790981634448278,0.05578078702829557,40.48899809755127,0.2923913286462463,0.10145838778378583,0.5675677468398093,0.6015,False,40.43321731052297,340.73038750308814
12,Krishnagiri,Tamil Nadu,burns,1769232.0,4.037028274153801,0.2605798996484537,13.357675927453503,0.17659707981211012,0.09494719885775275,0.2898802366439871,0.775,False,13.09709602780505,71.42439607537679
13,Tiruvannamalai,Tamil Nadu,burns,2319882.3529411764,4.215935273417064,0.21468513840963604,14.721985811550793,0.17360173606030277,0.08440474316330522,0.2903614034873526,0.7515,False,14.507300673141156,97.80473841942481
14,Dharmapuri,Tamil Nadu,burns,1418205.1764705882,4.401228278318351,0.18654443580479202,15.700956171800817,0.16812034627353445,0.09256177908843208,0.26232474340556144,0.7495,False,15.514411735996024,62.4184472713982
15,Salem,Tamil Nadu,burns,3277229.176470588,3.3746069515572565,0.5923581567437413,9.361264375435308,0.2149789605062125,0.0914777673051972,0.3915199499965807,0.8025,False,8.768906218691567,110.59360360763908
16,Erode,Tamil Nadu,burns,2119288.470588235,3.4985971443045436,0.602554232437404,10.375795286071838,0.2124709827923368,0.11051289655006337,0.3493639105801015,0.7935,False,9.773241053634434,74.14536591157544
17,Nilgiris,Tamil Nadu,burns,692135.5294117647,3.2683744888800836,0.6397156743349315,7.852493944547997,0.21610586467249623,0.14402158588646857,0.3049092510122104,0.8285,False,7.212778270213065,22.621581071769224
18,Namakkal,Tamil Nadu,burns,1625036.2352941176,3.4846479685738223,0.4719164714291547,9.397522878912737,0.19669100815214638,0.11254067391448666,0.3116896645666122,0.8415,False,8.925606407483581,56.62679216176499
19,Perambalur,Tamil Nadu,burns,531974.5882352941,4.308906030076049,0.17753373271831968,14.20796135291751,0.16431577548505574,0.114804320836531,0.2248268909241541,0.7395,False,14.03042762019919,22.922285110942816
20,Coimbatore,Tamil Nadu,burns,3254630.588235294,4.127671355853701,0.2799685130750258,13.89893007830107,0.25024444835633897,0.10401078260127797,0.4530300545895513,0.708,False,13.618961565226044,134.34045452944105
21,Tiruchirappalli,Tamil Nadu,burns,2562155.294117647,3.297638133942959,0.599400846359831,8.154760397872696,0.20847848614799222,0.10367517707386002,0.35395786448819433,0.8355,False,7.555359551512865,84.49061002966191
22,Ariyalur,Tamil Nadu,burns,710488.4705882353,5.033262725250574,0.11542189832214354,19.191288888309785,0.15975179206727058,0.10342980188255141,0.2334796375909554,0.7185,False,19.07586698998764,35.76075135732054
23,Tiruppur,Tamil Nadu,burns,2333225.411764706,3.4013075994403583,0.4463059326122829,9.574953820054258,0.2244592475177482,0.11322129537025148,0.376091538767643,0.783,False,9.128647887441975,79.36017324242653
24,Thanjavur,Tamil Nadu,burns,2264367.058823529,3.6412749492627987,0.4101042606146751,10.002421502701903,0.1921800119284369,0.095503576179626,0.31990656010116547,0.8115,False,9.592317242087228,82.45183047229999
25,Karur,Tamil Nadu,burns,1001875.7647058823,3.342324559297264,0.46873665139841064,8.461893436822193,0.1946593023513161,0.126492688334498,0.2798311178483381,0.853,False,7.993156785423782,33.485939737411975
26,Thiruvarur,Tamil Nadu,burns,1189907.7647058824,4.84463314906723,0.1630528545530097,17.24677483133525,0.1691224415655768,0.10210534367601606,0.25866252514405796,0.7145,False,17.083721976782243,57.646666012266074
27,Dindigul,Tamil Nadu,burns,2032729.4117647058,3.5295724048092905,0.3973897461056304,9.963262511141586,0.19176701278845257,0.10480303629698136,0.31097916815031423,0.826,False,9.565872765035955,71.74665638208927
28,Madurai,Tamil Nadu,burns,2859531.294117647,3.5482885555306494,0.4534974901033016,10.22861180796608,0.22400416830794934,0.10445853591995154,0.38713656493126347,0.7775,False,9.775114317862778,101.46442165099396
29,Theni,Tamil Nadu,burns,1172610.8235294118,3.381706447562043,0.5876381968791559,8.914887841122093,0.21126944082482965,0.13295178976527045,0.31276205720883293,0.8255,False,8.327249644242936,39.65425582410449
30,Virudhunagar,Tamil Nadu,burns,1828035.7647058824,3.3864407843152855,0.6363868419422187,9.007016624451177,0.21007341217678419,0.1168601418460853,0.3380158293953823,0.826,False,8.370629782508958,61.905348687869804
31,Thoothukkudi,Tamil Nadu,burns,1647224.4705882352,3.515941654426568,0.5255602571434276,9.590909586869978,0.20365217926100673,0.11634930020741226,0.31285188548091597,0.829,False,9.065349329726551,57.91545130331927
32,Kanyakumari,Tamil Nadu,burns,1760352.0,5.275730961440999,0.13187894571107334,22.088340730407438,0.2594935280137816,0.128607342733659,0.43328771850630005,0.671,False,21.956461784696366,92.87143549434586
33,Viluppuram,Tamil Nadu,burns,3255409.882352941,5.307185920133417,0.1269057354994794,24.12644040763388,0.16892973403525247,0.07597356924569267,0.30551566203752956,0.694,False,23.9995346721344,172.77065491886714
34,Cuddalore,Tamil Nadu,burns,2452624.9411764704,3.743159739696506,0.3359094567027486,11.239569617473586,0.18954776387522423,0.09363631341738,0.33134374620302126,0.792,False,10.903660160770837,91.80566936387275
35,Pudukkottai,Tamil Nadu,burns,1523148.2352941176,4.374827435511696,0.21191150400872624,14.405603564300275,0.17063014953906566,0.09565226663404537,0.2657475979129367,0.744,False,14.193692060291548,66.63510688115929
36,Sivaganga,Tamil Nadu,burns,1260330.3529411764,3.64179168836661,0.3874994501507572,10.668225013619846,0.18343835587434945,0.11523504733778017,0.2761667063180397,0.8135,False,10.280725563469089,45.89860603937332
37,Ramanathapuram,Tamil Nadu,burns,1273830.5882352942,3.8045859038573,0.31058282194872866,11.930944001227285,0.18049552658374693,0.10755789594022455,0.2720203270571501,0.776,False,11.620361179278557,48.46397899902253
38,Nagapattinam,Tamil Nadu,burns,1521364.705882353,4.477357175204861,0.21759479196794645,15.508564795480785,0.17316488548971556,0.09835992984621421,0.27169765910324245,0.7285,False,15.290970003512838,68.11693181985785
39,Kallakurichi,Tamil Nadu,burns,2121971.470588235,3.338969971542082,0.6236114043680023,8.883138804459792,0.20222051475204816,0.10612443187735034,0.338838682605226,0.8495,False,8.25952740009179,70.85199020763109
40,Tenkasi,Tamil Nadu,burns,2121971.470588235,3.366557976609949,0.5252746591682194,8.84321051900174,0.20063972875590017,0.10160727440461756,0.3307583602360462,0.847,False,8.31793585983352,71.43739980447567
41,Tirunelveli,Tamil Nadu,burns,2896219.294117647,3.8691453826492097,0.48454746396140785,12.586711217411942,0.20996539651884322,0.09939350349816431,0.37348554372737497,0.784,False,12.102163753450535,112.05893508974849
42,Vellore,Tamil Nadu,burns,3704782.117647059,3.904315631706662,0.36009862375198964,13.78531250261349,0.20332852317687553,0.08064560761624052,0.3797966470746935,0.771,False,13.4252138788615,144.64638733996722
43,Kancheepuram,Tamil Nadu,burns,3763060.705882353,4.028347436695966,0.303990282286507,14.008150486502327,0.23510953999544812,0.09646444604748551,0.4432213968632077,0.728,False,13.70416020421582,151.5891594867249
44,Burhanpur,Madhya Pradesh,burns,719703.4256611126,3.985510574429821,0.572378088964908,10.813720620689885,0.18588277437097367,0.12570802586662422,0.26129937306982115,0.823,False,10.241342531724976,28.68385613425731
45,Gondia,Maharashtra,burns,1389365.547007887,3.7266117640053213,0.1062491512772739,16.19884288643769,0.1674498109372222,0.09509422732434464,0.26596553099581555,0.587,False,16.092593735160413,51.776259919832796
46,Bhandara,Maharashtra,burns,1261016.1643773264,4.051183724368392,0.0805258150691344,19.630230415338715,0.170174902140125,0.1029553239059635,0.26187438549483977,0.5715,False,19.549704600269582,51.086081612908814
47,Jalgaon,Maharashtra,burns,4443757.913192867,2.599671613585768,0.24791881087752496,8.174329679267013,0.19464386919123833,0.07677544823657206,0.3741844269227533,0.627,False,7.926410868389488,115.52311304574626
48,Mahasamund,Chhattisgarh,burns,688502.6666666666,7.00675865252302,0.5514213014944824,21.522476648744604,0.15999038476167388,0.10364763773853652,0.22730443962620572,0.919,False,20.97105534725012,48.241720169518395
49,Wardha,Maharashtra,burns,1366533.8482470317,3.030380154300011,0.17687751208510907,11.349184590070394,0.1832448374058705,0.11138998956559153,0.2808291044463316,0.592,False,11.172307077985284,41.41117053907028
50,Buldhana,Maharashtra,burns,2717004.7197281555,2.7035346175666044,0.2031361686404005,8.441919691559786,0.17523734927154952,0.08058283205396878,0.3185749853565296,0.6205,False,8.238783522919386,73.45516315876918
51,Valsad,Gujarat,burns,1375269.7712555276,2.301294173440981,0.2598757544554834,7.957189113462316,0.20148741156552172,0.11768253463601039,0.3061786003125511,0.5165,False,7.697313359006833,31.649003114998564
52,Akola,Maharashtra,burns,1905606.9282891417,2.632446510802327,0.33417278238924786,8.793923866175232,0.19478311657532835,0.10494876224425406,0.3192133804545141,0.6195,False,8.459751083785985,50.16408309335491
53,Bhadrak,Odisha,burns,1541338.0673229115,14.484366839199053,1.0277888613198372,51.07521068961477,0.1643165055627734,0.09120165814930012,0.2596391380092042,0.9605,False,50.04742182829494,223.25305990327138
54,Dhenkanal,Odisha,burns,1220527.0144871362,11.922958244523892,2.25765529486691,31.62072616378335,0.16045474880305216,0.09231435249511899,0.2536599453110022,0.996,False,29.363070868916438,145.52292630043533
55,Jajpur,Odisha,burns,1869648.4159307547,13.180345034753362,1.5023585512311464,43.5835140459138,0.16277722316394508,0.08599706610761225,0.2732051655375132,0.9825,False,42.081155494682655,246.42611215647412
56,Subarnapur,Odisha,burns,624361.1395944573,13.804552474696582,0.8966895250598989,46.289517960135186,0.15609993882048304,0.10087885744002786,0.2231935587681012,0.9495,False,45.39282843507529,86.19026114693044
57,Nuapada,Odisha,burns,624564.7635347823,12.492813348998274,1.6364529199951545,38.98437954079499,0.15324502584558314,0.09828280899452804,0.2280393688624281,0.9875,False,37.34792662079983,78.02571015201279
58,Balangir,Odisha,burns,1687312.8981106346,12.061507885229306,1.6202560016825522,33.498077985167455,0.16707916759045288,0.08793571693144493,0.2761033320331901,0.982,False,31.877821983484903,203.51537825410531
59,Nashik,Maharashtra,burns,6415932.170441787,2.5830971286401554,0.3547596327790645,7.581908209017173,0.215949149875256,0.06931528130507907,0.4558688273472164,0.5935,False,7.2271485762381085,165.72975967018178
60,Boudh,Odisha,burns,451412.7877469054,11.50668857381821,1.9457888248811903,30.777605986018088,0.1505624153487896,0.1027046366212934,0.20856646186977693,0.993,False,28.831817161136897,51.942663668427414
61,Gadchiroli,Maharashtra,burns,1127183.9383366108,6.049759821409789,0.04639396474112062,36.9535201751015,0.16012470041774718,0.09152982890838236,0.2482807474114647,0.5555,False,36.90712621036038,68.19192101487276
62,Washim,Maharashtra,burns,1257681.7047138214,2.8430192806234085,0.17051322753417075,8.857155565181692,0.16499112363124532,0.09635500314908421,0.2599964912119131,0.6285,False,8.686642337647521,35.7561333538871
63,Cuttack,Odisha,burns,2685451.872686498,12.595829197763171,1.4331352312381602,36.69828836183585,0.19453222217454766,0.09504310916567962,0.3355669354964485,0.9715,False,35.26515313059769,338.2549310717237
64,Chandrapur,Maharashtra,burns,2315744.41634586,2.6614724161777157,0.2550585236401776,8.29131356497201,0.1883493442499335,0.0973126464194402,0.31752623483224246,0.6,False,8.036255041331831,61.6328988702207
65,Yavatmal,Maharashtra,burns,2912502.3879013276,2.954749063199336,0.14506383067477238,9.638395696683347,0.17595991221869575,0.0816147909289682,0.3154594878307788,0.6175,False,9.493331866008575,86.05713702217277
66,Kandhamal,Odisha,burns,750144.4567418178,11.2459047036554,1.9364413553109692,27.463365125912002,0.15790729062301279,0.1017529006189613,0.2328663969244931,0.9905,False,25.526923770601034,84.36053074493833
67,Jalna,Maharashtra,burns,2058084.393809343,2.9456270110107288,0.1559654024997619,10.417720741491673,0.1698289558056336,0.0900706751961343,0.28558962434796004,0.604,False,10.261755338991911,60.62348981344443
68,Nayagarh,Odisha,burns,985160.2506608804,12.878376525021626,1.128989607782865,39.318571408804445,0.15832317406350238,0.09888278041444169,0.24446652755381354,0.9685,False,38.18958180102158,126.87264645495503
69,Uttar Bastar Kanker,Chhattisgarh,burns,499294.0,6.908098726994272,0.48742182291263925,19.336391718186942,0.15963285515791636,0.10988091873068248,0.22335082295943784,0.92,False,18.8489698952743,34.49172245795878
70,Khordha,Odisha,burns,2303992.6059462004,18.83290257858044,0.5836899600250315,84.33703677065542,0.22520793189345192,0.10931307196413886,0.38760668439928037,0.8935,False,83.75334681063039,433.9086828955447
71,Kalahandi,Odisha,burns,1613508.9404837112,12.224641478745161,1.7746083461987627,36.522827550968714,0.1607568857741776,0.08606975401335643,0.26965441421202857,0.9875,False,34.74821920476995,197.2456832016333
72,Jagatsinghpur,Odisha,burns,1163389.5228904276,13.168157991221989,1.244720533773228,42.56677691698974,0.16302436598901315,0.09564916750916046,0.2532458732357997,0.966,False,41.32205638321651,153.1969704275352
73,Puri,Odisha,burns,1738201.4881818937,12.85017292339935,1.179998020552275,38.04923040383729,0.1693408670326918,0.08627750448575747,0.27787146600936224,0.969,False,36.869232383285016,223.36189698847426
74,Ahmednagar,Maharashtra,burns,4772835.674350914,2.833351612854736,0.19862184072391545,9.687361792385813,0.18241610967907493,0.06591417851735777,0.38196704728080205,0.6025,False,9.488739951661898,135.2312165581278
75,Nabarangapur,Odisha,burns,1249315.755999912,12.755407078336054,1.5170624219746747,40.334594540329064,0.1581130789247568,0.08862449864012333,0.25751387756793837,0.986,False,38.81753211835439,159.35531037158034
76,Hingoli,Maharashtra,burns,1236864.9692909003,2.958485499835794,0.127184056219339,10.759387821856722,0.16334375163480974,0.09464846043439495,0.2535406431820805,0.609,False,10.632203765637383,36.592470769019734
77,Rayagada,Odisha,burns,990401.2648435155,11.27438926131538,2.0786627415474137,29.940155148097816,0.1672703211915359,0.10407028444590094,0.24680315601958716,0.992,False,27.8614924065504,111.66169384744899
78,Nanded,Maharashtra,burns,3531220.0980661986,2.6063987782527698,0.20361170575113047,8.203385951353189,0.18578957854184452,0.08017893564077186,0.3446923205476427,0.6025,False,7.999774245602058,92.03767749341365
79,Narayanpur,Chhattisgarh,burns,93213.33333333333,14.795966832058152,0.084163210038203,62.07517916416454,0.16465211445127415,0.13330572092079596,0.20207923756617607,0.7725,False,61.99101595412633,13.791813883055804
80,Parbhani,Maharashtra,burns,1928908.224866502,2.4753027954291413,0.27658301707534283,7.085418535137271,0.1845798860712876,0.09636430830153137,0.3016727160888923,0.625,False,6.808835518061929,47.74631921138315
81,Pune,Maharashtra,burns,9906106.057571374,2.9097465339008566,0.21093599899101506,10.342041989892873,0.24580446199871067,0.08401160980643774,0.4788203820424079,0.5855,False,10.131105990901858,288.24257765472584
82,Beed,Maharashtra,burns,3210695.2285714285,2.459081732469329,0.2677813550899153,7.059980057826675,0.18947704254814016,0.08128653729615172,0.3527853995396075,0.62,False,6.79219870273676,78.95361985106436
83,Mumbai,Maharashtra,burns,3241392.099821892,6.630508494199464,0.02872215168986043,38.22774353984866,0.2907886182927499,0.11929459541818642,0.5463816179808132,0.542,False,38.1990213881588,214.9207785090009
84,Koraput,Odisha,burns,1411704.3135552355,13.27312935301184,1.1684244642127524,40.727262225097185,0.1694282214130926,0.09646411224368742,0.26744588083993026,0.965,False,39.55883776088443,187.37733962023427
85,Srikakulam,Andhra Pradesh,burns,4629404.761373135,1.8629055039860563,0.22776237033151647,6.241720954336181,0.18211158892971452,0.06341695601290324,0.3804574876202437,0.4125,False,6.013958584004664,86.24143610141269
86,Vizianagaram,Andhra Pradesh,burns,4015191.0346790846,1.904507267669909,0.22959628760787307,6.6103893247368015,0.185152248646018,0.07682850240846448,0.36085547903693127,0.428,False,6.380793037128928,76.4696050662938
87,Latur,Maharashtra,burns,2578266.404642522,2.7377854229873946,0.19944896293541003,9.95923027306667,0.18042264385755483,0.08806066106836813,0.30351494891122766,0.584,False,9.75978131013126,70.58740179208415
88,Osmanabad,Maharashtra,burns,1741373.7590403266,2.9550971100063483,0.14046310188379332,10.609172011295609,0.16771907138362327,0.08927893430211974,0.2823789105645462,0.6025,False,10.468708909411816,51.45928562780961
89,Malkangiri,Odisha,burns,627440.0563604763,21.470462893311932,0.45826311176510215,97.2401106201552,0.15609416858074263,0.10312214913852198,0.22643212512201052,0.893,False,96.7818475083901,134.71428447865154
90,Solapur,Maharashtra,burns,4536037.56107649,2.4392729931127404,0.27299714601972447,7.40988734434502,0.19462966571038692,0.07320985836741313,0.3743743410177392,0.5925,False,7.136890198325296,110.64633918478866
91,Visakhapatnam,Andhra Pradesh,burns,7348144.823228025,2.0543295693324426,0.16359736506299813,7.625231169762037,0.2435232711551571,0.08117817257510018,0.5080726138378244,0.429,False,7.461633804699039,150.95511190094447
92,Bidar,Karnataka,burns,2281052.309325669,3.6942422629695493,0.7577677057033082,9.624917146474818,0.18848352570174892,0.0963447444446271,0.3196191053488895,0.8835,False,8.86714944077151,84.26759845155176
93,Satara,Maharashtra,burns,3155593.3220277983,3.5306030152385155,0.11746257258031989,14.18512529761785,0.1757585496417921,0.07646740318748943,0.32423295484815096,0.587,False,14.067662725037529,111.41147297617869
94,Ratnagiri,Maharashtra,burns,1696717.843187583,2.9078238598585058,0.13591909423276888,9.506233623888381,0.16611544441814577,0.08638451262395991,0.27616299044799847,0.606,False,9.370314529655612,49.33756627868516
95,Kalaburagi,Karnataka,burns,2036509.9,3.531908336144844,0.8691654397544346,8.227429908424462,0.18808148999169197,0.09963546048278069,0.31246532415965467,0.9005,False,7.358264468670027,71.92766292451502
96,Sangli,Maharashtra,burns,2964814.7442164607,2.6082237681457086,0.19317394803888616,8.437940759743714,0.18134419277355268,0.08472694448730633,0.32152357155912326,0.608,False,8.244766811704828,77.32900284014212
97,Kolhapur,Maharashtra,burns,4071949.902396068,2.8233110434384336,0.24073567319803799,10.836690064878749,0.19379110288830603,0.08231015868528142,0.3655487605526251,0.584,False,10.59595439168071,114.96381127762871
98,Krishna,Andhra Pradesh,burns,7736582.256692643,1.7733610570147367,0.2315237117360857,5.4330267374387,0.22824804414881475,0.07229593057284624,0.4652119671914963,0.398,False,5.201503025702615,137.19753688409924
99,Belagavi,Karnataka,burns,2036509.9,3.455786698971316,0.9320605638237557,7.499479084456538,0.18824693134579895,0.09807417766875891,0.31324312356998063,0.9095,False,6.567418520632782,70.37743824743406
100,Yadgir,Karnataka,burns,1572578.8623989683,3.8524362515250306,0.65947352562445,10.75685017858229,0.1755023023041213,0.099624436476225,0.28191336459821914,0.873,False,10.09737665295784,60.58259817887779
101,Bagalkote,Karnataka,burns,2530748.0559225045,3.76332335401697,0.7099091662543661,10.19404219397433,0.19992212251781014,0.09439311528958279,0.34379287053607455,0.8445,False,9.484133027719963,95.24023261986207
102,Sindhudurg,Maharashtra,burns,892604.5959535928,3.186894274312055,0.14166875567158926,12.687421067743685,0.16115000363257012,0.10062768107813022,0.23983364464328819,0.598,False,12.545752312072096,28.4463647606913
103,Guntur,Andhra Pradesh,burns,8370962.0737051815,1.7670128751767211,0.30065066211253516,5.282298391897257,0.222816528697909,0.07241696898062873,0.46226802290786934,0.424,False,4.981647729784721,147.9159776185308
104,East Godavari,Andhra Pradesh,burns,8827345.958744805,1.7837084575558864,0.2776913299576115,5.1923687585198355,0.21594876525696122,0.06499869022702151,0.46587664244586957,0.4355,False,4.914677428562224,157.45411644384882
105,Raichur,Karnataka,burns,2583057.0462367535,3.5693607882939147,0.9039101306834089,8.649595893367623,0.19237706191724924,0.09150923823006031,0.3318680845119465,0.876,False,7.745685762684214,92.19862534763769
106,Prakasam,Andhra Pradesh,burns,5818534.456081999,1.815573374571409,0.2162590242808307,5.928020880524756,0.1971355534916508,0.06213812853239809,0.415338658545516,0.4215,False,5.711761856243926,105.63976237488812
107,Kurnool,Andhra Pradesh,burns,6942038.298144226,1.7307893484513865,0.2502503864968541,5.44368442309173,0.21270499767318304,0.06886212213182757,0.4427046495406728,0.401,False,5.1934340365948755,120.15205942969617
108,Koppal,Karnataka,burns,1861375.1105371537,4.272114267556566,0.566402567896976,13.579727052075867,0.17484109184123217,0.09335649794127823,0.2920873802776239,0.807,False,13.013324484178892,79.52007167000455
109,Gadag,Karnataka,burns,1425667.7372974975,3.7650980310439843,0.7229329758047568,10.302592960707985,0.19576399053086835,0.11549817304315743,0.29903686056115525,0.833,False,9.579659984903229,53.677787906217404
110,North Goa,Goa,burns,818008.0,1.7723267450852982,0.5689324748676159,3.546624869989942,0.22944829074054565,0.14831513567795618,0.3273870942831778,0.514,False,2.977692395122326,14.497774560937346
111,Ballari,Karnataka,burns,2036509.9,3.444807437986454,0.9319266427010326,7.594869703311132,0.18796321072271516,0.10057483075398245,0.30588186092828035,0.898,False,6.662943060610099,70.1538445105305
112,Dharwad,Karnataka,burns,2473525.5559957875,5.301780494805142,0.30365153607059775,22.70974262924229,0.23522241079185188,0.10890201909417,0.4084712815295481,0.713,False,22.406091093171693,131.1408954618051
113,Uttara Kannada,Karnataka,burns,1924650.7757536913,3.6707637849457098,0.8536489871167768,8.968134922879546,0.1882928906880555,0.10237658909759902,0.30242103538587267,0.8785,False,8.114485935762769,70.64938366304317
114,South Goa,Goa,burns,640537.0,1.8623563701307708,0.4953672027730034,3.879703092388867,0.22788232302603373,0.14956900804813442,0.32892955121718076,0.5305,False,3.3843358896158637,11.929081622544537
115,Haveri,Karnataka,burns,2139590.3721808977,3.6723988674607697,0.7971452856101477,9.291907330770995,0.18432453545352268,0.09360974976376471,0.3088672316226795,0.89,False,8.494762045160847,78.57429259627096
116,Anantapur,Andhra Pradesh,burns,6989452.158905784,1.7713172588702533,0.268181659779356,5.257678462075221,0.2140976682752091,0.06718721379402195,0.4471913132300359,0.4245,False,4.989496802295865,123.80537239117767
117,S.P.S. Nellore,Andhra Pradesh,burns,5075444.426835378,1.7591269688485696,0.27592220727536776,5.404925202282162,0.2022066426530129,0.06572222266334841,0.4247190995875149,0.416,False,5.129002995006794,89.28351170138284
118,Chitradurga,Karnataka,burns,2222336.606014406,3.9972820641036413,0.7387008700078703,11.78072938089437,0.1814531589841687,0.08962460369098213,0.30779596741363285,0.848,False,11.0420285108865,88.83306255622344
119,Davanagere,Karnataka,burns,2605401.5291705285,3.68380739874662,0.7887249366600109,9.505853517315636,0.19923883586377167,0.09894913565397795,0.3416856267573831,0.8515,False,8.717128580655626,95.97797429864151
120,Shivamogga,Karnataka,burns,2347279.5622189245,3.7262971644058913,0.8416835304620798,9.369338110406101,0.20372904443815465,0.0987703651124734,0.35158892398325325,0.8525,False,8.527654579944022,87.46661176764282
121,Udupi,Karnataka,burns,1576716.97760816,4.03355465605277,0.6283214184046303,12.553279590853744,0.18544129304000642,0.10582145466048495,0.2905804595269526,0.828,False,11.924958172449115,63.59774106308845
122,Chikkamagaluru,Karnataka,burns,1523952.6607013138,3.8507205563585605,0.7226103969742016,10.530915449619194,0.17361676957835245,0.100707359646091,0.2719978868206868,0.871,False,9.808305052644991,58.683158374798715
123,Chikkaballapura,Karnataka,burns,1680830.0813972198,4.094656180122855,0.5814087778450338,12.957775772933305,0.17725804940853718,0.09791265210201548,0.281557473114155,0.821,False,12.37636699508827,68.82421280529528
124,Hassan,Karnataka,burns,2378975.649847129,3.9907964881533835,0.67073461405695,11.549827296363581,0.18244508574913368,0.08550476548086915,0.308769478919444,0.8555,False,10.87909268230663,94.94007668812334
125,Kolar,Karnataka,burns,2057541.8593907517,3.9519799713204686,0.6279836146829917,10.858763830099962,0.19225786760096958,0.1015915719923629,0.31340573332875726,0.829,False,10.23078021541697,81.31364218465727
126,Bengaluru Rural,Karnataka,burns,1327039.9797533727,3.6050942289068497,0.9937674016751004,8.350904536201824,0.18169723687331427,0.1128003862106094,0.273507480597826,0.918,False,7.357137134526724,47.84104172537547
127,Dakshina Kannada,Karnataka,burns,2798449.290864836,4.919578268313464,0.36653814074999896,19.907735539469638,0.2292933620694645,0.10425850372938761,0.40638381899460413,0.722,False,19.54119739871964,137.67190316315873
128,Bengaluru Urban,Karnataka,burns,2036509.9,3.8325504083649484,0.7671504388135914,9.873772416317662,0.1868720614852549,0.10111376727275664,0.30485601589409766,0.8855,False,9.106621977504071,78.0502684888426
129,Kasaragod,Kerala,burns,1307375.0,2.9923415119982484,0.47088414980780735,8.72963500674794,0.1941021860329642,0.11785234409488993,0.2881184705118089,0.7345,False,8.258750856940132,39.1211248424871
130,Kodagu,Karnataka,burns,742609.5494128813,4.163092831917389,0.594304722479834,13.053922409119437,0.16380412289474708,0.10755198854894546,0.23630771399341377,0.833,False,12.459617686639604,30.91552492074168
131,Chamarajanagara,Karnataka,burns,1367039.081717172,3.8731098097427417,0.7220427092271055,11.112939517921493,0.16931548302229124,0.09641630638619089,0.2664709535104121,0.869,False,10.390896808694388,52.94692477700488
132,Wayanad,Kerala,burns,817420.0,4.8045348541816315,0.11911521140531897,21.490633954210107,0.15192998294905505,0.09456254169945974,0.2259952443242303,0.606,False,21.37151874280479,39.273228805051495
133,Kozhikode,Kerala,burns,3086293.0,3.314228292696018,0.25126715628356533,10.843222026984542,0.2515719849750678,0.10906266856920549,0.4541424462193662,0.6405,False,10.591954870700976,102.28679580149672
134,Malappuram,Kerala,burns,4112920.0,3.095881805934192,0.4157299524146075,9.14853399406664,0.22749455758877865,0.09245481870542105,0.4150647326102831,0.683,False,8.732804041652031,127.33114197262859
135,Palakkad,Kerala,burns,2809934.0,3.277676537525713,0.2744148234715491,10.857202648743895,0.18810348544641323,0.08334775354384392,0.33840606291720665,0.684,False,10.582787825272346,92.10054743795777
136,Thrissur,Kerala,burns,3121200.0,3.2925014009186344,0.30511960510873737,10.70799199407983,0.25217320819827743,0.11074822911457953,0.4387482248566412,0.646,False,10.402872388971092,102.76555372547242
137,Idukki,Kerala,burns,1108974.0,4.624106153092399,0.11879864854647101,20.2053182742944,0.15397979065726708,0.0873700086734425,0.24326631877489047,0.6135,False,20.08651962574793,51.280134970194894
138,Ernakulam,Kerala,burns,3282388.0,3.230927570540978,0.2903921687282976,9.868541051947014,0.2539371318304207,0.11136508177797541,0.43877360251407593,0.6675,False,9.578148883218716,106.0515788641286
139,Alappuzha,Kerala,burns,2127789.0,2.9234460736027055,0.43980763801741946,8.620347396787421,0.22110256595920394,0.112696732581562,0.37341504176142004,0.696,False,8.180539758770001,62.20476397505027
140,Kottayam,Kerala,burns,1974551.0,3.056969661467727,0.2952852008499929,9.912151122569055,0.18557671309236456,0.09996029591164589,0.31069887548424463,0.7035,False,9.616865921719063,60.36142502020762
141,Pathanamthitta,Kerala,burns,1197412.0,3.9448989896121045,0.15373384597398904,15.371842874261647,0.16278047427406978,0.0960714475694418,0.2564917868797243,0.635,False,15.218109028287659,47.23669388949409
142,Kollam,Kerala,burns,2635375.0,2.7794512762733032,0.5012537366387154,8.043795560910118,0.21030747101884065,0.10123223881008551,0.36310823591783636,0.7305,False,7.542541824271402,73.24896407208756
143,Thiruvananthapuram,Kerala,burns,3301427.0,3.005255208480774,0.3670036206392066,9.350658677466509,0.22820538276002003,0.10041795151477516,0.40567529723114115,0.693,False,8.983655056827303,99.21630687169056
144,West Godavari,Andhra Pradesh,burns,6742523.306735915,1.803339225939249,0.2342354322387384,5.769297159492902,0.2000944831796423,0.06594423507237102,0.43261969990250015,0.421,False,5.535061727254164,121.59056760846491
145,Dakshin Bastar Dantewada,Chhattisgarh,burns,355758.6666666666,9.869445205356483,0.1720112396906807,33.463016951383985,0.17046902336802058,0.12625146126109812,0.22459489522887893,0.8165,False,33.2910057116933,35.11140666997348
146,Bastar,Chhattisgarh,burns,942132.6666666666,10.140253978113028,0.19625655244433957,35.89096165854132,0.16676838276573894,0.10415391022338641,0.2529844519611981,0.818,False,35.69470510609698,95.53464521076901
147,Kondagaon,Chhattisgarh,burns,946118.4444444445,8.825297068450329,0.2785286939283064,29.17011901011548,0.1729300897271625,0.11217225854670311,0.2524028283579657,0.8445,False,28.891590316187177,83.49776334162341
148,Gariaband,Chhattisgarh,burns,946118.4444444445,7.109284540038001,0.41432015132022665,20.99624808639952,0.17360438775953957,0.10971076798436465,0.2570089311545259,0.8985,False,20.581927935079293,67.26225230133691
149,Raipur,Chhattisgarh,burns,2709248.0,8.03175746204609,0.21550153088061666,24.2929224745489,0.2375242873589939,0.11662301777503013,0.4050914216640427,0.855,False,24.077420943668283,217.60022840533443
150,Durg,Chhattisgarh,burns,2229248.0,8.861633093338044,0.16279957093784442,29.578241790244356,0.22497645386435244,0.11641013150313809,0.3684394876810005,0.8375,False,29.41544221930651,197.54777850057647
151,Thane,Maharashtra,burns,11619287.138751013,3.7750377130799104,0.09570287128545932,15.25734464172019,0.27024503118505355,0.08853719088660196,0.5281907438787616,0.557,False,15.16164177043473,438.63247147889444
152,Adilabad,Telangana,burns,2741239.0,0.6078878106001145,0.024847132942277157,2.524782972516273,0.17848759541832981,0.08426190446338716,0.31333070547835135,0.079,False,2.499935839573996,16.663657740416475
153,Hyderabad,Telangana,burns,3943323.0,1.5655225081105855,0.003405791939805794,9.753356716381925,0.2868007931964841,0.10685237111658898,0.5395475511300651,0.252,False,9.74995092444212,61.733609132501584
154,Jagtial,Telangana,burns,3208589.6470588236,0.49419543713513875,0.047054906354351216,1.6592365482214526,0.1863415064656457,0.08099822010985828,0.33816764855711734,0.03,False,1.6121816418671013,15.856703632155158
155,Jangaon,Telangana,burns,4229917.0,0.439487751954449,0.0622610329644759,1.288406995552568,0.1855098281572051,0.07351070778668119,0.3602440487376464,0.0145,False,1.2261459625880922,18.58996713283907
156,Mulugu,Telangana,burns,3208589.6470588236,0.44082328142033167,0.0556108385958672,1.2312830613467096,0.18766114533155756,0.0852947586815486,0.34717488120263723,0.012,False,1.1756722227508425,14.144210169477745
157,Jogulamba Gadwal,Telangana,burns,3208589.6470588236,0.47461950633431615,0.05065576619122961,1.5323065114712984,0.18639651059933862,0.08230490965971136,0.33977919981867943,0.027,False,1.4816507452800687,15.228592343164566
158,Kamareddy,Telangana,burns,3208589.6470588236,0.5722069527675978,0.032596843961195957,2.139661046124094,0.1873934784742101,0.08426140725704051,0.33908779614921136,0.051,False,2.1070642021628982,18.359773046251917
159,Karimnagar,Telangana,burns,3776269.0,0.48596340526573173,0.04182406656918893,1.572868102232229,0.176626762303883,0.07465499412026813,0.3276526195954079,0.018,False,1.5310440356630401,18.351285424394195
160,Khammam,Telangana,burns,2797370.0,0.6095589195418772,0.028150713785358817,2.637835314844307,0.1767163941142572,0.08352895557146593,0.3145968042560144,0.0695,False,2.609684601058948,17.05161834758861
161,Komaram Bheem,Telangana,burns,3208589.6470588236,0.5734695813382215,0.034581178318337,2.3409093760353072,0.18638924612412944,0.08651861803338061,0.33669228166344306,0.057,False,2.30632819771697,18.400285615849754
162,Mahabubabad,Telangana,burns,3208589.6470588236,0.5210675818748145,0.036373806068855014,1.8235559526927927,0.1871972938001363,0.08207177879523157,0.3372636743488309,0.0395,False,1.7871821466239377,16.718920486215058
163,Mahabubnagar,Telangana,burns,4053028.0,0.5214820034758049,0.028955488252571705,1.903204734060535,0.1682429047921189,0.06623839089219521,0.3361722243341057,0.0295,False,1.8742492458079631,21.135811615835344
164,Mancherial,Telangana,burns,3208589.6470588236,0.48882709675146824,0.05039028958536255,1.5858283629771301,0.18600423094070023,0.08028853009225946,0.34353343682996396,0.024,False,1.5354380733917676,15.68445561838583
165,Medak,Telangana,burns,3033288.0,1.0540467570827463,0.008270468968168564,6.134090448023771,0.1782461440547145,0.07707006309005579,0.317779095616803,0.1855,False,6.125819979055602,31.972273796980094
166,Medchal Malkajgiri,Telangana,burns,613192.0,0.6165412393776278,0.0215293034519766,2.620845812295741,0.1551732190958359,0.09844835356789833,0.22571909901707188,0.0735,False,2.5993165088437644,3.7805815565644636
167,Nagarkurnool,Telangana,burns,4053463.0,0.5242703942536272,0.032591866797399935,1.7200417012789562,0.18106758257681665,0.07325088207881575,0.34511884827290873,0.0335,False,1.6874498344815563,21.251106451024903
168,Nalgonda,Telangana,burns,3488809.0,0.5173336529437531,0.029406722998825952,1.847937010557708,0.17175735544231374,0.06796273161629662,0.33671272493659876,0.031,False,1.818530287558882,18.048783043930424
169,Nirmal,Telangana,burns,3208589.6470588236,0.4847262550294672,0.04459590191630505,1.6593218311251983,0.18641552802862868,0.08411983710869107,0.3321942725659987,0.026,False,1.6147259292088931,15.552876435451434
170,Nizamabad,Telangana,burns,2551335.0,0.48153228944904264,0.03932596445091643,1.5747496868595239,0.17215324800017123,0.08207064181550887,0.30703865149405085,0.02,False,1.5354237224086074,12.285501837014733
171,Peddapalli,Telangana,burns,3208589.6470588236,0.4628840277290935,0.049282042509108386,1.4412614909038772,0.18604718928879874,0.08237315875054917,0.33085960007606596,0.0165,False,1.391979448394769,14.852048991604587
172,Rajanna Sircilla,Telangana,burns,3208589.6470588236,0.4521190106184133,0.054245874692942675,1.3123657789194494,0.18594797956418754,0.08139509550716625,0.3373076707162176,0.015,False,1.2581199042265068,14.506643767087194
173,Ranga Reddy,Telangana,burns,5296741.0,0.597222969684963,0.024940678141966006,2.373520118164995,0.24143182869038593,0.07962178381236046,0.4994686377217964,0.1075,False,2.348579440023029,31.633353896721008
174,Sangareddy,Telangana,burns,5296741.0,0.6310067868893454,0.024185998370450497,2.614207300733741,0.2387194211824766,0.08928156215615297,0.4587741902982295,0.111,False,2.5900213023632905,33.422795193950584
175,Siddipet,Telangana,burns,3208589.6470588236,0.4361848202443172,0.0678161861170232,1.2528416143139798,0.18786119316174055,0.08067755823017435,0.35902854557637814,0.0085,False,1.1850254281969566,13.995380984401303
176,Suryapet,Telangana,burns,3208589.6470588236,0.4397336685957596,0.056725195051969476,1.2754654738607583,0.18595275952294132,0.08398066397641364,0.3372120968382968,0.013,False,1.2187402788087889,14.109248965195498
177,Vikarabad,Telangana,burns,3208589.6470588236,0.5836931627557274,0.02646420476565807,2.301569390278489,0.18713549647237068,0.08278852404201403,0.3478692185248718,0.058,False,2.275105185512831,18.72831839077048
178,Wanaparthy,Telangana,burns,3208589.6470588236,0.44816816102142415,0.0513940878828115,1.333314877878726,0.18899544304415833,0.08302222832350592,0.3469312391106258,0.017,False,1.2819207899959146,14.379877215947333
179,Warangal Rural,Telangana,burns,3512576.0,0.48185159477289735,0.041514320270876495,1.6039597484745571,0.18140001532167457,0.07663369167167383,0.34787643606927293,0.021,False,1.5624454282036806,16.925403473610046
180,Warangal Urban,Telangana,burns,3512576.0,0.5090329613925305,0.03798281495463286,1.7583722414227263,0.17865243244694504,0.08027295285385566,0.32987218377385963,0.0325,False,1.7203894264680935,17.880169633963295
181,Yadadri Bhuvanagiri,Telangana,burns,3208589.6470588236,0.5118072953478708,0.030918223361507048,1.7716946069960997,0.18739200482393328,0.08153952074412264,0.3419732341106055,0.035,False,1.7407763836345926,16.42179589142356
182,South 24 Parganas,West Bengal,burns,7704329.421039488,2.513160830269225,0.1054062036050431,11.067256694041022,0.2102737927926946,0.06995222985196548,0.428432135704758,0.4745,False,10.96185049043598,193.62218924447217
183,Amreli,Gujarat,burns,1220875.0625483869,2.338710128793402,0.15383443704016694,7.336556485185283,0.1760359532034836,0.1059754186607984,0.2649199639511668,0.518,False,7.182722048145116,28.55272874773191
184,Angul,Odisha,burns,1303419.353209367,11.565222388353563,2.003389089066856,31.687302446189534,0.17046064522327078,0.09750573865127755,0.26725709013936705,0.9895,False,29.683913357122677,150.74334685150293
185,Dang,Gujarat,burns,184068.5705916918,3.257678971361626,0.09901133082844417,14.611530418097757,0.15817655533573552,0.11935843278822655,0.20142674034302346,0.505,False,14.512519087269313,5.996363117051473
186,Dhamtari,Chhattisgarh,burns,533187.3333333333,6.741716242098158,0.3422325665506958,16.755481496530237,0.16903837002294148,0.11797395134260795,0.2311044517293119,0.9065,False,16.41324892997954,35.94597705214338
187,Kendrapara,Odisha,burns,1473829.0568360838,13.741759595618479,1.2848243751778436,47.00749334712716,0.1564910410577797,0.08167817305260996,0.2595183018729157,0.973,False,45.72266897194932,202.53004584078587
188,Dadra and Nagar Haveli,Other Union Territories,burns,343709.0,1.7319310922459592,1.0754128034776052,2.6345128704412173,0.2464723970010163,0.1637877784248907,0.3497142608949066,0.516,True,1.5591000669636121,5.952803037847663
189,Palghar,Maharashtra,burns,3210695.2285714285,2.8578347066058094,0.27323251239915025,10.259743061667677,0.18927543754693033,0.08118160296669978,0.35229594269365283,0.594,False,9.986510549268527,91.756362565451
190,Ganjam,Odisha,burns,3611031.1444667703,13.283874909215411,1.036582064673128,41.476421932293086,0.20150841477087653,0.07977170802535283,0.38204517986244174,0.955,False,40.43983986761996,479.6848601637754
191,Gajapati,Odisha,burns,591243.0870690441,13.937655097040956,1.3476637848945012,51.06772170784885,0.1604884489041599,0.10755969142413985,0.2255149826230708,0.9695,False,49.72005792295435,82.40542226078094
192,Y.S.R. Kadapa,Andhra Pradesh,burns,4936571.566389897,1.8383091743169375,0.27221328939177336,5.803366659415613,0.20867973818204014,0.07722422197923609,0.4058359966790143,0.4215,False,5.53115337002384,90.74944800166683
193,Tumakuru,Karnataka,burns,3587678.926576223,3.7307123202093515,0.8462369296255586,9.609205638166758,0.20248344938364102,0.08190099106400982,0.3860968380633269,0.8805,False,8.7629687085412,133.84597972333376
194,Chittoor,Andhra Pradesh,burns,7148581.878483924,1.791883152868016,0.253806162018609,5.2890193713823495,0.2197130928456746,0.06902021048299714,0.461757977641031,0.4335,False,5.03521320936374,128.09423434952936
195,Ramanagara,Karnataka,burns,1449861.6497147332,3.667423011798346,0.7558169162939162,9.538648871771192,0.17853911440973522,0.10220796011507559,0.27859604593820775,0.8845,False,8.782831955477276,53.17255978087726
196,Mandya,Karnataka,burns,2418278.369963426,4.018317272104487,0.6304364924579187,12.234826238141364,0.17791602999393033,0.0853402197439019,0.3160898352040481,0.8385,False,11.604389745683445,97.1740974278072
197,Mysuru,Karnataka,burns,2036509.9,3.6339737008571182,0.8219445892949347,9.350961534924796,0.18728063605427575,0.09504517005671434,0.3032758995107069,0.881,False,8.529016945629861,74.00623418135159
198,Kannur,Kerala,burns,2523003.0,3.1774667789282454,0.3399758507398759,10.215946028992741,0.23923626203457607,0.11497274907643122,0.4041671232339986,0.663,False,9.875970178252865,80.167582156363
199,Puducherry,Other Union Territories,burns,99221.33333333333,1.7319310922459592,1.0754128034776052,2.6345128704412173,0.2464723970010163,0.1637877784248907,0.3497142608949066,0.516,True,1.5591000669636121,1.7184451221410038
200,Balod,Chhattisgarh,burns,946118.4444444445,7.694651212833261,0.23568627871659645,22.25282212370341,0.173487041179485,0.10816693504426797,0.25154935106046944,0.869,False,22.017135844986814,72.80051436028363
201,Bhadradri Kothagudem,Telangana,burns,1506337.0,0.5717141179355765,0.024310862513881877,2.2430974642215147,0.16133739930054541,0.08661554453809146,0.2588683840165553,0.049,False,2.2187866017076328,8.611941292687225
202,Vadodara,Gujarat,burns,3358699.3067601733,2.2395125392331674,0.23579846835980012,7.2975052383104835,0.2115294860588994,0.09318578912452627,0.38450172414146544,0.523,False,7.061706769950684,75.21849213003155
203,Paschim Medinipur,West Bengal,burns,4551470.281432921,2.2074327493550085,0.09391936401697736,8.258781828304949,0.16470331120337944,0.05695223176512947,0.34568701368571947,0.4585,False,8.164862464287971,100.47064556951088
204,Seoni,Madhya Pradesh,burns,1309717.2716068493,5.898692071996957,0.20173546410815685,26.9102186790506,0.162034489521936,0.09027783104024403,0.25780541452205874,0.7495,False,26.708483214942444,77.25618886584807
205,Alirajpur,Madhya Pradesh,burns,692307.3886992037,5.875262019298736,0.25580606503624786,26.02591390076505,0.1562224687133733,0.10297394220266759,0.22680204958665362,0.721,False,25.770107835728805,40.67487306504319
206,Chhindwara,Madhya Pradesh,burns,1985682.764713966,4.210619866032596,0.5353753295991329,12.968047767879618,0.17915156500016263,0.09581146313669422,0.29543415036541143,0.831,False,12.432672438280486,83.60955296743155
207,Harda,Madhya Pradesh,burns,541752.6423140379,3.665781539534792,0.6337981116692226,8.512091783201631,0.16959621661651447,0.12017889315646307,0.23238927096608708,0.926,False,7.878293671532409,19.85946835188995
208,Khargone,Madhya Pradesh,burns,1778772.7900497653,4.012078511408943,0.5108836221874739,11.559219017512872,0.1682459565353163,0.08548023975741884,0.2844252198715052,0.8845,False,11.048335395325397,71.36576087637593
209,Purba Medinipur,West Bengal,burns,3922193.6712141456,2.1930055488916547,0.11477616239201253,7.725010998464636,0.1637697954463891,0.06231840423151219,0.3182453783480987,0.4515,False,7.610234836072623,86.01392484800351
210,Mayurbhanj,Odisha,burns,2578286.3323944765,20.483452839603963,0.38414378106824143,93.90951535221153,0.17144433007939858,0.07402792382217656,0.32131642668094984,0.8925,False,93.52537157114328,528.1220649659773
211,Bharuch,Gujarat,burns,1250569.8879524607,2.0690305989988715,0.2804904641491897,6.105958997852995,0.18861786145147053,0.11713634305934498,0.2807658445318091,0.52,False,5.8254685337038055,25.874673643602314
212,Sundargarh,Odisha,burns,2142079.853075556,16.717671208392872,0.8206183170538575,68.69140130513829,0.2010693442013009,0.10247054162117013,0.3376430282390217,0.9135,False,67.87078298808443,358.10586685839655
213,Kabeerdham,Chhattisgarh,burns,548350.6666666666,7.395335521288408,0.2781313859038116,21.398596109819238,0.15869493428631928,0.10775233739044263,0.2231334295490069,0.897,False,21.120464723915426,40.55237163322179
214,Khandwa,Madhya Pradesh,burns,1244123.6681348912,3.7935362544681754,0.5554824209108034,9.628955205833103,0.1697235750568726,0.09849387173450098,0.2652143067403736,0.8955,False,9.0734727849223,47.19628240111643
215,Porbandar,Gujarat,burns,472041.2131198136,2.3720059577492685,0.19474706288922958,8.512684929874542,0.2016927520556972,0.14389412642722704,0.274631622555203,0.517,False,8.317937866985313,11.1968456982339
216,Balaghat,Madhya Pradesh,burns,1616048.9914727698,4.4409392120219415,0.38076378652136456,13.936174265768006,0.16537097617760735,0.08900656650184584,0.2716886723944539,0.7995,False,13.55541047924664,71.76775334779936
217,Narmada,Gujarat,burns,475950.103221607,2.6496795858158504,0.08450895558723305,10.186906521304143,0.1604759895243235,0.11129544649693258,0.21915389594413182,0.5275,False,10.10239756571691,12.611152723732388
218,Barwani,Madhya Pradesh,burns,1316127.533999143,3.7865360232561662,0.524129970007284,9.569648117944784,0.1655685426384406,0.10035496330299765,0.25438754733947405,0.8895,False,9.0455181479375,49.83564318687059
219,Janjgir Champa,Chhattisgarh,burns,1079804.6666666665,7.43296749405712,0.2890055774998319,22.213166986159113,0.16700552207034608,0.09839952549434472,0.258445400026294,0.8885,False,21.92416140865928,80.26152987264517
220,Nandurbar,Maharashtra,burns,1731623.5636600524,3.458949725013176,0.1229352933027958,14.056149572093709,0.16692134698147998,0.09037028749599152,0.27602061403277317,0.5985,False,13.933214278790913,59.89598849348274
221,Kendujhar,Odisha,burns,1843597.853635615,17.029955289268436,0.6756545142902151,66.80549586725093,0.16957590734571112,0.08894719118396519,0.2822069857054717,0.9305,False,66.12984135296071,313.96389018805775
222,Balasore,Odisha,burns,1399140.5999999999,11.06055890326827,2.2678211016161467,26.559466098692106,0.1670119124676366,0.09623878656190084,0.26615695934872086,0.9945,False,24.29164499707596,154.7527702025411
223,Jharsuguda,Odisha,burns,592970.3092362225,13.905037647518803,0.9995260547463911,47.99107438382451,0.19458904283134273,0.13594931490707896,0.2660611202746973,0.948,False,46.99154832907812,82.45274473790542
224,Bametara,Chhattisgarh,burns,946118.4444444445,6.393867715842116,0.7407503511416041,15.71361192481618,0.17266585106504784,0.10831012902801848,0.253022576844874,0.942,False,14.972861573674574,60.49356177296097
225,Rajnandgaon,Chhattisgarh,burns,1024755.3333333333,6.886480363639059,0.36966076039612794,18.729098676395754,0.17230172737149627,0.10874673205123218,0.252816128907175,0.9145,False,18.359437915999628,70.56957480534398
226,Amravati,Maharashtra,burns,3034468.6020014985,2.4618166275486564,0.3323628260451706,7.2107004779861175,0.192621634597732,0.08508123496594586,0.3444215047685419,0.6165,False,6.878337651940947,74.70305260181615
227,Surat,Gujarat,burns,4903304.325828913,2.979334265808797,0.08396782049786639,12.074766679386517,0.24858259580262573,0.0867141805901575,0.49330243309814853,0.5155,False,11.99079885888865,146.0858259363058
228,Dhule,Maharashtra,burns,2154542.09653914,2.574600375885351,0.23268173662569727,7.347296544904395,0.18117763446394497,0.09306799659203384,0.30832871830789993,0.6365,False,7.114614808278698,55.47084891610483
229,Tapi,Gujarat,burns,650693.1327824938,2.9408204547029517,0.09272235263317948,12.271985926443724,0.15859588048852327,0.10232093350088393,0.22780507780845696,0.5155,False,12.179263573810545,19.135716746215017
230,Bargarh,Odisha,burns,1515673.26495492,12.391916193487111,1.481189007927025,36.96267493476753,0.1620998101101783,0.08892501938175794,0.26665762993667486,0.979,False,35.481485926840506,187.82096076030354
231,Nagpur,Maharashtra,burns,4888828.436136438,3.0720566265930396,0.1938266440890898,11.193593476424288,0.24396656436656292,0.08907783800997619,0.484714526169563,0.5765,False,10.9997668323352,150.1875779350943
232,Baloda Bazar,Chhattisgarh,burns,946118.4444444445,6.834373767868737,0.3345697989003545,17.291293146346568,0.1728149999144406,0.10821896265458769,0.25295927617251784,0.9,False,16.956723347446214,64.66127078007887
233,Mungeli,Chhattisgarh,burns,946118.4444444445,7.599283214451627,0.20452724206376008,22.613393963404093,0.17302298725941057,0.11177569311314518,0.2520415162130173,0.8815,False,22.40886672134033,71.89822013749752
234,Botad,Gujarat,burns,1888740.375,2.081181936602997,0.267010834546542,5.998845112968397,0.1886948289152585,0.1028267006585901,0.29813765718385743,0.5305,False,5.731834278421855,39.3081235138277
235,Chhota Udaipur,Gujarat,burns,1888740.375,1.959581052139658,0.24719247242109063,5.213440414791005,0.18905049957570963,0.10331430073196864,0.3055642146881963,0.487,False,4.966247942369915,37.01139851261152
236,Jhargram,West Bengal,burns,3968526.739130436,1.7772897834382475,0.21254502972853875,5.0908664359095255,0.18221593160135713,0.07662884723223069,0.3513387523556282,0.436,False,4.878321406180986,70.53222028758027
237,Rajkot,Gujarat,burns,3067574.0734115043,2.297500662256531,0.22399703216324912,7.712662443119609,0.22142517446633678,0.0963432217606432,0.39838488764678154,0.514,False,7.488665410956361,70.47753465183895
238,Bhavnagar,Gujarat,burns,2322407.2273209994,2.121964438886887,0.2976962872042507,6.463922236771164,0.2036544084915576,0.10286507075750605,0.34169591521720477,0.514,False,6.166225949566913,49.280655489890556
239,Betul,Madhya Pradesh,burns,1496071.6715330954,3.8204819269269197,0.5196797918374206,9.620437299273007,0.17052169056796845,0.0972128122049343,0.2679675071657048,0.8825,False,9.100757507435587,57.15714782479538
240,Junagadh,Gujarat,burns,2211717.4253728753,2.2583367969171597,0.21095147566480907,6.8884786787008006,0.18919973965088313,0.09844950592744346,0.3145896626599444,0.5275,False,6.677527203035991,49.948028461024464
241,Deogarh,Odisha,burns,319781.67753945914,11.888438037377156,1.692087905849707,32.91623399970348,0.153128418614032,0.10705728169132889,0.20898280233032032,0.9905,False,31.224146093853772,38.017046589163826
242,Jamnagar,Gujarat,burns,1741680.6472351283,2.111390426529949,0.3133750694732726,6.09461719792119,0.20252519760419282,0.11248242319549713,0.32201108899737496,0.518,False,5.781242128447918,36.77367844644735
243,Devbhumi Dwarka,Gujarat,burns,1888740.375,3.1051802603423195,0.11963445549986666,14.292273807901783,0.18974707601234048,0.09707895881204574,0.30617375793214396,0.5235,False,14.172639352401916,58.6487932936155
244,Aurangabad,Maharashtra,burns,3888398.08829779,2.469001319437382,0.3595419338798279,7.255265542603766,0.20778863548778428,0.08063901586049498,0.39879672376454467,0.625,False,6.895723608723938,96.00460010505037
245,Vijayapura,Karnataka,burns,2036509.9,3.4782612758086997,0.9489906944083958,7.735469838323038,0.18777988822968722,0.09789514726734937,0.30902671249081204,0.908,False,6.786479143914642,70.83513522971046
246,Bijapur,Chhattisgarh,burns,170153.3333333333,9.404597814000995,0.14853248890148088,34.045877278894395,0.15897646950631686,0.12079167942200288,0.20291013803150007,0.848,False,33.897344789992914,16.00223666711649
247,Raigad,Maharashtra,burns,3210695.2285714285,2.5543183690765563,0.25719440058658516,7.785582919805653,0.19039333148111307,0.08052762406637258,0.34273252082749306,0.623,False,7.528388519219067,82.01137799846452
248,Raigarh,Chhattisgarh,burns,995989.3333333333,8.839601419005794,0.17296342245636293,31.96408308973429,0.16780808593149726,0.10570219147185489,0.24785795462512172,0.852,False,31.79111966727793,88.04148724247968
249,Bilaspur,Chhattisgarh,burns,1775752.6666666665,9.232578932732304,0.12256700002398695,33.49499360830321,0.19332685869436114,0.1027956023451974,0.31285906695063687,0.8415,False,33.37242660827923,163.94776660009873
250,Karaikal,Other Union Territories,burns,200222.0,1.7319310922459592,1.0754128034776052,2.6345128704412173,0.2464723970010163,0.1637877784248907,0.3497142608949066,0.516,True,1.5591000669636121,3.467707071516704
251,Mahe,Other Union Territories,burns,41816.0,1.7319310922459592,1.0754128034776052,2.6345128704412173,0.2464723970010163,0.1637877784248907,0.3497142608949066,0.516,True,1.5591000669636121,0.7242243055335702
252,Yanam,Other Union Territories,burns,55626.0,1.7319310922459592,1.0754128034776052,2.6345128704412173,0.2464723970010163,0.1637877784248907,0.3497142608949066,0.516,True,1.5591000669636121,0.9634039893727372
253,Sambalpur,Odisha,burns,1065289.8525043305,12.072623011436026,1.668829757643681,35.560782831955436,0.18201682477534392,0.11237665591583536,0.2699805674422609,0.98,False,33.89195307431176,128.6084278719307
254,Navsari,Gujarat,burns,1072100.1896517866,2.210474838066145,0.20975987403368027,7.3840709505692566,0.18521037359113687,0.1158298651016363,0.2747121569226983,0.514,False,7.174311076535576,23.69850493111216
255,Lakshadweep,Other Union Territories,burns,64473.0,1.7319310922459592,1.0754128034776052,2.6345128704412173,0.2464723970010163,0.1637877784248907,0.3497142608949066,0.516,True,1.5591000669636121,1.1166279331037372
256,Daman,Other Union Territories,burns,191173.0,1.7319310922459592,1.0754128034776052,2.6345128704412173,0.2464723970010163,0.1637877784248907,0.3497142608949066,0.516,True,1.5591000669636121,3.3109846269793675
257,Diu,Other Union Territories,burns,52074.0,1.7319310922459592,1.0754128034776052,2.6345128704412173,0.2464723970010163,0.1637877784248907,0.3497142608949066,0.516,True,1.5591000669636121,0.9018857969761608
258,Jayashankar Bhupalapally,Telangana,burns,3208589.6470588236,0.46128765227073265,0.04167906219567549,1.4585208456742769,0.1857243147306426,0.08308023377888524,0.3319619596636767,0.0145,False,1.4168417834786013,14.800827853919435
259,Narayanpet,Telangana,burns,139820.0,0.4449543309464317,0.03891546748685902,1.2201380169799898,0.1644752709742047,0.13023466435003314,0.20329493355386025,0.014,False,1.1812225494931308,0.6221351455293008
260,Sukma,Chhattisgarh,burns,946118.4444444445,34.000516940479415,0.01599913211361281,190.94001044799535,0.17282797639550734,0.11046857694381589,0.25273554906079426,0.708,False,190.92401131588173,321.6851619803337
261,Upper Subansiri,Arunachal Pradesh,burns,53634.526519014165,2.5636232725639676,0.013292621526398346,14.179389721552043,0.17096922196775008,0.14383347929959306,0.20075733435142104,0.373,False,14.166097100025645,1.37498720397094
262,Anjaw,Arunachal Pradesh,burns,13604.66425591953,1.717212937307872,0.02123788573929419,8.472670729553489,0.1517186818475642,0.11508083426410737,0.193649647105253,0.2985,False,8.451432843814194,0.23362105467994987
263,Tinsukia,Assam,burns,1074262.8532566435,0.5908956713982195,0.02693983039481713,1.8105369843581822,0.1682972532343026,0.10660997434767278,0.25240377416965,0.0535,False,1.783597153963365,6.347772699332514
264,Dhemaji,Assam,burns,555065.2137979822,2.081698951773332,0.0018473522816672763,12.459185856894754,0.1526639212969388,0.1009433961783588,0.21809345349838782,0.3085,False,12.457338504613087,11.554786737291
265,Changlang,Arunachal Pradesh,burns,95269.28539698248,1.153001610073588,0.06309142140997938,3.6904543062463846,0.1620804395781367,0.1292223871679905,0.20049711935100875,0.2205,False,3.6273628848364052,1.0984563945328096
266,Dibrugarh,Assam,burns,1072973.3453175211,0.7688945494064462,0.011516549938477158,2.7870751463774566,0.16437194388767407,0.0999512583138615,0.2505580619564639,0.1245,False,2.7755585964389793,8.250033568730426
267,Tawang,Arunachal Pradesh,burns,32121.713304582147,1.541075201751331,0.04590097559426992,7.3144313069667755,0.1643907671132475,0.13697674771184734,0.19611374971763668,0.2905,False,7.268530331372506,0.4950197581145735
268,Papum Pare,Arunachal Pradesh,burns,113488.75049182591,1.500978892637856,0.044288441123256424,7.0479566594777605,0.21819108984034088,0.16293751160524306,0.281690583928324,0.2995,False,7.0036682183545045,1.703442190400748
269,Lakhimpur,Assam,burns,843063.949280661,0.5702523293440356,0.029726153347777843,1.655713928144543,0.15428050770031854,0.09860564338141127,0.22972353901347975,0.029,False,1.625987774796765,4.807591808632788
270,Tirap,Arunachal Pradesh,burns,71969.68299979162,1.0759924339718419,0.08272291564506747,3.4797404631123237,0.17307025624580433,0.14593464304386697,0.20433143472290866,0.1975,False,3.3970175474672564,0.7743883438312767
271,Sivasagar,Assam,burns,931171.9657007714,0.582866508736003,0.02809130381687532,1.7848004509870528,0.15513215027931382,0.09602379854306768,0.2351081481146725,0.0325,False,1.7567091471701775,5.427489526808498
272,Jorhat,Assam,burns,883609.02355976,0.5676620223913755,0.033783525428364866,1.9840462551199143,0.1676321079290976,0.10879480038215288,0.2451030543548421,0.0485,False,1.9502627296915493,5.015912853172019
273,Sonitpur,Assam,burns,1556559.0468915435,0.5347665389544999,0.035460881050088475,1.6840470935971308,0.1519978172261679,0.08437802831077741,0.24241371403508072,0.022,False,1.6485862125470423,8.323956941845058
274,Golaghat,Assam,burns,863086.9172864468,0.5267384523189687,0.04974236340602545,1.6536848218817113,0.15418036518611705,0.0979053971705753,0.22931657840647168,0.0205,False,1.6039424584756858,4.546210670282127
275,Udalguri,Assam,burns,672799.5537730152,0.5904876566258228,0.03559039901856962,2.086621654710758,0.14961689793757563,0.09654995602288428,0.21760877527760045,0.0415,False,2.0510312556921884,3.9727983188632696
276,Chirang,Assam,burns,390057.5451337608,0.5206963711807757,0.05164162606072533,1.538000422946599,0.1534846244343368,0.10590071360355091,0.2123918997464182,0.019,False,1.4863587968858738,2.031015483028309
277,Baksa,Assam,burns,768587.9894992922,0.5836692643570167,0.035730142929548576,2.039644270770029,0.14609516349308924,0.08994721275148956,0.22258202354433584,0.0365,False,2.0039141278404804,4.486011864246904
278,Nagaon,Assam,burns,2284360.887227258,0.5904200091635646,0.022089627843423387,1.8612831732015895,0.14794180333370663,0.07539364461654041,0.2530844184170914,0.046,False,1.839193545358166,13.487323759696064
279,Kokrajhar,Assam,burns,717676.6951876233,0.5465166244549023,0.045550567715398636,1.6871590376068606,0.1536023016612917,0.09909989294505836,0.22311162804671592,0.023,False,1.641608469891462,3.9222224490388973
280,Darrang,Assam,burns,751134.3296582826,0.839244184092202,0.01011736477474345,3.484681992198901,0.15218231900549337,0.0936625669549773,0.22748362916082404,0.1445,False,3.4745646274241575,6.303851176377084
281,Barpeta,Assam,burns,1370099.758389359,0.7302088790121665,0.01079878534578223,2.6989210464733846,0.15245687723742743,0.0855848537572631,0.24129314239301422,0.107,False,2.6881222611276026,10.00459008708334
282,Nalbari,Assam,burns,624237.5261208266,0.6997683513933632,0.015293078940797419,2.855144473003849,0.15673619638460237,0.10548034770579544,0.2196466460687828,0.088,False,2.839851394063052,4.3682166453144236
283,Morigaon,Assam,burns,774532.3460467657,0.6225190065892925,0.019636003871265434,1.95333881855238,0.15519894942793372,0.10008451439999216,0.2255475851590638,0.043,False,1.9337028146811144,4.821611066323067
284,Kamrup,Assam,burns,1227655.242755293,0.5878783955754896,0.021657255081449996,1.8299039549220146,0.15260944183176958,0.08929291439687548,0.23546450654971002,0.0385,False,1.8082466998405646,7.217119944308198
285,Bongaigaon,Assam,burns,597674.7951414732,0.6401470964430028,0.016180368928195934,2.060293992347606,0.16291567517846658,0.11166373905757038,0.22558409457643147,0.0685,False,2.04411362341941,3.825997847269806
286,Dhubri,Assam,burns,1576903.1784179264,0.7727907826225863,0.010138870242596902,3.05347031223753,0.1517867748674003,0.08341185614173018,0.24950163240597145,0.119,False,3.043331441994933,12.186162413696332
287,Kamrup Metropolitan,Assam,burns,1014405.9009833577,2.069244174791254,0.003618691442807713,14.788129925356614,0.2518878533080375,0.1393010414017495,0.40823155080757406,0.2735,False,14.784511233913806,20.99053501483687
288,Kiphire,Nagaland,burns,334888.7882692796,1.4964708903283468,0.0924596279217054,4.780531125510732,0.16784290902931648,0.1263141427313679,0.21889576967758675,0.3285,False,4.688071497589027,5.0115132314231
289,Goalpara,Assam,burns,815595.97402033,0.5455769795971466,0.02607151940570169,1.6020973275885932,0.15989326804733742,0.10469338861596689,0.2313566738981637,0.025,False,1.5760258081828915,4.4497038807760445
290,Ribhoi,Meghalaya,burns,169484.1690194807,1.70070280335457,0.28198189449170424,4.39768280137646,0.15409854690734218,0.11404700408027885,0.20243163785072718,0.4325,False,4.115700906884756,2.8824220137565058
291,Dima Hasao,Assam,burns,173203.40576036362,1.2185884784645686,0.0064570398187075795,6.579736828516181,0.18535194983077316,0.15080947095066455,0.2280382990203087,0.2345,False,6.573279788697473,2.110636746904028
292,Kamjong,Manipur,burns,178487.12499999997,0.7092369247462736,0.16979545027149506,1.7096552364747233,0.17260552446562513,0.13834102426002454,0.21269700657850132,0.037,False,1.5398597862032282,1.265896596418037
293,West Khasi Hills,Meghalaya,burns,251083.94736663223,2.23403553887362,0.09622548382997333,7.7694322659510515,0.160075829892023,0.11781234002027952,0.21082997231424308,0.4975,False,7.6732067821210785,5.609304616577299
294,Peren,Nagaland,burns,430892.5940518422,1.4270117292761069,0.11057547464761204,4.437809397108959,0.1631352200207614,0.1168191778234166,0.22172587361101423,0.293,False,4.327233922461347,6.148887857701869
295,Senapati,Manipur,burns,269520.74999999994,0.8635249137545511,0.07272077157044604,2.942538291297294,0.14943419586099277,0.10671208728298255,0.204034935896177,0.095,False,2.869817519726848,2.3273788239881186
296,East Jaintia Hills,Meghalaya,burns,258720.68768217156,2.3609866468001166,0.077770771640643,8.910978941741599,0.15345210481580857,0.11049019346974984,0.2036628219969699,0.5035,False,8.833208170100956,6.108360888685505
297,East Khasi Hills,Meghalaya,burns,540800.1230293136,2.3601475369098615,0.10835030892441638,8.416996082337922,0.2025911175158526,0.14247454568691023,0.27528725270872306,0.454,False,8.308645773413506,12.763680783281846
298,Tamenglong,Manipur,burns,79116.18749999999,1.242873223571394,0.04551498845957871,6.0545548000068,0.15991367959896136,0.12648677162023553,0.1993970217161895,0.2105,False,6.009039811547221,0.983313909948038
299,South Garo Hills,Meghalaya,burns,93197.95902186201,2.1983218850917936,0.08846566533534923,7.895628277007144,0.15438492517794755,0.11655865727328234,0.19983408073172942,0.4865,False,7.807162611671795,2.0487911296364745
300,Cachar,Assam,burns,1404881.6867724047,0.6500616683363472,0.023954081427500534,2.159452916842665,0.16198321273663532,0.0926502130563312,0.24626369265925732,0.0785,False,2.1354988354151643,9.13259733118451
301,Imphal West,Manipur,burns,291370.49999999994,1.018137492519335,0.048299384206120156,3.8176876785234115,0.22118009510429165,0.155191063155375,0.2953524497592052,0.2215,False,3.769388294317291,2.966552302641048
302,Karimganj,Assam,burns,993977.6359402441,0.95123883512575,0.01149315988012189,4.593922027362497,0.15554052827684134,0.09868545663529857,0.23647871022360484,0.1715,False,4.582428867482375,9.455101285528446
303,Hailakandi,Assam,burns,533354.7216008477,0.9320035201914684,0.014726028489544359,4.823567164529077,0.15511745685145667,0.10476857736514947,0.21790450820197044,0.157,False,4.808841136039533,4.970884780427306
304,Kakching,Manipur,burns,178487.12499999997,0.6921231042860552,0.17509356742044305,1.5929266870326095,0.1724267038719243,0.13923304782307017,0.21520882783135523,0.0295,False,1.4178331196121665,1.2353506303009316
305,Bishnupur,Manipur,burns,133536.93749999997,0.7755704214377614,0.12525427366808944,2.2394425183613462,0.18730906341358275,0.1530110824432078,0.22512505128491586,0.099,False,2.1141882446932567,1.03567298894383
306,Chandel,Manipur,burns,81102.37499999999,0.8274394126110732,0.08852924101657864,2.3744713913139477,0.15636461834930265,0.12172932140308737,0.19793453120714127,0.081,False,2.285942150297369,0.6710730153136298
307,Churachandpur,Manipur,burns,154205.43749999997,1.1237178036254145,0.039644550017579196,4.996835678186256,0.15343324913835,0.11397401193597535,0.2010128819436348,0.1955,False,4.957191128168677,1.7328339553459609
308,North Tripura,Tripura,burns,346973.5,3.014051437215815,0.5281316160268831,8.073957414294494,0.16835633359962388,0.1266030239151538,0.21830395837789815,0.8095,False,7.545825798267611,10.457959763508015
309,Dhalai,Tripura,burns,189115.0,3.1175687649555908,0.4577475469772115,8.874731253646127,0.15917555672361133,0.12070700279354234,0.20406419926845723,0.7645,False,8.416983706668915,5.895790169845766
310,Sipahijala,Tripura,burns,459239.625,2.8734068452437733,0.6092126103570997,6.9276423607562405,0.17154445997162918,0.12524670761504494,0.22745917190234838,0.794,False,6.318429750399141,13.195822820821833
311,Gomati,Tripura,burns,459239.625,2.8908135366115775,0.655286545840467,6.57549299823859,0.17154035285363492,0.12494283519240312,0.22829197869710205,0.8135,False,5.920206452398123,13.275761244984247
312,West Garo Hills,Meghalaya,burns,421216.35208125,1.7690513780432233,0.18312537877220414,4.494946051993768,0.15683206912667733,0.1108963595843746,0.2159591518219291,0.47,False,4.311820673221564,7.451533681036748
313,East Garo Hills,Meghalaya,burns,208166.81564737382,2.215805805460391,0.08166216301238621,7.632171224216946,0.1610364129109865,0.12114449864645263,0.2068451871431014,0.493,False,7.55050906120456,4.612572386156539
314,Kohima,Nagaland,burns,1212720.6176788781,1.1850621583803453,0.1793782245613961,2.4961252426117473,0.21090993472745684,0.12880449958727125,0.3120337085445207,0.255,False,2.3167470180503513,14.371493126988769
315,East Siang,Arunachal Pradesh,burns,63767.806466991075,1.0052541035295848,0.12001941608346543,2.8846287136632807,0.1811618164543417,0.15360940231495068,0.2126564916483665,0.1695,False,2.764609297579815,0.6410284912402316
316,Lohit,Arunachal Pradesh,burns,93662.46059234324,0.9117392002746442,0.1233087894276084,2.372679409001049,0.17230081167158506,0.14367629194004986,0.2058380841083245,0.0925,False,2.2493706195734404,0.853957369162184
317,Kurung Kumey,Arunachal Pradesh,burns,59180.000284785114,1.2078413704259734,0.07932104144151167,4.70491560310975,0.15050668752278487,0.11255983142192443,0.19144552275967885,0.215,False,4.625594561668239,0.7148005264578434
318,Lower Subansiri,Arunachal Pradesh,burns,53365.86541167848,1.0497186126744102,0.093516223216482,3.256714803138925,0.16889276029556033,0.14193593152522024,0.1992862610743689,0.17,False,3.163198579922443,0.5601914220411643
319,East Kameng,Arunachal Pradesh,burns,50576.417550824764,1.004843673976856,0.11972824143751366,2.8991865438827378,0.1734823967017361,0.1479571197418288,0.2032372341182627,0.156,False,2.779458302445224,0.508213932283583
320,West Kameng,Arunachal Pradesh,burns,53955.24875002016,1.0160657683357273,0.10586501911089208,2.788643115428439,0.1728455355683907,0.14712188631603726,0.20202821726584755,0.166,False,2.6827780963175467,0.5482208127693452
321,West Jaintia Hills,Meghalaya,burns,258720.68768217156,1.972081418985996,0.14290091641660316,6.050699081180417,0.1535157731883739,0.11072609102735652,0.20623700740279985,0.4875,False,5.907798164763814,5.102182608852895
322,South West Khasi Hills,Meghalaya,burns,251083.94736663223,2.1269819164415376,0.1111033410674542,7.017906143203824,0.15918872956491315,0.11770257984024494,0.20489637350760684,0.4865,False,6.90680280213637,5.340510155575855
323,North Garo Hills,Meghalaya,burns,93197.95902186201,2.471652962621958,0.06569850154527385,10.20955545042985,0.15455686883399172,0.11598936685848159,0.19786383760073328,0.4935,False,10.143856948884576,2.303530115267051
324,South West Garo Hills,Meghalaya,burns,421216.35208125,2.0439838873381455,0.10657952486287728,6.745693005818259,0.1564627887139701,0.10999583070234822,0.21123820100398816,0.5045,False,6.639113480955381,8.609594367374264
325,Khowai,Tripura,burns,459239.625,2.957763486834042,0.534448756691335,7.5366815601682475,0.1715497992233988,0.12519775385661094,0.22792921585512985,0.7905,False,7.002232803476913,13.58322194532358
326,West Tripura,Tripura,burns,862869.5,3.156976785674899,0.4211144154285738,8.152129911894571,0.1968915803637957,0.12748650965500669,0.2795449007879903,0.709,False,7.731015496465997,27.240589805669075
327,South Tripura,Tripura,burns,438000.5,3.0451011321768244,0.4395098082978013,8.244218143658948,0.16352851977928495,0.11714254519789774,0.2203570658688991,0.803,False,7.804708335361147,13.337558184440152
328,Unokoti,Tripura,burns,459239.625,2.9410146662770194,0.45196991082898386,7.838041565942121,0.17178799383293758,0.12375616121461794,0.2313900971568121,0.8155,False,7.386071655113137,13.506304724605585
329,Charaideo,Assam,burns,945623.5151515151,0.7582563949668827,0.012727113961990673,2.81444267160328,0.1594215927184,0.10071241213971692,0.23853083031138403,0.107,False,2.8017155576412893,7.170250775946992
330,Majuli,Assam,burns,945623.5151515151,1.711191132293646,0.0026889652853188243,9.79678487322234,0.159993536309505,0.0993145239590618,0.23497528209562882,0.2845,False,9.79409590793702,16.18142573615619
331,Biswanath,Assam,burns,945623.5151515151,0.5661747290488222,0.03281303596804504,1.8486869903984045,0.1598815668405382,0.10024760456726776,0.2383468553672534,0.038,False,1.8158739544303595,5.3538813747310385
332,Hojai,Assam,burns,945623.5151515151,0.6071556087375515,0.022020774776709256,1.933345183246457,0.16031282560698087,0.10444500518034584,0.2382376629830248,0.039,False,1.9113244084697478,5.741406209783614
333,South Salmara Mankachar,Assam,burns,1404881.6867724047,0.8254298507203908,0.009406507720368605,3.396121518670914,0.1617877011950534,0.09520006830910618,0.2477376833288938,0.152,False,3.3867150109505455,11.596312809923567
334,Karbi Anglong,Assam,burns,773634.3825508899,0.7737570273730001,0.011478577498401726,2.8173527298369074,0.15919869247205318,0.10401224923044813,0.22784463983811082,0.1175,False,2.8058741523385056,5.986050401161229
335,West Karbi Anglong,Assam,burns,773634.3825508899,1.0025065890712015,0.007018320517035175,4.012813074821157,0.15974196929827958,0.1027227783919447,0.2348616580131529,0.2185,False,4.005794754304121,7.755735660392976
336,Kra Daadi,Arunachal Pradesh,burns,55349.079999999994,1.9788842540378853,0.020656432555907836,10.534804212896638,0.17150490420070544,0.14471722854555677,0.2026509924868994,0.3425,False,10.51414778034073,1.0952942288748322
337,Namsai,Arunachal Pradesh,burns,55349.079999999994,1.2737509610378943,0.05018266350709424,5.137393465699529,0.1717879294631262,0.1439532323643119,0.20324492718643172,0.2485,False,5.087210802192435,0.7050094384256329
338,Longding,Arunachal Pradesh,burns,55349.079999999994,1.0290706630141935,0.1276866474303706,3.3563121297734955,0.17188853165181864,0.14553400998923696,0.20279278878758758,0.14,False,3.228625482343125,0.5695811445282563
339,Imphal East,Manipur,burns,256563.56249999994,0.7747586987260695,0.1032321187845493,2.1034659634648576,0.19249297802691662,0.1475630555122454,0.24428912894751822,0.118,False,2.0002338446803085,1.9877485182302457
340,Jiribam,Manipur,burns,178487.12499999997,0.708011878558063,0.15336496585493697,1.7484016221587062,0.17231635980000226,0.13906760974218776,0.20849049643303103,0.0345,False,1.5950366563037692,1.2637100466967779
341,Kangpokpi,Manipur,burns,178487.12499999997,0.6676091784550608,0.20257074147496137,1.3394669238659196,0.17263794005112,0.13881199357417037,0.21291819987309632,0.0155,False,1.1368961823909582,1.1915964288605574
342,Thoubal,Manipur,burns,237469.49999999994,0.7156817753992601,0.1460301767551595,1.7707446102652546,0.18558253911641986,0.14684105989671398,0.22845672382139653,0.0705,False,1.6247144335100951,1.6995259336317456
343,Tengnoupal,Manipur,burns,178487.12499999997,0.6960648139904697,0.16292123275537745,1.6035361475706933,0.17254606948418263,0.13899544125738691,0.21182006952865376,0.0315,False,1.4406149148153158,1.242386074628187
344,Ukhrul,Manipur,burns,103498.87499999999,0.9080243479787276,0.06758832361134107,3.2319807212392937,0.15935869565709243,0.12339563428733985,0.1992956235184747,0.1185,False,3.1643923976279527,0.9397949848840681
345,Noney,Manipur,burns,178487.12499999997,0.6875930301139214,0.16708766812121906,1.490366531639453,0.17221511106592832,0.13871067685428148,0.20875097869312054,0.027,False,1.323278863518234,1.2272650311507223
346,Pherzawl,Manipur,burns,178487.12499999997,0.6973698958114253,0.16241353199708639,1.5276255523466986,0.17256549108783906,0.13645631505282083,0.21192656514600922,0.029,False,1.3652120203496123,1.2447154776493081
347,Upper Siang,Arunachal Pradesh,burns,22701.220839943202,1.0570232163535904,0.10167946736853402,3.5150170174878284,0.16606283874221903,0.13932444465859944,0.19705138118050308,0.16,False,3.4133375501192944,0.23995717467389918
348,Lower Siang,Arunachal Pradesh,burns,34758.83417395607,0.9232771017691481,0.1603090192143918,2.398210268656143,0.17128012047575664,0.14545386685790465,0.19943667559257552,0.1065,False,2.237901249441751,0.3209203567700458
349,Upper Dibang Valley,Arunachal Pradesh,burns,5144.410294532995,1.2216738095187263,0.06712939382201802,4.48375246874017,0.18539003558814215,0.1598640092675674,0.21315474159439093,0.23,False,4.416623074918152,0.06284791322249476
350,Lower Dibang Valley,Arunachal Pradesh,burns,34758.83417395607,0.9266196910472356,0.1372857432004706,2.51079150131308,0.17131774519168755,0.14590776554022086,0.19880134681604172,0.0965,False,2.3735057581126098,0.32208220183433267
351,Siang,Arunachal Pradesh,burns,72161.85924642648,0.9900778674268336,0.096066285720407,2.711311960519196,0.17463436266219282,0.14666130117557372,0.20594456545439718,0.1495,False,2.615245674798789,0.7144585971225726
352,Shi Yomi,Arunachal Pradesh,burns,55349.079999999994,0.9099251859732582,0.15846335091027738,2.362243253697505,0.17157320540244303,0.1450678164032679,0.20132570173093678,0.0815,False,2.2037799027872276,0.5036352191244874
353,Pakke Kessang,Arunachal Pradesh,burns,55349.079999999994,0.8986909941141341,0.16695776050625966,2.290144682727801,0.17169271219949925,0.14510185786372437,0.20167528274159663,0.077,False,2.1231869222215414,0.49741719728502737
354,West Siang,Arunachal Pradesh,burns,72161.85924642648,0.952270485693311,0.1446344811594953,2.7098669719652717,0.17475683370266443,0.14705982227998374,0.20377408876585396,0.1285,False,2.5652324908057764,0.6871760875312689
355,Lepa Rada,Arunachal Pradesh,burns,55349.079999999994,0.9500729100706065,0.13474509172555585,2.6813193109773596,0.17158959304909205,0.14452418602664963,0.20261931665283206,0.1025,False,2.546574219251804,0.5258566150533079
356,Kamle,Arunachal Pradesh,burns,55349.079999999994,0.8959637206673149,0.18670563199986737,2.1148240245660683,0.17172912680518407,0.1454282994401007,0.20117862916660215,0.0725,False,1.9281183925662009,0.49590767652312856
357,North and Middle Andaman,Other Union Territories,burns,105597.0,1.7319310922459592,1.0754128034776052,2.6345128704412173,0.2464723970010163,0.1637877784248907,0.3497142608949066,0.516,True,1.5591000669636121,1.8288672754789654
358,South Andaman,Other Union Territories,burns,238142.0,1.7319310922459592,1.0754128034776052,2.6345128704412173,0.2464723970010163,0.1637877784248907,0.3497142608949066,0.516,True,1.5591000669636121,4.124455341696372
359,Nicobars,Other Union Territories,burns,36842.0,1.7319310922459592,1.0754128034776052,2.6345128704412173,0.2464723970010163,0.1637877784248907,0.3497142608949066,0.516,True,1.5591000669636121,0.6380780530052562
360,Amroha,Uttar Pradesh,burns,2664164.546666667,0.9533882757320407,0.1617786760691921,2.6364552474529637,0.16928437223976356,0.08124547838173565,0.2938849228340112,0.1145,False,2.4746765713837715,25.39983243412967
361,Churu,Rajasthan,burns,2035714.9872674257,2.365277420502155,0.5852172065768075,5.988057717850229,0.1836651018480028,0.09487957482565278,0.3110346876908328,0.632,False,5.402840511273421,48.150306939614744
362,Hapur,Uttar Pradesh,burns,2463647.2185003962,1.1258771448980114,0.09884264301308508,4.0929137513618015,0.15876773270645342,0.07505671637612175,0.28333856222277404,0.1915,False,3.9940711083487166,27.737640964011533
363,Delhi,Delhi,burns,16787941.0,1.2563668150378957,0.6605358116920105,2.185557642371997,0.282442628729984,0.13666929843934503,0.4858242119490568,0.228,False,1.5250218306799868,210.91811965214106
364,Jhajjar,Haryana,burns,922452.9615350218,2.178149188908332,0.4277838573018193,5.200588122952605,0.17518281033768057,0.11372401491287057,0.2508039572751996,0.643,False,4.772804265650786,20.092401699735962
365,Bareilly,Uttar Pradesh,burns,4162665.669948758,1.0796252848260217,0.11016358798396796,3.4905014608268874,0.18135832620887463,0.07744608219201836,0.35056093152911044,0.2085,False,3.3803378728429196,44.9411910955393
366,Pilibhit,Uttar Pradesh,burns,1900566.7290624739,0.9402414069450967,0.15255332442145153,2.5832149547802516,0.16785329335704727,0.08853344487907265,0.2831640064564916,0.112,False,2.4306616303588,17.86991535326741
367,Bulandshahr,Uttar Pradesh,burns,3274438.730098058,1.0598879878136986,0.14141578322834966,3.5948244249162595,0.17249393649373693,0.07519056533146293,0.31551508809529255,0.1685,False,3.45340864168791,34.70538276862874
368,Gautam Buddha Nagar,Uttar Pradesh,burns,1542265.750275011,1.6683325153658466,0.03594619925903344,7.6517417375385595,0.22937196996127376,0.12019139477373594,0.36750957373786086,0.3255,False,7.615795538279526,25.730120985189036
369,Lakhimpur Kheri,Uttar Pradesh,burns,3762980.952441508,3.494409409024982,0.011848666070379288,27.229355915657248,0.15894020966634498,0.06375359538903605,0.3196847403051321,0.367,False,27.21750724958687,131.49396046193394
370,Jhunjhunu,Rajasthan,burns,2133029.802679181,2.3277043104292034,0.41297841719003753,6.073149527765897,0.1754248250845598,0.08731932904681038,0.295553765873201,0.643,False,5.660171110575859,49.65062665970283
371,Gurugram,Haryana,burns,1152339.1818181819,2.0891874989606003,0.4953999484968193,5.023994642468328,0.1852962466661106,0.1155968333134192,0.2684446050594429,0.6305,False,4.528594693971509,24.074526132170316
372,Faridabad,Haryana,burns,1741845.6346092306,4.052626027892943,0.09371599062610705,19.10979893727962,0.24900379769058242,0.12806953023042156,0.41136504728750756,0.549,False,19.016082946653512,70.59048955389069
373,Mahendragarh,Haryana,burns,887498.2981056079,2.3832318466454416,0.24441172195176208,6.958801066569033,0.16245224764759353,0.10563659984382169,0.23418630187010073,0.591,False,6.714389344617271,21.151142078889144
374,Rewari,Haryana,burns,866558.4171250664,2.185622683951419,0.4552126308098278,5.441179209335556,0.17309578816417343,0.1143488674687794,0.2473395972281554,0.61,False,4.985966578525728,18.939697334375808
375,Budaun,Uttar Pradesh,burns,3445428.3207631516,0.9506915383520711,0.14916034471162845,2.644478450594984,0.1638334864724399,0.07044990098781773,0.30825051879186904,0.1215,False,2.4953181058833556,32.75539550548114
376,Jaisalmer,Rajasthan,burns,668660.3194509401,2.4873413936155466,0.3242884017782918,7.06966044928604,0.16374930889071124,0.11233514474451102,0.22777325069528062,0.6595,False,6.7453720475077485,16.631864908385182
377,Bahraich,Uttar Pradesh,burns,3263733.4575999943,1.3937343898387426,0.062685604787813,5.625485315273607,0.15510396215073932,0.06524077144039056,0.29121000597799007,0.2505,False,5.562799710485794,45.48777559124418
378,Nuh,Haryana,burns,1152339.1818181819,2.0751974533210937,0.5121542657101701,4.713054412220426,0.18421956245741786,0.11427970744862315,0.27664037934553776,0.641,False,4.200900146510256,23.913313354712038
379,Shahjahanpur,Uttar Pradesh,burns,2813444.804701329,0.9714797418242538,0.15768344032054915,2.7609048171241675,0.16940568026073258,0.08036628052190471,0.30387385934204336,0.1205,False,2.603221376803618,27.332046325080352
380,Sikar,Rajasthan,burns,2672302.679960628,2.38693172688033,0.46849889092406977,6.6764511246594855,0.1811524554455058,0.08610742326083373,0.31649216773454986,0.6305,False,6.207952233735416,63.786040506253556
381,Palwal,Haryana,burns,1003593.5566031683,2.195092577537715,0.40229781955710836,5.625145205361666,0.17279099085417357,0.10969635070019017,0.2518047799430387,0.6115,False,5.222847385804558,22.02980766964291
382,Alwar,Rajasthan,burns,3667275.751038463,2.36403925833048,0.42985654248580485,6.1549203341141085,0.17936333025399384,0.07484733514249643,0.3337660997684239,0.639,False,5.725063791628304,86.69583846578323
383,North Sikkim,Sikkim,burns,152644.25,1.1571477255259897,0.40219628461224305,2.345337766169358,0.17394755977369936,0.14154325592609607,0.21188036738878685,0.171,False,1.9431414815571149,1.7663194670212055
384,Aligarh,Uttar Pradesh,burns,3437935.5657900753,0.9789982314878356,0.15213836082299284,2.6999464389821077,0.17964181546736313,0.07940894976109848,0.33040176683102457,0.168,False,2.547808078159115,33.65732838877615
385,Kasganj,Uttar Pradesh,burns,2664164.546666667,0.9515776455623457,0.1400101508735436,2.7589531741923072,0.16941985782632168,0.07827983985162074,0.30460099207456875,0.1095,False,2.6189430233187636,25.351594267077406
386,Mathura,Uttar Pradesh,burns,2383592.5544324904,0.9408367909493693,0.16404984901916958,2.5013760773771914,0.18100509688466654,0.08981422099481076,0.3156048767661054,0.1245,False,2.337326228358022,22.425715698430743
387,Jaipur,Rajasthan,burns,6613728.373458272,3.2648528596783963,0.17476021968120786,11.671867546674273,0.24047165550967817,0.08142579764623638,0.4913251642429623,0.564,False,11.497107326993065,215.92849993221387
388,Shrawasti,Uttar Pradesh,burns,1045599.1244500758,1.5366616873734211,0.04456025242299523,6.590685803499552,0.14995524489632905,0.08366700936044738,0.23524746764008483,0.275,False,6.546125551076557,16.06732114893625
389,Jodhpur,Rajasthan,burns,3680237.352229636,2.468160042956743,0.45936225666047364,6.752099605414545,0.19828209156969484,0.08358111248238867,0.3735187296065275,0.6215,False,6.292737348754071,90.8341478137011
390,Sitapur,Uttar Pradesh,burns,4196010.16076375,1.1488558728709886,0.09797211849958647,4.17473329144152,0.15757967159847786,0.05829193402709931,0.3217988569920025,0.1995,False,4.076761172941933,48.20610915819775
391,Bharatpur,Rajasthan,burns,2543673.8098614635,2.416121590778242,0.45815215520707026,6.715734385854696,0.1767478317655939,0.08627408638457265,0.31015336518376757,0.6545,False,6.257582230647626,61.4582521190343
392,Hathras,Uttar Pradesh,burns,2664164.546666667,0.9324539644958145,0.1665334698642947,2.591030692528401,0.16858982274776746,0.0806320067148071,0.2983123133390746,0.1015,False,2.424497222664106,24.84210793608528
393,Nagaur,Rajasthan,burns,3301528.2310870583,2.358681244045817,0.49125350247714455,6.3256198700924395,0.17665379482650467,0.07559744805061677,0.3282604197132067,0.652,False,5.834366367615295,77.87252715352808
394,Etah,Uttar Pradesh,burns,1660515.0299269175,0.915803136958365,0.16055938015596147,2.4144282198423763,0.1650834447034505,0.09190295915937488,0.26600444741517476,0.0835,False,2.253868839686415,15.207048733735846
395,Hardoi,Uttar Pradesh,burns,3829984.354662343,1.0304607140594693,0.126712912473215,3.063512210039574,0.16041712499385288,0.06119607274066801,0.31954126209838885,0.1455,False,2.936799297566359,39.466484129419534
396,Farrukhabad,Uttar Pradesh,burns,1764127.8439195396,0.9250788197555688,0.16848526732134253,2.3320913066359377,0.1722614080456534,0.08973208674756346,0.2792481148155722,0.093,False,2.1636060393145953,16.31957303751024
397,West Sikkim,Sikkim,burns,152644.25,1.1776607861372013,0.349998066741883,2.3513386218247834,0.1739068634217086,0.1417771356386386,0.211867580183679,0.193,False,2.0013405550829004,1.797631474543235
398,South Sikkim,Sikkim,burns,152644.25,1.147118845352198,0.37412272722397844,2.175687973322598,0.1737416396638628,0.13969307523531918,0.21089482843825405,0.1705,False,1.8015652460986196,1.7510109580965225
399,East Sikkim,Sikkim,burns,152644.25,1.1892228768557926,0.31250585902128725,2.4978858329777887,0.1738996080948975,0.1412151273536028,0.21080825036432363,0.2045,False,2.1853799739565014,1.815280341204948
400,Firozabad,Uttar Pradesh,burns,2337713.349883971,0.9844317451140007,0.13974770441212503,2.8889473209723904,0.185059351789301,0.0928679548117024,0.3090625770116545,0.1605,False,2.7491996165602655,23.013192326025738
401,West Champaran,Bihar,burns,3995256.9749684567,2.6622790568948638,0.17559464069658973,10.00739278438765,0.16358896186120694,0.06230795919382489,0.3324457755171532,0.521,False,9.83179814369106,106.3648897137165
402,Siddharthnagar,Uttar Pradesh,burns,2394927.603887826,1.0877165054064386,0.08927134476589116,3.6552599919048734,0.15394165140531343,0.07002643228686657,0.2799297444435934,0.172,False,3.5659886471389823,26.050022840022816
403,Mainpuri,Uttar Pradesh,burns,1748523.7863229301,0.9319356535426216,0.1407283783569729,2.536749847614106,0.16550751754511628,0.08789987446248941,0.2790525751092849,0.0995,False,2.396021469257133,16.29511657541679
404,Maharajganj,Uttar Pradesh,burns,2512279.4747700086,1.1111923583919634,0.07816245956378154,3.8880475492401785,0.15310953678589517,0.06650665616952219,0.28026334182827756,0.174,False,3.809885089676397,27.91625754509409
405,Agra,Uttar Pradesh,burns,4135002.272607171,1.0830827842779223,0.10587467870507238,3.757653405840632,0.19353876970560527,0.07554421101538746,0.3684883868814053,0.214,False,3.65177872713556,44.78549774410911
406,Gonda,Uttar Pradesh,burns,3213377.502734103,1.1282559159595522,0.09639527198129279,3.957490252592138,0.15377007923188574,0.0635855368096453,0.2915001537328033,0.191,False,3.861094980610845,36.25512177671084
407,Barabanki,Uttar Pradesh,burns,3051282.458842968,1.0031379706679617,0.12750996791503827,2.9890141872954588,0.15761729699608776,0.07151930505552917,0.2901137164059156,0.1335,False,2.8615042193804205,30.608572936984835
408,Darjeeling,West Bengal,burns,1421462.944529197,1.6679994054622014,0.3152221413855513,4.348613556443631,0.19640791666205512,0.11267122958047641,0.2995150224485654,0.411,False,4.033391415058079,23.709993463612506
409,Dausa,Rajasthan,burns,1631338.182755664,2.623066251360019,0.35149678494740944,7.766266772248781,0.16308447034442672,0.08763904820393767,0.2651868116696847,0.6245,False,7.414769987301372,42.791081317413656
410,Kushinagar,Uttar Pradesh,burns,3335613.1863057427,1.1152642339457015,0.08583387323976642,4.378537917502302,0.15318417206908821,0.06383251571063797,0.2950306506337754,0.1605,False,4.2927040442625355,37.20090084964455
411,Kannauj,Uttar Pradesh,burns,1550220.7783786857,0.9321102895856375,0.14931346666236817,2.593348112118348,0.1659522747971896,0.09332964864596202,0.2626182493891927,0.0855,False,2.44403464545598,14.449767386562291
412,Lucknow,Uttar Pradesh,burns,4295058.261535606,1.8368521577641934,0.030540576997925305,10.1925388541299,0.21907022720274202,0.08833066329944196,0.42114528303006027,0.3185,False,10.161998277131975,78.89387035424603
413,Jalpaiguri,West Bengal,burns,2980852.566200509,2.1199457094350453,0.15530762474111584,8.027580224620626,0.17986754211078892,0.08451651039371391,0.31628186727337737,0.4325,False,7.87227259987951,63.192456081752134
414,Basti,Uttar Pradesh,burns,2306185.199446492,1.0766007356941465,0.0960828450328168,3.446864216074495,0.15398145362114338,0.0696948733046418,0.2844639820796899,0.1565,False,3.3507813710416783,24.828406823710452
415,Gorakhpur,Uttar Pradesh,burns,4155681.0411091126,0.9633734002605309,0.13742036263746066,2.9858831621026596,0.16171968026177674,0.06675800184021682,0.30626313671729705,0.1325,False,2.848462799465199,40.034725749715086
416,Sant Kabir Nagar,Uttar Pradesh,burns,1605026.346070477,1.0238503395104326,0.09765940987947032,3.022315968181051,0.15517525119108413,0.08271991523310238,0.2568182821360786,0.139,False,2.9246565583015807,16.43306769347447
417,Karauli,Rajasthan,burns,1455508.1637014244,2.6488747468041747,0.35257519035410745,8.181060062722723,0.16602632749321533,0.0937485467256296,0.2672439250407973,0.6195,False,7.828484872368616,38.5545881859602
418,East Champaran,Bihar,burns,3995256.9749684567,2.734965950028295,0.19084173386247455,11.61787333346712,0.16018213508821305,0.06114518675769206,0.31167266670661664,0.5365,False,11.427031599604646,109.26891788151777
419,Unnao,Uttar Pradesh,burns,2908733.8950164793,0.9682369410988781,0.14115791489551008,2.6943717899631143,0.16400521787827965,0.07503997834979102,0.30613191396660566,0.113,False,2.553213875067604,28.16343608981381
420,Etawah,Uttar Pradesh,burns,1480219.1512379386,0.8942810926769258,0.18288164122198947,2.223374494090464,0.17460486900093483,0.10232592470171034,0.2735268330552423,0.0825,False,2.0404928528684745,13.237319999703754
421,Dholpur,Rajasthan,burns,1333041.6935525378,2.349553226428995,0.4562960749849921,6.270311830897343,0.17037403128616274,0.09689129926922058,0.2692517715724024,0.653,False,5.814015755912351,31.32052412050737
422,Kanpur Nagar,Uttar Pradesh,burns,4287038.664917739,1.6615885996651705,0.03941088359423126,7.948057848295572,0.21850956771767932,0.08053182218204782,0.42771421481271743,0.305,False,7.908646964701341,71.23294571951108
423,Auraiya,Uttar Pradesh,burns,1290944.5059738792,0.9410161372395853,0.14534505772233372,2.5367839934783576,0.16603942912063668,0.09886346778781772,0.2573042664533645,0.0985,False,2.3914389357560237,12.147996124022047
424,Morena,Madhya Pradesh,burns,1867019.7859818377,4.11758383911521,0.487142247245919,12.469573640335804,0.17529031369556347,0.0913050263310013,0.2897607634737279,0.8235,False,11.982431393089886,76.87610498067153
425,Barmer,Rajasthan,burns,2598858.929856751,2.8534116623208092,0.2887873340491806,9.214256062124159,0.1626931154783574,0.07677987069702766,0.2974991046556883,0.6215,False,8.925468728074978,74.15614379179831
426,Ayodhya,Uttar Pradesh,burns,2664164.546666667,0.917687080648411,0.19003154351167673,2.506679256474718,0.1688704520153267,0.0857655390487917,0.289340862033943,0.1025,False,2.316647712963041,24.448693851975307
427,Kanpur Dehat,Uttar Pradesh,burns,1680825.1028550619,1.0174811164266266,0.11231725772708481,2.867848759146987,0.15933887819446615,0.08397812217106927,0.26468264365100924,0.122,False,2.755531501419902,17.102078021708678
428,Bhind,Madhya Pradesh,burns,1617290.2082056182,4.177013999084554,0.5190829798694538,12.423074903399389,0.17533279876437904,0.10024337779630728,0.2698559066875089,0.806,False,11.903991923529935,67.5544384025724
429,Sawai Madhopur,Rajasthan,burns,1333041.6935525378,2.398961169926521,0.45597779157109225,6.1486781924670435,0.1705305049149629,0.09977657096572143,0.2654861129512469,0.648,False,5.692700400895951,31.97915260725627
430,Deoria,Uttar Pradesh,burns,2901789.5045262584,1.074865928068302,0.09542651968569904,3.730743776344986,0.157097693536895,0.06786576529840974,0.29365303505751594,0.1615,False,3.635317256659287,31.19034668841475
431,Sitamarhi,Bihar,burns,3461167.900807432,2.153971854969451,0.32052689345400615,6.642612287938156,0.15786379388454844,0.06549950505361554,0.30519441230418803,0.516,False,6.32208539448415,74.55258243662905
432,Tonk,Rajasthan,burns,1418655.5347794688,2.29585945638188,0.49693147117708186,5.8182247214966045,0.17168625031792004,0.09955157935377128,0.2647096822422532,0.656,False,5.321293250319522,32.57033724871936
433,Sheohar,Bihar,burns,663452.1673062344,2.1803162340866225,0.2912001757718872,6.391880696238613,0.15077611357227833,0.0964907565536551,0.2207741802040176,0.5555,False,6.100680520466725,14.465355309177367
434,Sultanpur,Uttar Pradesh,burns,3553249.317485126,1.0949157901332223,0.09863747548809172,3.8495944548021233,0.1521011052307385,0.062183309803643616,0.3052106577850543,0.164,False,3.7509569793140316,38.905087839945594
435,Pali,Rajasthan,burns,2033744.6961268608,2.3305750048210885,0.4980673985475322,5.953703553303788,0.17462848515217697,0.0873110372173174,0.2933463445983965,0.6665,False,5.455636154756255,47.39794554980722
436,Gopalganj,Bihar,burns,2590145.1804118883,2.04868740261747,0.3714633687200972,5.520044540864295,0.15714357223246964,0.07363807079020278,0.28629372669300335,0.5445,False,5.148581172144198,53.0639780206019
437,Ambedkar Nagar,Uttar Pradesh,burns,2243885.005230488,1.0029239021995848,0.12015790982231028,3.036035352854513,0.15989656604557204,0.08130249624274091,0.27517093253097535,0.1245,False,2.915877443032203,22.50445905532897
438,Rae Bareli,Uttar Pradesh,burns,3186838.9076252664,1.0645798721215456,0.11147291449908889,3.686842586686691,0.15550170650619397,0.0693695281716162,0.2898480460263021,0.148,False,3.5753696721876023,33.92644556751672
439,Jalaun,Uttar Pradesh,burns,1581436.3797764485,0.9037765676911874,0.16187018734872544,2.4453616182150903,0.17254801470427622,0.09608298778727863,0.27708065224040285,0.0965,False,2.283491430866365,14.292651433363359
440,Azamgarh,Uttar Pradesh,burns,4317587.058335508,1.0324694463494748,0.10764037558814664,3.299944467708309,0.1548232118355916,0.05397235109746114,0.33674856752929727,0.1445,False,3.192304092120162,44.577767196853195
441,Gwalior,Madhya Pradesh,burns,1929760.5852720994,5.861240863350001,0.2005364088531649,23.133166281109443,0.22666825568995277,0.12017952129616133,0.3682884376503763,0.6875,False,22.93262987225628,113.10791598879042
442,Sheopur,Madhya Pradesh,burns,653239.9258408077,4.020915265464282,0.4826373854630602,10.92413764425624,0.16149592431382212,0.10659744732758762,0.22740917595327542,0.868,False,10.441500258793178,26.266223898240593
443,Mau,Uttar Pradesh,burns,2064290.9582175184,0.9209460065454091,0.14806011776799755,2.3334798812054656,0.1708158113053932,0.08656958840658444,0.30491853926100587,0.0995,False,2.185419763437468,19.011005143182196
444,Fatehpur,Uttar Pradesh,burns,2463647.2185003962,1.1796972445214693,0.08210102855133633,4.467892604131742,0.1587787654121474,0.07471398616042056,0.2779457308670399,0.2085,False,4.385791575580406,29.063578351378993
445,Ballia,Uttar Pradesh,burns,3031701.355082305,1.1127810259873512,0.10146668479079117,3.916374569141615,0.15760181372872378,0.06855572199577506,0.29063534814387243,0.185,False,3.814907884350824,33.73619744395731
446,Jaunpur,Uttar Pradesh,burns,4205566.300864294,1.0232704806358113,0.10063031054582564,3.188107170528064,0.14968480967388462,0.0633220342204023,0.29280711462146425,0.138,False,3.0874768599822384,43.03431850031177
447,Bhilwara,Rajasthan,burns,2403997.734927561,2.336947943054885,0.48370490282660183,6.162334949314766,0.17503383902408726,0.08689138134979248,0.28836745556460336,0.6355,False,5.6786300464881645,56.180175617475676
448,Samastipur,Bihar,burns,4308361.801547834,2.1884548514429607,0.30926376618626567,6.743449144388381,0.1581769401015843,0.05769350773917957,0.3236618359711951,0.5345,False,6.434185378202115,94.28655286368891
449,Jalore,Rajasthan,burns,1825294.0818061852,2.5678362133554,0.3348142990996733,7.432994133905147,0.1613654735982712,0.08435339725217278,0.2686302249410399,0.647,False,7.098179834805474,46.87056243285216
450,Bundi,Rajasthan,burns,1108818.7688958906,2.535883137704862,0.3582523123666307,7.5438713952884155,0.17067400771356017,0.10651263751008672,0.2544848029079074,0.6295,False,7.185619082921785,28.11834818813753
451,Katihar,Bihar,burns,3104751.6417780793,2.125163145013476,0.3453450534339231,6.02578113283381,0.16145354231852257,0.0672729852515797,0.3043623729612966,0.5335,False,5.680436079399887,65.98103763526856
452,Jhansi,Uttar Pradesh,burns,1870243.8575565952,0.9712865759865653,0.1517495497088579,2.795697304506853,0.1889523051059685,0.1021809442377294,0.30754806625332476,0.163,False,2.6439477547979955,18.16542752666051
453,Shivpuri,Madhya Pradesh,burns,1639175.3188471599,3.914998897270098,0.5157351237948696,10.323800380663938,0.16615892705162133,0.0899501661926269,0.26891105410930616,0.867,False,9.80806525686907,64.17369565718992
454,Kota,Rajasthan,burns,1947348.3279221167,3.3871655201513335,0.167237417694565,14.46230880862984,0.22655755344514195,0.11642496570425863,0.36447409411140375,0.5705,False,14.295071390935275,65.95991112062146
455,Banda,Uttar Pradesh,burns,1683843.9148374705,1.186885366565566,0.08891931586400645,4.741796252279391,0.16359276758013755,0.08643543782744786,0.2674662506242964,0.199,False,4.652876936415384,19.985297021010688
456,Ghazipur,Uttar Pradesh,burns,3387758.344057674,1.1073322402296517,0.09596740902845076,3.4642377143983882,0.15546228945100807,0.06214311102887707,0.30057908236959685,0.179,False,3.3682703053699377,37.5137403648208
457,Kaushambi,Uttar Pradesh,burns,1496862.8554906098,1.0790078364138718,0.10357193425136334,3.465247818451381,0.15664543017342886,0.08378958175144648,0.25334139799805866,0.1515,False,3.3616758842000176,16.151267511112128
458,Khagaria,Bihar,burns,1685189.8973135375,2.0483772109292424,0.3973482395150686,5.699644022357203,0.15347904712404967,0.08098148858301543,0.25851842764609817,0.53,False,5.302295782842135,34.5190458174524
459,Bhojpur,Bihar,burns,2758367.3461529687,1.9866272643235139,0.4615635334887727,5.373600895612578,0.1657464213786747,0.07642540136332843,0.30310104727470283,0.5285,False,4.9120373621238045,54.79847774887183
460,Prayagraj,Uttar Pradesh,burns,4135002.272607171,1.1063958195943118,0.1159271077205854,4.011089271215034,0.19160384281400086,0.07793594214677081,0.36029358605237316,0.2195,False,3.895162163494448,45.74949228425553
461,Buxar,Bihar,burns,1725089.2692486166,2.017066208331202,0.40699280942209026,5.263304470665704,0.15938414963494674,0.08394884626754909,0.273082748459393,0.537,False,4.856311661243614,34.79619271356151
462,Dakshin Dinajpur,West Bengal,burns,1290196.309447968,2.227484739250782,0.11030324197699942,7.871974955530207,0.16308009870979334,0.09416893269795512,0.25056955139131387,0.446,False,7.761671713553207,28.73892589933028
463,Malda,West Bengal,burns,3070134.690206135,2.1281128280678683,0.11336633301615373,7.238299911910087,0.16498709244247964,0.06711111662349249,0.308067135743108,0.4675,False,7.124933578893933,65.33593018123847
464,Tikamgarh,Madhya Pradesh,burns,1372428.6311735318,4.227050822903026,0.3786368339992986,12.275029952640203,0.16488345251784545,0.09628342900603994,0.2642962838217549,0.841,False,11.896393118640905,58.01325574777751
465,Varanasi,Uttar Pradesh,burns,3440697.975266848,1.065826831093133,0.1181548068437106,3.334323929982796,0.1918067770538782,0.08353860080384064,0.3526433585592126,0.2215,False,3.2161691231390854,36.67188219727223
466,Darbhanga,Bihar,burns,3980621.0045761154,2.2293207972006885,0.2955985413238054,6.76551236125508,0.16277528618217502,0.06210781038122695,0.32829936241979923,0.5515,False,6.469913819931275,88.74081191275431
467,Saharsa,Bihar,burns,1921531.9556453445,2.156694298364452,0.30233133221190583,6.68163068191417,0.15753632976331924,0.07994461145920402,0.2649655640365723,0.5305,False,6.379299349702264,41.4415701286541
468,Sirohi,Rajasthan,burns,1034398.8563120378,2.3450777084433776,0.4939254596176055,5.822511024003669,0.17065065884846267,0.10633119715238325,0.25134748025088954,0.6935,False,5.328585564386064,24.25745699576684
469,Chitrakoot,Uttar Pradesh,burns,928036.7040650905,1.0703290533562317,0.09499949541800366,3.2919589255362416,0.15751143820882293,0.0963966663004435,0.23589013578269385,0.156,False,3.196959430118238,9.933046469418256
470,Chandauli,Uttar Pradesh,burns,1827341.3550899236,0.9568906126221149,0.13924798767536045,2.632071106905697,0.1604121418602524,0.08727448069274882,0.26220749572630053,0.09,False,2.4928231192303367,17.485657887417226
471,Bhadohi,Uttar Pradesh,burns,1476853.1665197974,1.0699776078111838,0.1248327791983075,3.365415469011386,0.16152533057415577,0.09310385614591232,0.2466819196708878,0.1555,False,3.2405826898130785,15.801998182012248
472,Baran,Rajasthan,burns,1220457.6208619764,2.9623531884290744,0.27605506062922847,11.293912797627186,0.17123365033583793,0.10163082413647197,0.25673793762791774,0.5955,False,11.017857736997957,36.15426524503038
473,Sahibganj,Jharkhand,burns,1191843.0884379183,3.1344878683119797,0.5716445191893919,8.15562087750525,0.16282762495988315,0.09706427777418263,0.2510147932372288,0.8185,False,7.583976358315858,37.35817701640137
474,Kaimur,Bihar,burns,1644243.149172997,2.0406260613825866,0.3633914484110361,5.347563246613536,0.15414640138997937,0.07896418050721317,0.25655181423575135,0.547,False,4.9841717982025,33.552854214521936
475,Rohtas,Bihar,burns,2992420.543742338,2.0594035638689583,0.3878995337821362,5.716516059980351,0.1685032003348974,0.07569860189777977,0.30578785484345095,0.5255,False,5.328616526198215,61.62601532377658
476,Udaipur,Rajasthan,burns,3062654.8842616105,2.340599967833784,0.42084411336961824,6.178746583327594,0.17777713985829638,0.08167563118360881,0.3251430911808601,0.636,False,5.757902469957975,71.68449923588706
477,Godda,Jharkhand,burns,1360674.0682295912,3.488085331256285,0.34045960231698813,11.124563910090417,0.15326849795429978,0.08605707886597844,0.24424955786202351,0.7525,False,10.784104307773429,47.4614725801245
478,Mirzapur,Uttar Pradesh,burns,2336603.520060308,0.9446510501716605,0.1472393221710384,2.644195510677481,0.16140239588107344,0.07998302422765993,0.2762768121024318,0.0965,False,2.4969561885064424,22.072749690597686
479,Lalitpur,Uttar Pradesh,burns,1143135.9476795923,0.9687476307405334,0.12762698739524583,2.819095760970569,0.16065889974782901,0.09820303856306989,0.24562358233314768,0.109,False,2.6914687735753233,11.074102409289393
480,Jamui,Bihar,burns,1779735.8194743,2.0833456205481995,0.373472374929572,6.313083965027735,0.15904487337819104,0.0820499106136656,0.26639838507352664,0.531,False,5.9396115900981625,37.07804825234544
481,Neemuch,Madhya Pradesh,burns,784489.8109058931,4.603850304647211,0.46283240021849736,16.26294748903825,0.17739193728336294,0.11628786822577654,0.25247323625948814,0.776,False,15.800115088819753,36.11673654931729
482,Banka,Bihar,burns,2057106.5153990048,2.06702032363416,0.40958349393853816,5.728743519415744,0.15373260705705008,0.07376577303260247,0.2761178104678246,0.5345,False,5.319160025477205,42.52080975209991
483,Rewa,Madhya Pradesh,burns,2246066.6734204288,4.178705056212482,0.4103675024774584,12.27835673607067,0.16693456349055866,0.08102872662135557,0.29294973400475777,0.841,False,11.867989233593212,93.85650164812294
484,Satna,Madhya Pradesh,burns,2116749.363758057,4.031550479113916,0.4569599999422647,11.588458957328653,0.17228036275459563,0.08593777490240925,0.29391643330335276,0.858,False,11.131498957386388,85.3378191162287
485,Guna,Madhya Pradesh,burns,1179031.489632286,3.6981668521782214,0.6273577823487091,8.650681707003642,0.17507328470998665,0.10697233076116906,0.2655861108938499,0.891,False,8.023323924654933,43.6025517263243
486,Nawada,Bihar,burns,2243514.2054488114,2.122962689855819,0.32159171567070244,6.092671709886927,0.16247820399472443,0.07777883522288959,0.2856302048326769,0.5225,False,5.771079994216224,47.62896952329349
487,Gaya,Bihar,burns,4439639.692504958,2.2505329636633875,0.2847491579858105,7.289770776848553,0.16810618418046253,0.06190446333839293,0.340440882138266,0.515,False,7.0050216188627425,99.91555474770794
488,Ashoknagar,Madhya Pradesh,burns,802537.3111285815,3.838828910260371,0.6029123193106698,9.797317154287596,0.1652565333488891,0.10411675759219668,0.2413076272997383,0.89,False,9.194404834976925,30.808034315230213
489,Banaskantha,Gujarat,burns,2516030.3250798224,2.5333772356248883,0.13129736388399543,8.85083936804647,0.1681335419282621,0.07965513293888576,0.2971398167949224,0.537,False,8.719542004162475,63.7405394969911
490,Jhalawar,Rajasthan,burns,1408477.6934621735,2.502500259503977,0.36601367389136524,7.28370218811137,0.1669366204268721,0.09562134318055687,0.2674302659904353,0.608,False,6.917688514220004,35.24715793394652
491,Murshidabad,West Bengal,burns,5467659.009871071,2.141340715819217,0.11428529487984866,7.913755789854595,0.16924906547592117,0.05690624869185633,0.36273153996567403,0.4475,False,7.799470494974747,117.0812085805271
492,Sonbhadra,Uttar Pradesh,burns,1742937.2061818952,1.015791196340065,0.13302398801073884,3.122939813734979,0.16954420554157038,0.09307843535623155,0.2705125212631791,0.1395,False,2.9899158257242404,17.70460269813118
493,Pakur,Jharkhand,burns,932724.2458522166,3.3682221331556166,0.3978059581604911,9.89207555268816,0.15518287613134843,0.09522739912156515,0.23271964073593687,0.782,False,9.494269594527669,31.41622449010317
494,Mandsaur,Madhya Pradesh,burns,1272946.1071876483,4.2272250374736,0.5025823083609743,13.479984980949009,0.17048207273297816,0.1025041822757933,0.26599727900944853,0.8085,False,12.977402672588035,53.8102965565818
495,Munger,Bihar,burns,1382784.2815279814,2.1897884292079253,0.33038747777010075,6.871081021330876,0.17898945245089676,0.10586445142240411,0.2779391497023123,0.4985,False,6.540693543560775,30.28005019780568
496,Giridih,Jharkhand,burns,2533204.311313144,3.469800610484288,0.3676871219676442,10.601729128199677,0.16092053885634094,0.07621759284657122,0.29348142968069757,0.7405,False,10.234042006232032,87.89713865875777
497,Dumka,Jharkhand,burns,1368848.1544069834,3.8253919891127515,0.27005493060423447,12.426236735379238,0.15597750775774655,0.08574336964410782,0.25515577119904115,0.737,False,12.156181804775004,52.36380764180249
498,Singrauli,Madhya Pradesh,burns,1118968.7555192488,3.873190319161954,0.5439692287190598,10.106199376838271,0.16986565286895267,0.10482210512988746,0.2596613381372964,0.8715,False,9.56223014811921,43.339789513218534
499,Birbhum,West Bengal,burns,2695730.7239355575,2.090020963150101,0.11993820589950165,7.529654378956063,0.16406639881829743,0.07792043629093653,0.287815386785849,0.441,False,7.4097161730565615,56.34133724033113
500,Deoghar,Jharkhand,burns,1545600.4669826531,3.398373698120852,0.4159077971062086,10.713810682110358,0.1703761926358693,0.09248719619510362,0.2815237658107361,0.755,False,10.297902885004149,52.525279747971545
501,Palamu,Jharkhand,burns,2009460.952838884,3.2010294861403765,0.42296184448311913,8.650973519045085,0.16247349452003554,0.08880584112780236,0.2653347219703765,0.783,False,8.228011674561966,64.32343761285004
502,Sidhi,Madhya Pradesh,burns,1070307.7414479714,4.484800975129098,0.2847887503979044,15.241168774259327,0.1573677806162797,0.09211097840226348,0.23941206163348733,0.82,False,14.956380023861422,48.00117202534085
503,Chatra,Jharkhand,burns,1080299.0796091552,3.296752823341923,0.38132631497806,9.83674982479542,0.1553163515215147,0.09203190746611756,0.23709827596330135,0.78,False,9.455423509817361,35.61479040755163
504,Garhwa,Jharkhand,burns,1370238.2980706587,3.4929014898401145,0.3245013602152191,11.269003148253487,0.15659074591020244,0.08458434769670087,0.2539871335512394,0.747,False,10.944501788038268,47.86107392766987
505,Sagar,Madhya Pradesh,burns,2258746.6472666366,3.7507883990114044,0.735353895376744,9.771465069174667,0.18224991101266727,0.09515555108870463,0.3102025539276252,0.8965,False,9.036111173797924,84.72080720873605
506,Patan,Gujarat,burns,1083438.2285567822,2.2578470889935414,0.2106354582491763,6.790761015084197,0.17356321524481055,0.10924891433487083,0.2538564171609676,0.5315,False,6.5801255568350205,24.462378504512497
507,Damoh,Madhya Pradesh,burns,1200588.9646404434,4.170148534446595,0.5103419536462236,11.327911773667937,0.166936063875276,0.09889020403878883,0.26036102503705655,0.8535,False,10.817569820021713,50.06634311368099
508,Shajapur,Madhya Pradesh,burns,1436545.500124006,4.014865159340305,0.5261022208900148,10.750662810138811,0.1685598541374552,0.09453700367618016,0.27241702563364184,0.8725,False,10.224560589248796,57.67536478254966
509,Vidisha,Madhya Pradesh,burns,1385447.6366751543,4.036517638301505,0.482572290287936,11.960713073813835,0.1727415205024255,0.09734005696253223,0.2705998135204315,0.8765,False,11.4781407835259,55.92383822382396
510,Mehsana,Gujarat,burns,1640850.1497764285,2.1265980466670604,0.2219148545616748,5.995868950840966,0.17758364813557892,0.09891453209637484,0.2803963518793604,0.5275,False,5.773954096279291,34.89428723387906
511,Rajgarh,Madhya Pradesh,burns,1468010.866619393,3.982923915038322,0.46804012629997044,10.907949713241594,0.1683366283326904,0.09550151555568522,0.26753322419866504,0.862,False,10.439909586941624,58.469755881945126
512,Shahdol,Madhya Pradesh,burns,1012406.4528467655,3.930716678305562,0.5226982205871776,11.132158595522453,0.1689482587266786,0.10484380512892334,0.25110763035052563,0.871,False,10.609460374935276,39.79482929428954
513,Nadia,West Bengal,burns,3977398.977676301,1.8942019279088194,0.18420989486782388,6.017325742388632,0.18423260715760048,0.07207874876375518,0.3621041672427641,0.4195,False,5.8331158475208085,75.33996811577016
514,Jamtara,Jharkhand,burns,819420.2861407531,3.281290834747145,0.47935451975038185,9.640345503682052,0.15770836936429877,0.10066681213495307,0.2300522615169881,0.789,False,9.16099098393167,26.88756274719536
515,Dungarpur,Rajasthan,burns,1385943.112367677,2.6147135075044985,0.3004780477639293,8.356795467663293,0.15796802058073078,0.0902139956546053,0.2488922534571819,0.614,False,8.056317419899363,36.2384417654059
516,Katni,Madhya Pradesh,burns,1227011.5913872262,4.051359703032698,0.49212695109215543,11.484681411655185,0.1713568896355956,0.10048390965630642,0.2625866346158493,0.855,False,10.99255446056303,49.71065316500232
517,Dhanbad,Jharkhand,burns,2780791.7982624588,4.989392234603591,0.1374218455283956,20.61923448534026,0.22577330396384745,0.10185414790939443,0.3906040231612621,0.646,False,20.481812639811864,138.74461004300068
518,Banswara,Rajasthan,burns,1794107.786625358,2.706813767591213,0.3047525293049977,8.64552637727285,0.16005909857454306,0.08142175005922235,0.2691787011011399,0.619,False,8.340773847967853,48.56315657380118
519,Umaria,Madhya Pradesh,burns,612306.3643748773,4.597941060202927,0.34861674603611736,15.137689630564319,0.16436319399874902,0.11198593625134151,0.22611662334047972,0.7985,False,14.789072884528201,28.153485741828227
520,Latehar,Jharkhand,burns,753058.0181305574,3.9561652042251625,0.20184702452986045,12.6860319702109,0.15588229934995,0.09985770633309608,0.2286669163849912,0.7055,False,12.48418494568104,29.792219280908725
521,Ratlam,Madhya Pradesh,burns,1381833.1983544035,3.9658342600541845,0.6037277916706985,11.0484465204606,0.1801198051669511,0.10452585199596134,0.2812736535614913,0.839,False,10.444718728789901,54.801214397141436
522,Bokaro,Jharkhand,burns,2136315.1877102093,4.074521068683897,0.21961192537044555,13.819188211425727,0.20901902924626142,0.10762387186477451,0.3454310848043941,0.6705,False,13.599576286055282,87.0446124167464
523,Ramgarh,Jharkhand,burns,983503.8528097561,3.7079821129179202,0.3478888489572024,11.493855187545256,0.2020623344613141,0.1281275202258729,0.2931243270154101,0.704,False,11.145966338588053,36.46814694204434
524,Bhopal,Madhya Pradesh,burns,2251721.9493531855,9.111784534560124,0.08759336673622817,49.64100302449181,0.2622298442867408,0.11892651368906795,0.45404150205793387,0.651,False,49.55340965775558,205.17205234245932
525,Purba Bardhaman,West Bengal,burns,5940054.800362343,1.9177980690966856,0.19819907603756196,6.606208584580334,0.19076047305535185,0.060621110709494434,0.4094212835882329,0.4435,False,6.408009508542772,113.918256264634
526,Koriya,Chhattisgarh,burns,439278.0,6.671004872840395,0.5269560000487697,17.38838064021037,0.18325396553478993,0.135159574446657,0.24359205895230257,0.9195,False,16.8614246401616,29.304256785315832
527,Ujjain,Madhya Pradesh,burns,1886862.1596743683,3.873352230260201,0.5309845177842107,10.256224634086157,0.19424491555858214,0.10181987844973452,0.32600269087774475,0.809,False,9.725240116301947,73.08481754368295
528,Gandhinagar,Gujarat,burns,1122155.4302477925,1.9672499567506068,0.36322432496699775,5.340490919629529,0.1993013984986984,0.12513956527137998,0.29603321925764536,0.4975,False,4.977266594662531,22.075602216224283
529,Ahmedabad,Gujarat,burns,5816751.7934427885,3.0603884517660425,0.0808974448748806,12.838050104252739,0.24571089498811763,0.08356859292701846,0.5020922580392089,0.514,False,12.757152659377859,178.01520015441724
530,Raisen,Madhya Pradesh,burns,1264575.7290060667,3.8598715249239013,0.6453959828532337,9.943797049291259,0.17281171901973733,0.10312946467510606,0.2623464377115134,0.891,False,9.298401066438025,48.810998475004006
531,Purulia,West Bengal,burns,2255251.258896585,2.4983774886468244,0.0862551967596844,10.09814178074169,0.16182290433679872,0.08023947563168762,0.27343464250058314,0.4765,False,10.011886583982006,56.3446897646964
532,Sehore,Madhya Pradesh,burns,1245330.6968016475,3.866120458538552,0.5374668146331506,10.130317231265455,0.1663273858579504,0.09915860822706203,0.2557252992432401,0.878,False,9.592850416632304,48.1459848455092
533,Ranchi,Jharkhand,burns,3018800.5531268227,3.4031575655035975,0.37755119341471804,10.131003698022306,0.20004870376040487,0.0905825661938259,0.3550434763570294,0.713,False,9.753452504607589,102.73453941119992
534,Bankura,West Bengal,burns,2768288.468657584,2.2416161466571682,0.08359144044994798,8.161644788100478,0.1588567709930789,0.06669378112103014,0.3074158180724353,0.468,False,8.07805334765053,62.05440129947686
535,Lohardaga,Jharkhand,burns,478356.51449219935,3.306858082386158,0.4705639388772665,9.650956940807912,0.15954464174933963,0.11061243739178812,0.21631067487744982,0.7875,False,9.180393001930646,15.818571062106006
536,Panchmahal,Gujarat,burns,1927656.8981033966,2.463546930378706,0.11768441237592592,8.646540462576406,0.1677499830081721,0.09157262074803744,0.27887704965933596,0.5335,False,8.52885605020048,47.48873234145961
537,Jabalpur,Madhya Pradesh,burns,2339307.9760074746,5.347487207694645,0.32386002642862827,21.630728321374892,0.22047275320757478,0.11059008630661815,0.3719443186508867,0.718,False,21.306868294946263,125.09419476558021
538,Gumla,Jharkhand,burns,1061992.068455556,5.5791467695401025,0.09169841318560908,26.001482953528317,0.15450685371248782,0.08914161291359941,0.2370653804310974,0.656,False,25.90978454034271,59.25009618001026
539,Dahod,Gujarat,burns,1888740.375,1.928742074519343,0.28981829655978564,4.979404587854373,0.18892588964035467,0.10371556859944266,0.306672084795852,0.5035,False,4.689586291294587,36.428930291059416
540,Dewas,Madhya Pradesh,burns,1485010.8824837557,3.6519904431703534,0.7598558548634776,8.941851081511476,0.17816001678103133,0.1031119234400356,0.28522368845662877,0.9055,False,8.181995226647999,54.23245550834649
541,Anuppur,Madhya Pradesh,burns,711526.7798540537,5.017948684541699,0.3486410491210421,18.624693350852404,0.17900592322455783,0.12027759697166895,0.2536347782021701,0.768,False,18.27605230173136,35.704048689848406
542,Jhabua,Madhya Pradesh,burns,973455.7992141846,4.6237104682581815,0.35513738354618785,16.537635111150713,0.15833482326127157,0.0959898003247727,0.24165382960019513,0.8015,False,16.182497727604524,45.0097776921326
543,North 24 Parganas,West Bengal,burns,7704329.421039488,2.3560493320543148,0.11647508354464,8.622491637052269,0.21187521663276157,0.07769249790477921,0.4283516721220294,0.4785,False,8.506016553507628,181.51780186366494
544,Dindori,Madhya Pradesh,burns,669064.2520989985,7.176460219456973,0.12133042545802303,34.93794058959923,0.15061572345702287,0.09668855901718093,0.22592483657963428,0.701,False,34.8166101641412,48.01512989449195
545,Hooghly,West Bengal,burns,3968526.739130436,1.7763142146128184,0.2492958413086813,5.425059823664194,0.18210267693596086,0.07076776725991628,0.3573724299355378,0.417,False,5.175763982355512,70.4935045778845
546,Khunti,Jharkhand,burns,550966.1419924282,8.014789204418046,0.05120425378436899,44.88769166910872,0.1551305236394063,0.10278911304756906,0.22113178313993537,0.623,False,44.83648741532435,44.15877486840774
547,Narsinghpur,Madhya Pradesh,burns,1036899.3531963424,3.7679016352673487,0.6414514360521862,8.771676341955574,0.16673556299105485,0.10285883290655248,0.24779764102906643,0.9115,False,8.130224905903388,39.069347685161546
548,Dhar,Madhya Pradesh,burns,2075778.7652205266,4.155345984660565,0.5029872462471048,12.76924064641322,0.1709573187772303,0.0840361264703985,0.28625652114191635,0.828,False,12.266253400166114,86.25578957102782
549,Jashpur,Chhattisgarh,burns,567779.3333333333,8.35436058950258,0.42732124879411243,32.52812789497592,0.1562376843357869,0.10457240777539682,0.22373230719105955,0.8705,False,32.1008066461818,47.43433285934048
550,Indore,Madhya Pradesh,burns,3111775.933339435,7.336691102038614,0.11274228246385375,34.29544345493601,0.2496547685712116,0.10254419690691319,0.4668996823854772,0.65,False,34.18270117247216,228.30138801669338
551,Saraikela-Kharsawan,Jharkhand,burns,1103264.4186729982,3.4118468620698286,0.4149437423572951,10.893842692317236,0.173207452031218,0.1096066113556352,0.2542945815699093,0.7405,False,10.478898949959941,37.64169244882763
552,Mandla,Madhya Pradesh,burns,1001810.0516951786,6.08446942957163,0.19660189893464428,28.488512726354116,0.15954986445177194,0.09640370368034046,0.24266230409170078,0.737,False,28.29191082741947,60.954826337768885
553,East Singhbhum,Jharkhand,burns,1374505.5833333335,4.799045891534175,0.17194524924243956,22.025385563484853,0.16710220732817294,0.0994558174690358,0.2566889584323074,0.67,False,21.853440314242413,65.96315372586619
554,Hoshangabad,Madhya Pradesh,burns,1178870.995655353,4.299044033118083,0.6860100253915756,13.989831115838214,0.18681261038628869,0.11282708376141776,0.28381021528893896,0.8285,False,13.303821090446638,50.68018319688118
555,Korba,Chhattisgarh,burns,804426.6666666666,7.139232964103618,0.4501127704030835,20.78592285865841,0.19428221838273613,0.12988189488489285,0.2748244036921051,0.899,False,20.335810088255325,57.4298937587066
556,West Singhbhum,Jharkhand,burns,1374505.5833333335,3.9657921470813764,0.246718455577046,14.62402059489421,0.1675172209997763,0.09666357182595059,0.263234717392985,0.687,False,14.377302139317164,54.510034485028406
557,Howrah,West Bengal,burns,3968526.739130436,1.7755067998991045,0.24515246229130147,5.283662767150464,0.18405730356358738,0.07352798997158215,0.35670603355776,0.4065,False,5.038510304859162,70.46146210907509
558,Simdega,Jharkhand,burns,621087.5987921001,5.806973683746879,0.0877646064325258,26.772286706339575,0.15396964259376206,0.09791230571802609,0.21967136974816315,0.6415,False,26.68452209990705,36.06639341487265
559,Kolkata,West Bengal,burns,3461015.9684424405,5.103831723670075,0.02268823953451264,30.561693179906634,0.2848221051458845,0.10342839424548197,0.5351288942215943,0.473,False,30.53900494037212,176.64443095865238
560,Koderma,Jharkhand,burns,741954.4786887291,3.0478120451953417,0.5855261790772441,7.591528388282628,0.17139549490169717,0.11602189277682591,0.2386602528408069,0.828,False,7.006002209205383,22.61337797134139
561,Hazaribagh,Jharkhand,burns,1796719.2503175628,3.051358071911569,0.5628445107175064,7.7095944641903005,0.16819533003584206,0.0912700386966219,0.2731057148102738,0.792,False,7.146749953472794,54.82433787415399
562,Vaishali,Bihar,burns,3533399.45269122,2.074814341039,0.34984362177869266,5.814769278651367,0.15872077966243284,0.06407710524266255,0.3104264458238884,0.534,False,5.4649256568726745,73.31147857063097
563,Begusarai,Bihar,burns,3003160.1937718913,2.0840033711036527,0.41005054291264553,5.921017637914857,0.17052875913512303,0.07950045955525276,0.3101932560334561,0.525,False,5.510967095002211,62.5859596778492
564,Bhagalpur,Bihar,burns,3071123.384324156,2.0141577525596728,0.424943776006871,5.75310425977626,0.1726994364254608,0.07612324110203646,0.3150654891086825,0.525,False,5.3281604837693886,61.857269736037985
565,Lakhisarai,Bihar,burns,1011902.9078772558,1.9421133465296052,0.4902366038895367,4.754029703881339,0.1630732508053526,0.0985166486619859,0.24853841019155673,0.536,False,4.263793099991802,19.65230142780536
566,Sheikhpura,Bihar,burns,643329.6036059401,2.019820961186832,0.38345906454452644,5.386045388886186,0.16565175916059846,0.11283966170310153,0.23123921420199547,0.518,False,5.002586324341659,12.994106183152937
567,Arwal,Bihar,burns,708538.8822048488,2.0173354603686393,0.4265320847405194,5.555412572449067,0.15364495227610017,0.09951610790471675,0.22844599747683123,0.517,False,5.128880487708548,14.293606121217996
568,Jehanabad,Bihar,burns,1137669.941984988,2.1397499884294966,0.32247697010763476,6.6232776086866085,0.16132104232010025,0.09355045156267355,0.24929888154875807,0.516,False,6.300800638578973,24.343292451989644
569,Nalanda,Bihar,burns,2909252.200554803,2.0440228805928418,0.37665658830303683,5.860479934118558,0.16973880756635407,0.07793727001937387,0.318421855300018,0.5105,False,5.483823345815521,59.46578063349092
570,Patna,Bihar,burns,5902576.561215754,3.1485298927275953,0.1286176430239459,14.166983015283938,0.2075177566912925,0.06793689530072046,0.4202711497749106,0.51,False,14.038365372259992,185.84438747101055
571,Saran,Bihar,burns,3995256.9749684567,2.032265053060807,0.406545150353151,5.549707123832304,0.1638159903396009,0.06393464843321814,0.3302769243329457,0.542,False,5.143161973479153,81.1942112822583
572,Siwan,Bihar,burns,3367035.46983203,2.082014674733343,0.32925536377926895,6.080336807635714,0.15828064566509065,0.06546976154491622,0.30754930771842115,0.5325,False,5.751081443856445,70.10217258537962
573,Muzaffarpur,Bihar,burns,4853781.949560994,2.0918485305690746,0.37626698347383986,5.695751067666453,0.1639214067169791,0.059385630260205706,0.3494913968661888,0.553,False,5.319484084192614,101.53376638891865
574,Madhepura,Bihar,burns,2023743.134939127,2.074306095262388,0.34913281240451177,5.871159309953352,0.15380577734769862,0.07713952367722703,0.2636773445458595,0.547,False,5.522026497548841,41.97862720049645
575,Araria,Bihar,burns,2842442.5392017965,2.3060647472125413,0.25889226344438,7.708422712367188,0.15749640831738532,0.07190047457512605,0.2852406239843223,0.5365,False,7.449530448922808,65.54856535630564
576,Supaul,Bihar,burns,2253553.245719306,2.257308878702329,0.284000269404491,7.3334553386717625,0.15399274489410125,0.0703839788627058,0.2759944875082219,0.5355,False,7.049455069267271,50.86965750190642
577,Madhubani,Bihar,burns,4536654.430007166,2.245442291205348,0.2621424112304704,7.218389681901067,0.15851034463323635,0.05586987420851136,0.3203170306062924,0.5315,False,6.956247270670597,101.86795717722184
578,Purnia,Bihar,burns,3300467.432912523,2.052812805616717,0.35954129248227523,5.536235714223584,0.16306562339433361,0.0699280679313505,0.31341257809359596,0.5285,False,5.176694421741309,67.7524181080376
579,Surajpur,Chhattisgarh,burns,946118.4444444445,6.758116813855678,0.7322041487164602,19.6904139311957,0.17211222595377504,0.10945051103096311,0.24808932754107857,0.925,False,18.95820978247924,63.93978967298979
580,Surguja,Chhattisgarh,burns,1573257.3333333333,7.445145121485353,0.5730888660262324,24.978581790318504,0.17010355042932046,0.0903406632661783,0.28356561557999127,0.9,False,24.405492924292272,117.13129160107721
581,Aravalli,Gujarat,burns,1888740.375,1.9494415273032673,0.29101676920961,4.88619424643379,0.19012342722443026,0.10371662248309514,0.30882211611561083,0.5195,False,4.595177477224181,36.819889213193456
582,Mahisagar,Gujarat,burns,1888740.375,2.0372318836358865,0.28235821162123087,5.944291321653672,0.19012511242755187,0.10247169613001016,0.3014350932580659,0.5025,False,5.661933110032441,38.478021118604005
583,Amethi,Uttar Pradesh,burns,2664164.546666667,0.9693230143348465,0.15129180372031892,2.844683852868375,0.1702339385119925,0.08173475348382199,0.30904708067721637,0.13,False,2.693392049148056,25.82436009058963
584,Ghaziabad,Uttar Pradesh,burns,4380969.009108135,2.3200069483548615,0.02075517047383072,13.70315187849798,0.22423127918041547,0.08538269202981785,0.43223140130601156,0.349,False,13.68239670802415,101.63878541658185
585,Agar Malwa,Madhya Pradesh,burns,2258746.6472666366,4.230312258004882,0.44295573526179327,13.612456456478332,0.18163192941131215,0.09106184994040656,0.30606453202365674,0.8055,False,13.169500721216538,95.55203629659482
586,Sambhal,Uttar Pradesh,burns,2664164.546666667,0.9516860303272155,0.15504379661455034,2.8113629467248065,0.1691746758905761,0.08292355362387498,0.29325675244196553,0.1135,False,2.656319150110256,25.354481815557058
587,Charkhi Dadri,Haryana,burns,1152339.1818181819,2.2840920355175878,0.4803470997870689,6.116264628327156,0.18398496512043408,0.11549151033662339,0.27546103780463044,0.6035,False,5.635917528540087,26.32048747405763
588,Alipurduar,West Bengal,burns,3968526.739130436,1.8740715696426582,0.1606241524404016,5.975698130603393,0.18212862170716426,0.07610197934714984,0.35947036899966045,0.4275,False,5.815073978162991,74.37303135171037
589,Paschim Bardhaman,West Bengal,burns,5940054.800362343,1.8527198273860974,0.21929383454573814,6.028123686908823,0.19114473843633945,0.05996687666123215,0.4112580944355046,0.4365,False,5.808829852363085,110.05257304391279
590,Kalimpong,West Bengal,burns,3968526.739130436,1.9048418145769077,0.21271626145796016,6.45595186447481,0.18465205790398503,0.07380142172465,0.3650798516227284,0.426,False,6.243235603016849,75.59415674962197
591,Ajmer,Rajasthan,burns,2578198.8202728834,2.457642263384351,0.4129507109794601,6.608951261753098,0.1988883192646616,0.09788097368693204,0.3419286817970791,0.6155,False,6.196000550773638,63.362903841103126
592,Cooch Behar,West Bengal,burns,3968526.739130436,1.843353293248776,0.18896806486144624,5.9344430948923685,0.1821717182744811,0.07385210687965967,0.34975183369532564,0.432,False,5.7454750300309225,73.15396833921915
593,Uttar Dinajpur,West Bengal,burns,2314531.2519033295,2.060384512194399,0.10898435919246266,7.498009121722118,0.16120549320115032,0.07545325160658735,0.2838418358800129,0.4375,False,7.3890247625296555,47.68824344411533
594,Datia,Madhya Pradesh,burns,747155.4930646727,3.8990120631307343,0.5512706426909222,10.574783806369197,0.1692534742265981,0.11161598985195471,0.24276664235181794,0.8725,False,10.023513163678276,29.131682804935505
595,Rajsamand,Rajasthan,burns,1154423.9221398393,2.369998663128177,0.4456046329443797,5.850508343684731,0.1656534321423713,0.09780264430414504,0.25633234027289314,0.6745,False,5.404903710740351,27.35983152154606
596,Mahoba,Uttar Pradesh,burns,819700.0950051411,1.1469418867622807,0.10238346884683823,4.226948296087033,0.16726437161344557,0.10811033429650617,0.24041513704769524,0.1765,False,4.124564827240195,9.401483735444172
597,Chhatarpur,Madhya Pradesh,burns,1673672.027202725,4.181757082784198,0.4744139208913881,12.80079270634288,0.17121706034723624,0.09169650177973825,0.2869908116326951,0.843,False,12.326378785451492,69.98889854012782
598,Chittorgarh,Rajasthan,burns,1541436.413089084,2.3315262617010326,0.5553398005672375,5.681853053961841,0.16993886621329238,0.09486679767314446,0.2690662426510841,0.686,False,5.126513253394603,35.938994778594406
599,Panna,Madhya Pradesh,burns,965357.0262243359,4.196947819889611,0.3539666673351851,12.445766686002509,0.15895002770763542,0.09640867226346134,0.23933226445201827,0.8305,False,12.091800018667325,40.51553066627344
600,Sabarkantha,Gujarat,burns,1958145.112092488,2.48204495428924,0.12673650936565692,8.628906170641926,0.16827041639092977,0.08822505598599974,0.28220640986255047,0.5155,False,8.50216966127627,48.602041952352984
601,Kutch,Gujarat,burns,1888740.375,1.9972251098247358,0.2995470342063183,5.24339784512037,0.19009702534118697,0.10314760405896235,0.30768514606958,0.5275,False,4.943850810914052,37.72239702889787
602,Surendranagar,Gujarat,burns,1416059.9425116598,2.096013399294323,0.2329215833196182,5.690135397088327,0.18244537404448416,0.10624311926151427,0.28227503967892775,0.5335,False,5.457213813768709,29.68080613708388
603,Kheda,Gujarat,burns,1854372.4652976817,2.1485467555591358,0.20539245689206914,6.076863877206641,0.17678493240938076,0.09516217537138706,0.2897970930891276,0.53,False,5.871471420314572,39.842059439135305
604,Anand,Gujarat,burns,1687357.7178378035,2.167571929842937,0.22679400072023653,6.635909070152699,0.1852047253344197,0.10475167917780372,0.29385866267154753,0.517,False,6.409115069432462,36.57469224789062
605,Kishanganj,Bihar,burns,1708962.102038654,2.1989445336689823,0.3383364720307363,6.957440967534097,0.15852622094414995,0.08251825344585208,0.2632730220382669,0.523,False,6.619104495503361,37.57912872525352
606,Morbi,Gujarat,burns,1888740.375,2.2004019666248587,0.20698034723450623,6.6167845903329505,0.1881735343479172,0.099692750743276,0.3065588828312239,0.5215,False,6.409804243098444,41.559880355937736
607,Leh,Jammu & Kashmir and Ladakh,burns,133487.0,1.2906372017967338,0.02739854161837674,7.165257654988603,0.18014970087318904,0.14873818872663563,0.21517924647331002,0.2175,False,7.137859113370227,1.722832881562406
608,Kargil,Jammu & Kashmir and Ladakh,burns,140802.0,0.7347198243190259,0.05124341894478393,2.2240519443074445,0.16159439495061223,0.12653031403291298,0.2021750975280121,0.0665,False,2.1728085253626603,1.0345002070376748
609,Kupwara,Jammu & Kashmir and Ladakh,burns,808922.7412283361,0.7931869594716487,0.0309677668332639,2.5440502295865337,0.15829045969434982,0.09962928843873942,0.23410137788963478,0.086,False,2.5130824627532697,6.416269695623752
610,Bandipora,Jammu & Kashmir and Ladakh,burns,364547.5112856065,0.7336591907120219,0.05223306539983584,2.1297261106512795,0.16348270223090508,0.11937734130010935,0.21857472618971122,0.054,False,2.0774930452514435,2.674536321058797
611,Baramulla,Jammu & Kashmir and Ladakh,burns,936889.669197902,0.6981410700657321,0.0579176141319357,1.925548124944231,0.1649684494899789,0.10468829170018266,0.2439757149925526,0.048,False,1.8676305108122953,6.5408115618735305
612,Ganderbal,Jammu & Kashmir and Ladakh,burns,276451.6894130476,0.7255523778807388,0.049669335918127014,2.1075965095152207,0.16336994326361587,0.12265161561545262,0.21346500748241254,0.0575,False,2.057927173597094,2.0058018062278418
613,Anantnag,Jammu & Kashmir and Ladakh,burns,1002555.8446115907,0.6857889094899928,0.06399612702843165,1.9222331933056234,0.17226821445368806,0.10631135244210059,0.2518384914316728,0.039,False,1.8582370662771917,6.875416793790015
614,Kishtwar,Jammu & Kashmir and Ladakh,burns,214413.03275496204,0.7624651246188978,0.030572665564388646,2.303092678631777,0.15284587252185683,0.11072807020102113,0.20381631661858593,0.0535,False,2.272520013067388,1.6348245973942797
615,Srinagar,Jammu & Kashmir and Ladakh,burns,1149531.2310975785,1.8185608598133292,0.007086206249285848,8.644117780179895,0.2771732527859532,0.13520306087078315,0.45495773068677425,0.326,False,8.63703157393061,20.90492504007087
616,Budgam,Jammu & Kashmir and Ladakh,burns,700544.2286554117,0.6848989368398304,0.050814114086134336,1.7558058406306758,0.16042764776394586,0.10588708478937692,0.22576292922124677,0.0255,False,1.7049917265445416,4.798019974153705
617,Pulwama,Jammu & Kashmir and Ladakh,burns,520883.0672278277,0.7507357837808372,0.04011954860468307,2.1802796590755773,0.15861721762307218,0.10761121174626107,0.22123031653448172,0.0605,False,2.140160110470894,3.910455577334497
618,Punch,Jammu & Kashmir and Ladakh,burns,443179.06887727714,0.7326972887305919,0.03659852092568423,2.029383936240484,0.1559917410143492,0.10740076003630454,0.2164363519102805,0.0475,False,1.9927854153147997,3.247161021885292
619,Shopiyan,Jammu & Kashmir and Ladakh,burns,247425.0334416818,0.7657021010552377,0.029941844643135776,2.3346693569691053,0.15257999615977513,0.10720632367900491,0.20843267499360596,0.0525,False,2.3047275123259694,1.8945386795995822
620,Kulgam,Jammu & Kashmir and Ladakh,burns,394522.17369579256,0.676330965325156,0.07706781235872232,1.7179584624350306,0.16730288995978781,0.12095035646507317,0.22081732420129907,0.0345,False,1.6408906500763083,2.6682756257785427
621,Rajouri,Jammu & Kashmir and Ladakh,burns,597072.1141124205,0.7514602994626952,0.03143828222383243,2.102070209397386,0.15370294522836914,0.10266283910561182,0.2190328349636559,0.056,False,2.0706319271735536,4.48675989671744
622,Ramban,Jammu & Kashmir and Ladakh,burns,263687.99095783435,0.7914224963518863,0.03140914694437314,2.6211148897027714,0.15139327443165057,0.10639354908178628,0.20757174547366758,0.076,False,2.5897057427583983,2.086886080618629
623,Reasi,Jammu & Kashmir and Ladakh,burns,292457.1981217951,0.7083401621321741,0.04275107183721359,1.8592694447547906,0.15692118337970004,0.1150810324420689,0.20696502096935604,0.037,False,1.8165183729175771,2.071591791343137
624,Doda,Jammu & Kashmir and Ladakh,burns,381001.9289256776,0.7403516131423775,0.03797856132607195,2.006926709699884,0.153788278121078,0.10790658267404457,0.20850291033505505,0.047,False,1.9689481483738123,2.8207539269048287
625,Lahaul and Spiti,Himachal Pradesh,burns,31564.0,3.6399365417927236,0.8547429795315443,8.673803920249096,0.14506521796470737,0.10482427702828247,0.19229388396635236,0.922,False,7.819060940717551,1.1489095700514553
626,Chamba,Himachal Pradesh,burns,519080.0,3.861871090696056,0.7047514734325995,10.569820762876175,0.15567910323890966,0.10427669021630233,0.21880317900158983,0.865,False,9.865069289443575,20.046200457585087
627,Jammu,Jammu & Kashmir and Ladakh,burns,1421970.6226710312,0.8715989180599683,0.045644664206979546,3.4451796111334487,0.19854602518451142,0.11530810164139478,0.30265352643049087,0.1735,False,3.3995349469264693,12.3938805623313
628,Kathua,Jammu & Kashmir and Ladakh,burns,572925.832464824,0.772711498897332,0.04494934141304853,2.4387810643798034,0.16103101685692367,0.11162970597136622,0.2242729907693078,0.0815,False,2.393831722966755,4.427063787608959
629,Gurdaspur,Punjab,burns,2118579.704138289,1.7343498351536073,0.35151275891252465,4.601763759651989,0.18832673708266867,0.09623165853822835,0.31344603410263683,0.431,False,4.250251000739465,36.7435836063202
630,Kangra,Himachal Pradesh,burns,1510075.0,3.4588836518104555,0.9896529565332807,7.450241636355968,0.18156897152712,0.09925731125111532,0.2865930111318162,0.9105,False,6.4605886798226875,52.23173730507674
631,Kullu,Himachal Pradesh,burns,437903.0,3.539797217388614,0.8479192365407391,8.24186582818732,0.1592807344422264,0.10993790471669822,0.2205437845835713,0.9035,False,7.393946591646581,15.500878208861263
632,Hoshiarpur,Punjab,burns,1462540.9583763524,1.792585747777042,0.3074903285709056,4.999558783915284,0.17502193474809974,0.10282478391335562,0.2739658629928563,0.4275,False,4.692068455344379,26.217300775256255
633,Amritsar,Punjab,burns,2295871.055369613,2.0225179926307475,0.20966810424610233,6.279686398832919,0.22903932430968701,0.11805593952559154,0.38830492115709786,0.4575,False,6.070018294586816,46.43440518245186
634,Mandi,Himachal Pradesh,burns,999777.0,3.5717310126358632,0.8457928463156432,8.382542505864164,0.16497842922445352,0.09805318072648206,0.2528561238310329,0.899,False,7.536749659548521,35.70934516620046
635,Kinnaur,Himachal Pradesh,burns,84121.0,5.013208302866523,0.3630770733813,20.093840766309896,0.145346559821065,0.103129022121153,0.19557446790633876,0.75,False,19.730763692928594,4.2171609564543475
636,Una,Himachal Pradesh,burns,521173.0,3.6473202490537595,0.7796903869529945,8.938584250949212,0.15929287293523878,0.1070517837611561,0.2232560712451694,0.8895,False,8.158893863996218,19.00884836160095
637,Shimla,Himachal Pradesh,burns,814010.0,3.7919061823738107,0.6969854170826738,10.369899843102266,0.18248107200960836,0.12414965354888038,0.2574787819506297,0.819,False,9.672914426019592,30.866495515141054
638,Jalandhar,Punjab,burns,2022037.482634386,1.8122552783680328,0.3274899001772858,4.891554416878338,0.21822903449488035,0.11070587439573164,0.3560851230867224,0.4465,False,4.564064516701053,36.64448100962176
639,Tarn Taran,Punjab,burns,1032065.1354945499,2.068732361945106,0.19630212572886535,7.248702984345227,0.16529616041249232,0.10119354852981798,0.2464913041387865,0.4605,False,7.052400858616362,21.35066545432836
640,Rupnagar,Punjab,burns,631084.8680124964,1.6718790580566456,0.36950114367094394,3.701274326664521,0.1784033065859254,0.12594880509459777,0.2388168642533141,0.4035,False,3.331773182993577,10.550975746865351
641,Uttarkashi,Uttarakhand,burns,330086.0,1.926292069093984,0.22088574307247524,5.620467386683869,0.15216555929110617,0.10617157183600492,0.2076933922402843,0.4455,False,5.399581643611393,6.358420439189567
642,Solan,Himachal Pradesh,burns,580320.0,3.6957368596052182,0.7676294613110267,9.265047539118745,0.1719195800936268,0.11873588084813584,0.23356567226538286,0.844,False,8.497418077807719,21.447100143661004
643,Shahid Bhagat Singh Nagar,Punjab,burns,564423.511682612,1.82433054618993,0.27121033777177095,5.271840149255624,0.1680708760043979,0.11773820314987166,0.22653026697097745,0.417,False,5.0006298114838525,10.296950533503779
644,Fazilka,Punjab,burns,1261060.8181818181,1.7721721582004943,0.38650977223371646,4.813027401164534,0.18793389267040383,0.1173365687506599,0.27565177231285887,0.4395,False,4.426517628930818,22.34816871779354
645,Moga,Punjab,burns,917872.4078716895,1.78452073937857,0.31236388285346817,4.715073917503661,0.17568040956500702,0.1128937053383268,0.25305113534644486,0.4195,False,4.402710034650193,16.37962347950376
646,Ludhiana,Punjab,burns,3225115.6323445807,1.9555127827147134,0.23068784844983953,5.783233856337405,0.2438646635816617,0.10617242902566047,0.4285431350614194,0.456,False,5.552546007887565,63.067548447828734
647,Chamoli,Uttarakhand,burns,391605.0,1.9335428650254067,0.20309413471099153,5.204196088148946,0.15758713245057301,0.11268540229259427,0.2094752390046392,0.4855,False,5.001101953437955,7.571850536582743
648,Dehradun,Uttarakhand,burns,1696694.0,2.11460901034169,0.17130156323503304,6.264891980439196,0.19186821680962224,0.1046816470515294,0.3149162096655688,0.4875,False,6.093590417204163,35.87844420192683
649,Sirmaur,Himachal Pradesh,burns,529855.0,3.686773115864606,0.7176390016951467,9.087497376123324,0.1601562537533743,0.10945310926513127,0.2248765150808329,0.848,False,8.369858374428176,19.534551693064405
650,S.A.S. Nagar,Punjab,burns,564423.511682612,2.6912292669445947,0.12420383999729818,12.461857900702173,0.16889686263244982,0.11868671880209339,0.23143586158940976,0.458,False,12.337654060704875,15.1899307359189
651,Faridkot,Punjab,burns,569214.995430593,1.6901179754970348,0.3505070947061205,4.232132163370048,0.18775947967257745,0.13485246304349158,0.2516847900972145,0.404,False,3.8816250686639275,9.620404956997078
652,Fatehgarh Sahib,Punjab,burns,553226.48338582,1.6427032059192488,0.402290504326872,3.685352803426845,0.18246553388713094,0.13225844231956263,0.24367843633534236,0.401,False,3.283062299099973,9.087869178573186
653,Tehri Garhwal,Uttarakhand,burns,618931.0,2.0225568159077194,0.19579945150025233,6.178060920347951,0.15503324183482323,0.0987744261310383,0.22557300038104983,0.465,False,5.982261468847699,12.518231126265807
654,Chandigarh,Other Union Territories,burns,1055450.0,1.7319310922459592,1.0754128034776052,2.6345128704412173,0.2464723970010163,0.1637877784248907,0.3497142608949066,0.516,True,1.5591000669636121,18.279666713109975
655,Sri Muktsar Sahib,Punjab,burns,831362.0674045844,1.8110629165662062,0.34156838485112745,4.98132081660671,0.1854917853381586,0.1246644538657292,0.2628955923425075,0.4375,False,4.639752431755582,15.056490105162574
656,Rudraprayag,Uttarakhand,burns,242285.0,2.316807961450776,0.13644497849653686,8.626089021229392,0.14855074301207816,0.10399194464566507,0.2014124847636717,0.462,False,8.489644042732856,5.613278169401013
657,Pithoragarh,Uttarakhand,burns,483439.0,1.9188065868260158,0.215168215397961,5.327411130640263,0.15703618402449393,0.10851131367519194,0.21845956198232033,0.47,False,5.112242915242302,9.276259375285822
658,Sangrur,Punjab,burns,1525724.3870069038,1.6413676016006182,0.4489056116601734,3.8153193122096174,0.1894082905345256,0.11306644672140531,0.2865806859274368,0.415,False,3.366413700549444,25.04274577805095
659,Barnala,Punjab,burns,548953.0477075515,1.6919729419343996,0.4165045665769842,3.970090637316611,0.18517597756607188,0.13379808232614104,0.2450126979570054,0.417,False,3.5535860707396267,9.288137031136007
660,Bathinda,Punjab,burns,1279933.622771307,1.7301911787494346,0.3298826017318694,4.613499654514045,0.19405772994813084,0.11501720265058629,0.2923079217922921,0.4195,False,4.2836170527821755,22.145298635037214
661,Patiala,Punjab,burns,1747431.446763182,1.6811906379593815,0.40082892311850354,4.063991659459225,0.20094881450382254,0.10799688051807378,0.3186591101418819,0.4195,False,3.663162736340721,29.377653887740788
662,Yamunanagar,Haryana,burns,1168657.29849138,2.163195900132022,0.4613828400369584,5.2016091466822845,0.19117682602311134,0.11525339416563836,0.2849687506236661,0.6225,False,4.740226306645326,25.280346767559177
663,Saharanpur,Uttar Pradesh,burns,3243755.584998494,1.054668880039297,0.10257573454879229,3.5625723348781713,0.18032035651426223,0.07801148786271048,0.32751279497324337,0.2015,False,3.459996600329379,34.21088069951576
664,Ganganagar,Rajasthan,burns,1965468.2191915275,2.7449401545951178,0.3011991356518407,9.414156228989611,0.18115799522289874,0.09607079990917695,0.290377793189874,0.6085,False,9.112957093337771,53.95092637439382
665,Mansa,Punjab,burns,709551.6364932833,1.7700725439526115,0.29302103403839697,4.928925458800869,0.1746978664333284,0.11949950554933353,0.2449201212013868,0.407,False,4.635904424762472,12.559578702734047
666,Kurukshetra,Haryana,burns,928468.5092518992,2.1868615610452675,0.4545784213357151,5.6474125303053615,0.17928998945231073,0.11495517820991705,0.25781821494472434,0.6215,False,5.192834108969646,20.304320935239808
667,Bageshwar,Uttarakhand,burns,259898.0,2.366961077508005,0.11672123439589206,8.901979971156395,0.14938711302553503,0.10351110795511735,0.20562398343786037,0.4705,False,8.785258736760504,6.151684501221755
668,Haridwar,Uttarakhand,burns,1890422.0,1.7782559528071933,0.2925581906061099,4.305805644414294,0.1673064612683342,0.09412368209043875,0.2673353166955181,0.479,False,4.013247453808184,33.6165417481768
669,Pauri Garhwal,Uttarakhand,burns,687271.0,1.9689298740024204,0.2095688961499062,5.606267057224415,0.15532898029917644,0.10083085820892085,0.22467698065263325,0.477,False,5.396698161074509,13.531884034355175
670,Kaithal,Haryana,burns,1034004.3159091616,2.3129939040917002,0.30236292846359464,6.5303235410098415,0.17305697756071237,0.10708963413084947,0.25551439267653125,0.6165,False,6.227960612546247,23.916456795023993
671,Sirsa,Haryana,burns,1246603.397099956,2.2759926724931834,0.3586690273472842,5.971371468007052,0.1763640536094247,0.10385198616629739,0.27335586056701827,0.61,False,5.612702440659768,28.3726019730461
672,Hanumangarh,Rajasthan,burns,1771357.611363505,2.3805137522398567,0.48623366332600226,6.174181113765637,0.1736518285270087,0.09067465444162996,0.2853489354059772,0.6305,False,5.687947450439634,42.16741153985567
673,Karnal,Haryana,burns,1448855.7362177211,2.1522249482331586,0.4987952941073558,5.044384276517419,0.18011091996128592,0.10706675607996059,0.27981572500305607,0.6285,False,4.545588982410063,31.182634618784995
674,Almora,Uttarakhand,burns,622506.0,1.995210125890183,0.17714160663887085,5.878886104256871,0.15219719299801682,0.10071709629668675,0.21764061244152197,0.4535,False,5.701744497618001,12.420302746273943
675,Jind,Haryana,burns,1284104.802810787,2.1864076152117886,0.3725383895102304,5.186549540373676,0.1718972823798571,0.10215288092574082,0.26286325159174395,0.6155,False,4.814011150863445,28.075765195955366
676,Fatehabad,Haryana,burns,906673.9392517436,2.3030001643096507,0.3404896618695462,6.258327760123295,0.1689413380896122,0.1082672434158588,0.24615932323981268,0.6075,False,5.917838098253749,20.880702310720437
677,Bijnor,Uttar Pradesh,burns,3446192.849402218,0.9851932941697019,0.13346093422602565,2.8075081877881045,0.1713655953822745,0.0748336012592129,0.3137848354299502,0.1525,False,2.6740472535620787,33.95166085646643
678,Muzaffarnagar,Uttar Pradesh,burns,3877397.2953668353,1.0498596299239662,0.11590370523502366,3.6157920901746956,0.1774299017380956,0.07462375161232783,0.3339442087740665,0.1965,False,3.499888384939672,40.70722889582013
679,Hisar,Haryana,burns,1678512.0232706757,2.1857503293733065,0.4394427696891594,5.386226114026752,0.18168576031080774,0.10295065070298379,0.2866276651505409,0.611,False,4.946783344337593,36.688082077209344
680,Nainital,Uttarakhand,burns,954605.0,1.694713169618663,0.38115695947636163,3.996834327663409,0.18031422067723363,0.11743735370365142,0.25930320869127593,0.4505,False,3.6156773681870473,16.17781665283824
681,Panipat,Haryana,burns,1160218.206910327,2.2036183736774118,0.4628402233829728,5.405077757280341,0.1998019268978072,0.1212505295514786,0.30352433969042386,0.5955,False,4.9422375338973685,25.56678158222658
682,Champawat,Uttarakhand,burns,259648.0,1.885941597937241,0.22651117143832583,5.064762910569424,0.15860846771573126,0.11656625962420038,0.20727986071597407,0.457,False,4.838251739131098,4.896809640212087
683,Udham Singh Nagar,Uttarakhand,burns,1648902.0,1.7291914812967366,0.34620689373405406,4.182465563600218,0.17041678144295194,0.0997768313834352,0.26495385488087103,0.464,False,3.836258669866164,28.512672918931518
684,Sonipat,Haryana,burns,1395608.0328031918,2.109145376273844,0.4726745432196591,4.953745540251017,0.18057401785278546,0.11021933612229431,0.27776733757236877,0.6245,False,4.481070997031358,29.43540229477487
685,Baghpat,Uttar Pradesh,burns,1219360.482347623,1.0037444392579549,0.14025262362426666,2.9531374439251636,0.1714985188788773,0.10042675325678084,0.25739116472959306,0.166,False,2.812884820300897,12.239263036073243
686,Meerut,Uttar Pradesh,burns,3222520.030033585,1.4915312087669736,0.05163783445538051,6.889424968570166,0.20447390418834305,0.09227972763862363,0.36966536387018784,0.305,False,6.837787134114786,48.06489195671777
687,Moradabad,Uttar Pradesh,burns,4465526.625209318,1.0797067427259666,0.10208882468049552,3.5772250275546145,0.17757555686605853,0.07117616348568749,0.3497176683265027,0.214,False,3.475136202874119,48.214592070608305
688,Bikaner,Rajasthan,burns,2359495.505549025,2.460444128866809,0.4112412396082366,6.769613911498399,0.1943629233223936,0.09872966374204914,0.33026687593718496,0.6125,False,6.358372671890162,58.054068637157215
689,Rampur,Uttar Pradesh,burns,2185802.3514995165,0.99912989577336,0.13235642122558255,2.8233134967589533,0.17611645306618354,0.08751126858365961,0.29852539207700884,0.154,False,2.6909570755333707,21.839004756348768
690,Bhiwani,Haryana,burns,1573133.1020978696,2.3383591336683978,0.3167186277395997,6.802905641348187,0.16777833462065286,0.09757489853281681,0.25762581515476385,0.603,False,6.486187013608587,36.78550157766654
691,Rohtak,Haryana,burns,1021395.7278945865,2.1081533301178608,0.5815897821534872,4.756487784384831,0.1950127189249919,0.12552605668363373,0.2805157936591441,0.61,False,4.174898002231344,21.53258805129129
692,Shamli,Uttar Pradesh,burns,2664164.546666667,1.082949832547989,0.09939844516800486,3.6499101164112777,0.16915255123722966,0.07707065150598244,0.30770485521404356,0.183,False,3.5505116712432727,28.851565496929556
693,Ferozepur,Punjab,burns,1870387.6672663917,1.6927017910469742,0.40799727629161336,4.050578782649793,0.18759719169991637,0.09853397486994199,0.3021808970975708,0.424,False,3.6425815063581792,31.660085543339928
694,Pathankot,Punjab,burns,1261060.8181818181,1.7278367248775162,0.36413258875611415,4.3653409099123754,0.18828256505336072,0.11152764336287456,0.28763431588258676,0.424,False,4.001208321156262,21.789071939586336
695,Udhampur,Jammu & Kashmir and Ladakh,burns,515813.09161629423,0.8159353042649912,0.04166646812157086,2.774789594323427,0.16536598035121966,0.11718071906191126,0.2241695464404574,0.103,False,2.733123126201856,4.208701118518068
696,Samba,Jammu & Kashmir and Ladakh,burns,296389.56600674434,0.8388910907717366,0.03408951723078744,2.997383159947731,0.16333155498225324,0.12099564082507222,0.21568914736106312,0.1155,False,2.963293642716944,2.486385663207594
697,Kapurthala,Punjab,burns,751416.7417995647,1.613288686276132,0.4542369631128483,3.573504180352221,0.18750981299659258,0.12467305725479699,0.26741523912357296,0.398,False,3.1192672172393725,12.122521282237113
698,Panchkula,Haryana,burns,540237.5719438827,2.550755618175575,0.2441912695268082,7.78736157196953,0.21405103388496516,0.14312817025847593,0.29368167584761945,0.5585,False,7.543170302442722,13.780140217853903
699,Ambala,Haryana,burns,1086022.9226141786,2.2102539807530865,0.41722496794610275,5.572421041116959,0.197649563150634,0.12318060985174091,0.28879945068198737,0.6035,False,5.155196073170856,24.003864878970894
700,Aurangabad,Bihar,burns,2567965.2705937233,2.2439752215751207,0.29442180023997866,7.5222547610715385,0.16126071324383304,0.07255113429731717,0.2957354786177672,0.524,False,7.2278329608315595,57.62450437077765
701,Balrampur,Chhattisgarh,burns,946118.4444444445,11.665221663122466,0.19468416627479163,60.34742911621769,0.1723615594374981,0.10977538286944523,0.2524252670686845,0.81,False,60.1527449499429,110.36681374013062
702,Balrampur,Uttar Pradesh,burns,2010668.210843695,1.3962536723028838,0.06451533362767041,5.688808715902704,0.1567230499821951,0.07918229726480186,0.27228815168549186,0.2675,False,5.624293382275034,28.074028731731783
703,Hamirpur,Uttar Pradesh,burns,1033362.9231227436,1.1354421131105954,0.0881271842782616,4.128442525809438,0.16465049391936987,0.1024600497856879,0.2486921433216456,0.1975,False,4.040315341531176,11.733237810406298
704,Hamirpur,Himachal Pradesh,burns,454768.0,7.0061918211036245,0.18497650591867648,34.315959645526775,0.155648473460444,0.1023675335420882,0.22051676485679145,0.6855,False,34.1309831396081,31.861918420996535
705,Pratapgarh,Rajasthan,burns,866217.4395932336,2.480642042841341,0.38786997933484174,7.108270044712887,0.15837295563541748,0.094462030564322,0.24320980658667954,0.652,False,6.720400065378045,21.487753988973548
706,Pratapgarh,Uttar Pradesh,burns,3003035.7421073765,1.1114791141318228,0.10638612203404478,3.9644538460018333,0.1532199146886926,0.06580356786558014,0.2798458251788622,0.17,False,3.8580677239677885,33.37811506343708
707,Bilaspur,Himachal Pradesh,burns,381956.0,3.5757609131631667,0.9585085948824341,8.524330691748165,0.15378002970934943,0.10671798968088508,0.21177490330842794,0.914,False,7.565822096865731,13.657833353481506
708,Niwari,Madhya Pradesh,burns,1396669.403846154,3.911733126529187,0.4637211041730376,11.46396211870731,0.17482596341625753,0.10036519487190398,0.2684991071407714,0.8765,False,11.000241014534271,54.63397973834771
709,Muzaffarabad,Jammu & Kashmir and Ladakh,burns,570059.1818181818,0.6710732548656927,0.06112881311646829,1.7725273002020956,0.16556709007025122,0.11525866356760821,0.22831525882539694,0.0375,False,1.7113984870856274,3.8255147060880095
710,Mirpur,Jammu & Kashmir and Ladakh,burns,570059.1818181818,1.0823893535702294,0.026981764497817973,5.23919275467068,0.16541830981486116,0.1137352945430432,0.22634752871456185,0.171,False,5.212210990172862,6.170259893049556
0,Aizawl,Mizoram,suicide,320247.2,12.08962202381914,3.58417539046603,26.51613599584217,0.8723360885837765,0.791408825290861,0.9357803023851153,0.0,False,22.93196060537614,38.71667602186413
1,Champhai,Mizoram,suicide,100596.0,13.484265302044038,2.1968961472656874,42.22201679313283,0.5241345015057982,0.4630094592631806,0.589832331061691,0.0375,False,40.02512064586714,13.564631523244222
2,Kolasib,Mizoram,suicide,67164.0,15.28932108487723,2.1483629544664704,50.1863850928471,0.6975068440960143,0.6159840425388599,0.7760668610258319,0.0,False,48.038022138380626,10.268919613446943
3,Lawngtlai,Mizoram,suicide,94315.20000000001,19.10966982669961,2.084386959025671,63.01237329973555,0.28131860739509135,0.2400059502134499,0.32389781878322177,0.326,False,60.92798634070988,18.02332331639139
4,Lunglei,Mizoram,suicide,129142.40000000001,10.83682256111203,2.5576492594308182,27.8278531675002,0.568149229562669,0.4964398502519096,0.6468045952844664,0.006,False,25.270203908069384,13.994932739161543
5,Mamit,Mizoram,suicide,69091.2,16.483622754264477,2.675268058635862,45.30639279329955,0.28591105190425775,0.24794368687679297,0.32485356364664575,0.2465,False,42.631124734663686,11.388732764394378
6,Saiha,Mizoram,suicide,45259.200000000004,15.571878374295487,1.8016305844852976,54.55720839579417,0.5741919433961495,0.5103402373184205,0.6430028684350962,0.003,False,52.755577811308875,7.0477075771791435
7,Serchhip,Mizoram,suicide,51949.600000000006,12.665682641255078,2.8294701715529373,33.171765563841085,0.6492205255545632,0.5747352985976173,0.7250532157296689,0.0,False,30.342295392288147,6.579771469401448
8,Khawzawl,Mizoram,suicide,109720.6,14.38006669354914,2.3923372360314965,44.00571789835535,0.5691525408722575,0.4986371349570059,0.6405439617450943,0.0045,False,41.613380662323856,15.777895456562279
9,Hnahthial,Mizoram,suicide,109720.6,14.875667370112035,2.1269819572726205,45.999477021139896,0.5695063981929696,0.5033727199222968,0.6421041907729751,0.009,False,43.87249506386728,16.32167149249115
10,Thiruvallur,Tamil Nadu,suicide,3508803.7647058824,45.14053524724284,6.622487529308703,167.06469111368673,0.7746305704927129,0.5749333933505151,0.909527251738912,0.005,False,160.44220358437803,1583.8928001636425
11,Chennai,Tamil Nadu,suicide,4373394.823529412,18.706208136110018,17.330128341350683,21.09458308513574,0.9415033347189405,0.8390658188517576,0.9861650576037752,0.0,False,3.7644547437850555,818.0963383032732
12,Krishnagiri,Tamil Nadu,suicide,1769232.0,41.30268406980609,7.631271892460663,127.36682968303668,0.3385688714306425,0.20626281376445316,0.4917243630741397,0.7175,False,119.73555779057602,730.7403034219117
13,Tiruvannamalai,Tamil Nadu,suicide,2319882.3529411764,45.937067065983875,7.493179209701432,155.41770008204193,0.30510517802741244,0.1647464574059021,0.486466360665986,0.719,False,147.9245208723405,1065.6859123225129
14,Dharmapuri,Tamil Nadu,suicide,1418205.1764705882,44.9771328711777,7.669815781364288,135.90975966731804,0.27810043393980866,0.16961033504089823,0.40618112488820957,0.779,False,128.23994388595375,637.8680266070967
15,Salem,Tamil Nadu,suicide,3277229.176470588,41.28104841150521,6.54092295203314,140.73992045268403,0.6407686915849327,0.4137817198330875,0.8213005351513586,0.0725,False,134.1989975006509,1352.8745628947968
16,Erode,Tamil Nadu,suicide,2119288.470588235,38.8641309974603,7.116746561396957,111.49214889998379,0.6417461819813423,0.46433758619559057,0.8002551635609464,0.044,False,104.37540233858684,823.6430474234846
17,Nilgiris,Tamil Nadu,suicide,692135.5294117647,36.54670058113663,7.420082699122228,111.57428075802132,0.7078975513809401,0.5886335503113449,0.8114723928677305,0.0,False,104.15419805889908,252.95269954978252
18,Namakkal,Tamil Nadu,suicide,1625036.2352941176,51.52030792323196,6.620457564150531,189.8527386955358,0.5274109589072202,0.3672057027582682,0.6837859307962879,0.2685,False,183.23228113138526,837.2236722876256
19,Perambalur,Tamil Nadu,suicide,531974.5882352941,53.69074664896315,9.429920828319776,154.68286321523172,0.26588673827439285,0.19827406419854499,0.3391574464611365,0.83,False,145.25294238691194,285.6211284062767
20,Coimbatore,Tamil Nadu,suicide,3254630.588235294,22.834281542498907,19.323695163331035,28.62361920944282,0.8446357411831675,0.6827825847184481,0.9428769798268628,0.0,False,9.299924046111784,743.1715116859353
21,Tiruchirappalli,Tamil Nadu,suicide,2562155.294117647,30.201018519528407,21.66220220886773,42.64491489725732,0.6071712033671826,0.4236425231969296,0.7767868601279289,0.1365,False,20.982712688389594,773.7969948755482
22,Ariyalur,Tamil Nadu,suicide,710488.4705882353,56.37327519603395,8.167337875773095,187.5888925753364,0.21747119687766986,0.14851154331194266,0.3035043509266655,0.8145,False,179.4215546995633,400.52562076079863
23,Tiruppur,Tamil Nadu,suicide,2333225.411764706,45.01686647706984,7.620871195118733,153.5271092554301,0.7296758942462448,0.5516377259618109,0.8642327925919033,0.0085,False,145.90623806031138,1050.3449682231806
24,Thanjavur,Tamil Nadu,suicide,2264367.058823529,55.58878438160252,9.131471869198089,169.515674263024,0.47522762726407314,0.2934454861227126,0.661133584953204,0.506,False,160.38420239382592,1258.7341219374464
25,Karur,Tamil Nadu,suicide,1001875.7647058823,48.22230895398802,9.023042106216863,151.12348574575552,0.5341480603315804,0.40245654928853547,0.6557308969051433,0.236,False,142.10044363953864,483.1276265916006
26,Thiruvarur,Tamil Nadu,suicide,1189907.7647058824,73.73991055675225,8.415234863389834,257.3282835196835,0.3042793437114872,0.19914158791006345,0.4204922930390714,0.826,False,248.91304865629368,877.4369214019678
27,Dindigul,Tamil Nadu,suicide,2032729.4117647058,44.08385962529572,8.168821452396317,136.41309284517288,0.4911342516270206,0.3325019965195192,0.6573716408806963,0.415,False,128.24427139277657,896.1055804444525
28,Madurai,Tamil Nadu,suicide,2859531.294117647,38.91488835264638,30.969967286610025,52.61494734611485,0.7209177905403792,0.5315164488374747,0.8663293585977055,0.0145,False,21.644980059504828,1112.7834105148665
29,Theni,Tamil Nadu,suicide,1172610.8235294118,45.912171599312224,6.223977646195799,158.9925912618226,0.6715202883779328,0.5319158580315154,0.7950248995765165,0.0065,False,152.7686136156268,538.3710934909318
30,Virudhunagar,Tamil Nadu,suicide,1828035.7647058824,41.579629628551515,7.959588468613263,132.34615652171513,0.6340474479226118,0.46626978703229177,0.7871942400794563,0.044,False,124.38656805310187,760.0905004421654
31,Thoothukkudi,Tamil Nadu,suicide,1647224.4705882352,41.99241927427086,5.341591500201196,140.92887918907738,0.5965597253995821,0.4404011010778185,0.7469641135227874,0.081,False,135.5872876888762,691.7094060778002
32,Kanyakumari,Tamil Nadu,suicide,1760352.0,37.44441761629902,3.4070309441936257,149.14336425788306,0.8833620758525896,0.7728764619524467,0.9558197784667556,0.0,False,145.73633331368944,659.1535543968721
33,Viluppuram,Tamil Nadu,suicide,3255409.882352941,79.94822549637023,10.012243739123747,240.26304291627144,0.26651004818710805,0.13081088954696835,0.44988543813852133,0.8725,False,230.2507991771477,2602.64243357465
34,Cuddalore,Tamil Nadu,suicide,2452624.9411764704,60.423738323702246,9.938052920818327,184.48906239220844,0.45328447880463046,0.2630215933229758,0.6412641922173441,0.5725,False,174.5510094713901,1481.9676765183267
35,Pudukkottai,Tamil Nadu,suicide,1523148.2352941176,60.00678921360904,8.334545434643607,201.67840825827074,0.29966877071830605,0.19352133819370546,0.4285345077628764,0.8235,False,193.34386282362712,913.992350963747
36,Sivaganga,Tamil Nadu,suicide,1260330.3529411764,43.82224598614392,7.063375292731887,140.00345656009026,0.41692998964100375,0.28479918884586863,0.5543341863462424,0.6535,False,132.94008126735838,552.3050675039182
37,Ramanathapuram,Tamil Nadu,suicide,1273830.5882352942,53.45794056460956,7.086465149936231,176.0260644864502,0.402748859646805,0.2720867716722113,0.5433092548505832,0.715,False,168.93959933651396,680.9635987526399
38,Nagapattinam,Tamil Nadu,suicide,1521364.705882353,76.94884435957117,8.58676250049791,259.5121724701745,0.32077004913955703,0.20513746430941177,0.4590913936541174,0.8555,False,250.9254099696766,1170.6725596708595
39,Kallakurichi,Tamil Nadu,suicide,2121971.470588235,45.74087859756636,7.495095706238712,145.61008833025323,0.5518275309782009,0.3618381249745737,0.726574931054834,0.228,False,138.11499262401452,970.6083942367582
40,Tenkasi,Tamil Nadu,suicide,2121971.470588235,53.38439882246037,8.963238439174086,169.5317934600744,0.5568015209403202,0.3816442609426197,0.715067722981921,0.219,False,160.5685550209003,1132.8017127576509
41,Tirunelveli,Tamil Nadu,suicide,2896219.294117647,39.25649660425188,5.48545744230285,149.48617025932526,0.6144772406281829,0.41215271500286715,0.7900237040954506,0.0765,False,144.00071281702242,1136.954228846982
42,Vellore,Tamil Nadu,suicide,3704782.117647059,50.626600053478306,3.5888030016665686,194.0245506942674,0.5526202632301697,0.3290999280095925,0.7606022322163948,0.2105,False,190.4357476926008,1875.6052255539605
43,Kancheepuram,Tamil Nadu,suicide,3763060.705882353,59.254154666902416,4.852381764271168,231.58987415678476,0.76197169035979,0.5424535560051467,0.9097018356439315,0.0095,False,226.7374923925136,2229.769810872959
44,Burhanpur,Madhya Pradesh,suicide,719703.4256611126,60.45357006944358,10.215292425422087,197.24419609027973,0.45760896459397604,0.34793065202562184,0.5668454177629922,0.6475,False,187.02890366485764,435.0864147242265
45,Gondia,Maharashtra,suicide,1389365.547007887,56.3942990299282,5.50625519281062,197.62916372692425,0.26687943943084835,0.16519275718912,0.4001715045341539,0.7495,False,192.12290853411363,783.5229611984255
46,Bhandara,Maharashtra,suicide,1261016.1643773264,62.46986227155877,7.222576589704291,220.28458687025187,0.29403771763469827,0.18979557878505898,0.41679517107586783,0.796,False,213.06201028054758,787.7550611086089
47,Jalgaon,Maharashtra,suicide,4443757.913192867,36.85033697670946,5.461269294614689,117.25371425116431,0.4293929346381742,0.20459131498910088,0.6838879655798794,0.4405,False,111.79244495654962,1637.5397654407636
48,Mahasamund,Chhattisgarh,suicide,688502.6666666666,87.76659100565567,16.324422151828056,259.3392952569582,0.21376948298761486,0.14468737363030149,0.29516846822826753,0.954,False,243.01487310513016,604.275319516366
49,Wardha,Maharashtra,suicide,1366533.8482470317,53.673699903339525,7.008226732085288,181.97321315685932,0.40776869094294305,0.2813691970784735,0.553356952040455,0.704,False,174.96498642477403,733.469276785669
50,Buldhana,Maharashtra,suicide,2717004.7197281555,37.56558057925096,6.5307730790316985,117.21492469035988,0.311914461813063,0.16250136071744797,0.516569324929619,0.645,False,110.68415161132818,1020.6585973315321
51,Valsad,Gujarat,suicide,1375269.7712555276,44.91904148551056,6.537734370633425,151.51292641944016,0.5966111910237161,0.4414350500026191,0.7285202537613007,0.0725,False,144.97519204880675,617.7579990879566
52,Akola,Maharashtra,suicide,1905606.9282891417,38.685160759736874,4.028274009245898,151.62486387669296,0.5015896752990239,0.3363993132221016,0.6703127385297436,0.29,False,147.59658986744705,737.1871036573383
53,Bhadrak,Odisha,suicide,1541338.0673229115,36.38429604883189,3.72087459636657,148.13896154255013,0.2313714018066171,0.13766720902561855,0.35190423109665575,0.5485,False,144.41808694618356,560.8050055281119
54,Dhenkanal,Odisha,suicide,1220527.0144871362,46.67824974539591,6.965334433450716,140.7554241698677,0.2112138851684387,0.1296922879181962,0.31160003115740303,0.7545,False,133.79008973641697,569.7206480323299
55,Jajpur,Odisha,suicide,1869648.4159307547,37.5580165830622,5.117055858932998,123.64296230973487,0.20071457766251818,0.10624492414128836,0.32699705225637077,0.626,False,118.52590645080187,702.2028621002326
56,Subarnapur,Odisha,suicide,624361.1395944573,36.66189592470821,5.034445544244091,125.23484458682275,0.19139150685065048,0.1295895886018594,0.2618350456684262,0.632,False,120.20039904257865,228.90263119244213
57,Nuapada,Odisha,suicide,624564.7635347823,62.4169000121658,9.282229535435796,199.24094223162126,0.1705446889586106,0.11324348740086233,0.24058753036272398,0.8345,False,189.95871269618547,389.8339639667248
58,Balangir,Odisha,suicide,1687312.8981106346,47.265593403308245,6.915039899689649,147.52558036099794,0.22254608368711137,0.12199837855205306,0.3490540777627138,0.762,False,140.6105404613083,797.5184538625492
59,Nashik,Maharashtra,suicide,6415932.170441787,19.51670517633292,12.302240479796586,35.45816668870729,0.568930105054746,0.30053268088454466,0.8136515563910647,0.229,False,23.1559262089107,1252.1785660186213
60,Boudh,Odisha,suicide,451412.7877469054,45.32940235129024,8.168875015453512,135.96824379627694,0.16429645778733118,0.11083252779892275,0.2304509091329662,0.786,False,127.79936878082343,204.62271882297057
61,Gadchiroli,Maharashtra,suicide,1127183.9383366108,88.1530493564562,12.315008287641847,280.091872962534,0.21177807397878548,0.12506522391766706,0.3139761156435516,0.9195,False,267.7768646748922,993.6470134999192
62,Washim,Maharashtra,suicide,1257681.7047138214,38.542778185743195,5.762812502087554,128.84674175285883,0.2634233869405847,0.16444242591492847,0.3830109794954676,0.6545,False,123.08392925077128,484.7454697305219
63,Cuttack,Odisha,suicide,2685451.872686498,31.378409593718914,6.200631137853311,93.34087388216588,0.3948488354602144,0.22833032111873408,0.5761547409785611,0.505,False,87.14024274431257,842.6520880537643
64,Chandrapur,Maharashtra,suicide,2315744.41634586,46.2579892806508,7.45928205791864,141.3208386723376,0.4466623078363557,0.27341065753147237,0.6294328974629314,0.539,False,133.86155661441896,1071.2168038805373
65,Yavatmal,Maharashtra,suicide,2912502.3879013276,47.84600956731376,6.92537028803049,159.70045112697213,0.3075618685045508,0.15927820738035986,0.5007863208084977,0.7315,False,152.77508083894165,1393.516171163511
66,Kandhamal,Odisha,suicide,750144.4567418178,49.75534379169899,10.02640102930247,148.2507128176248,0.20330420228167037,0.13575713235979872,0.28794652075565946,0.8125,False,138.22431178832232,373.23695338626413
67,Jalna,Maharashtra,suicide,2058084.393809343,35.642680866960404,5.213599987016049,121.43189371269946,0.28775691086733546,0.16501874827967397,0.4256656057487142,0.6065,False,116.21829372568341,733.5564524581807
68,Nayagarh,Odisha,suicide,985160.2506608804,29.066539895717852,4.732389499466094,97.0987032459576,0.2000085648620417,0.1284654628268097,0.288341530385734,0.511,False,92.3663137464915,286.3519972950988
69,Uttar Bastar Kanker,Chhattisgarh,suicide,499294.0,85.66749667177473,17.544723636790565,263.9533761156742,0.22429119603329276,0.16100292747425926,0.2976204844624122,0.9565,False,246.40865247888362,427.7326708323709
70,Khordha,Odisha,suicide,2303992.6059462004,33.641687750189305,4.561219211379633,120.50082104982923,0.6667697417421315,0.4831888108975585,0.8248026877377953,0.0185,False,115.93960183844959,775.1019982798703
71,Kalahandi,Odisha,suicide,1613508.9404837112,48.64168060984107,8.179781785289954,153.57491213504366,0.1928325975472143,0.10697344391845459,0.31541105313212264,0.7835,False,145.3951303497537,784.8378654413174
72,Jagatsinghpur,Odisha,suicide,1163389.5228904276,35.41767435707651,4.193861247456485,133.81410947136254,0.22430233497142188,0.1366371104075241,0.32617812682601344,0.5385,False,129.62024822390606,412.0455127216777
73,Puri,Odisha,suicide,1738201.4881818937,32.4846140090487,4.0270121500454525,112.43326498690924,0.25696623096995763,0.14405250933963115,0.39521787336083697,0.5485,False,108.40625283686379,564.6480441354284
74,Ahmednagar,Maharashtra,suicide,4772835.674350914,36.636688069271585,5.587695836142687,118.42576057149067,0.32036445599447133,0.13470331079315762,0.5652952705182043,0.5655,False,112.83806473534798,1748.6089180708593
75,Nabarangapur,Odisha,suicide,1249315.755999912,61.73547066343313,9.361029716154812,186.6526877200191,0.19232537323975765,0.11151329804630067,0.3014351398490284,0.866,False,177.29165800386428,771.2709620389735
76,Hingoli,Maharashtra,suicide,1236864.9692909003,34.518169257113584,7.041315187054683,104.93040325212935,0.24183318470692897,0.15268030625908738,0.35914784596384164,0.6525,False,97.88908806507467,426.9431435817789
77,Rayagada,Odisha,suicide,990401.2648435155,56.96436572860074,9.35228702978095,187.4956653208579,0.2661801612358615,0.1779694907996329,0.37397405401165823,0.841,False,178.14337829107697,564.1757986861478
78,Nanded,Maharashtra,suicide,3531220.0980661986,36.203534920035075,5.809421380977874,114.71841450540364,0.3836869617037354,0.19521324114785663,0.6059235170998535,0.5405,False,108.90899312442576,1278.426501306693
79,Narayanpur,Chhattisgarh,suicide,93213.33333333333,194.62603872458928,10.558025179900149,709.3600329807451,0.2752280894536584,0.23395121092794585,0.3183705418624682,0.9315,False,698.802007800845,181.4174182298138
80,Parbhani,Maharashtra,suicide,1928908.224866502,37.195480707879554,4.8535344490712165,123.31262306179288,0.4133871456068483,0.255187451660777,0.5756350334342889,0.528,False,118.45908861272166,717.4666866529217
81,Pune,Maharashtra,suicide,9906106.057571374,25.46155197593472,20.111666231346522,36.560855682553715,0.7599323105839206,0.5199782665652746,0.9237187316598884,0.02,False,16.449189451207193,2522.248342639753
82,Beed,Maharashtra,suicide,3210695.2285714285,43.021128107595004,6.354072128438595,145.602155855079,0.4262295748692202,0.2267026527719475,0.646688316752561,0.523,False,139.2480837266404,1381.2773074281545
83,Mumbai,Maharashtra,suicide,3241392.099821892,54.21412732070626,4.121976121248267,247.05230184810145,0.9424120691506311,0.8564783071940529,0.9849987547897592,0.0,False,242.9303257268532,1757.292439960755
84,Koraput,Odisha,suicide,1411704.3135552355,62.10287297938824,9.464467713236855,202.4438800054438,0.2697419917976975,0.16316195841471337,0.4034423635599426,0.865,False,192.97941229220694,876.7089366917526
85,Srikakulam,Andhra Pradesh,suicide,4629404.761373135,33.81036184832384,2.9251567231700473,123.52090998058934,0.26948098685236477,0.11155374479498621,0.49197612480352626,0.5305,False,120.59575325741929,1565.2185012437901
86,Vizianagaram,Andhra Pradesh,suicide,4015191.0346790846,43.79574125700351,4.881189963653761,152.17474082842213,0.3101536108225688,0.14171124317472353,0.5287037140136228,0.647,False,147.29355086476838,1758.482676522454
87,Latur,Maharashtra,suicide,2578266.404642522,37.77952324229489,4.602553243296741,126.94512859413915,0.366000234050985,0.20875993416578692,0.5451722221568681,0.57,False,122.34257535084241,974.0567555902024
88,Osmanabad,Maharashtra,suicide,1741373.7590403266,32.32836104477722,5.051339748201525,100.69940024920994,0.2687501943562399,0.15739759837361886,0.4076924256874796,0.585,False,95.64806050100842,562.9575959615656
89,Malkangiri,Odisha,suicide,627440.0563604763,84.76483663438319,7.247176890090005,311.58749103623865,0.1923023123618341,0.12982793856353797,0.27612959844078744,0.837,False,304.3403141461486,531.8485387526396
90,Solapur,Maharashtra,suicide,4536037.56107649,38.46015863758096,5.1971292549162325,135.11763297487832,0.4386595159569613,0.21584178766546647,0.6822860897964015,0.422,False,129.92050371996208,1744.5672418502766
91,Visakhapatnam,Andhra Pradesh,suicide,7348144.823228025,42.858295101241545,29.950847462505365,69.99170542239864,0.6323403673171134,0.37578134259700685,0.8471499737678551,0.144,False,40.04085795989327,3149.289592805671
92,Bidar,Karnataka,suicide,2281052.309325669,53.87216231719844,8.18443218108128,189.57546336493826,0.35955024439216016,0.21419237520335477,0.5370696190478241,0.746,False,181.39103118385697,1228.8522026201279
93,Satara,Maharashtra,suicide,3155593.3220277983,56.01212228922386,4.981392916578761,218.14451630543294,0.30226838550621715,0.1459753145176485,0.5046099977179618,0.7015,False,213.1631233888542,1767.5147904847922
94,Ratnagiri,Maharashtra,suicide,1696717.843187583,48.18321512623891,6.153758684491793,159.47556548176925,0.2525138965855217,0.14378438681264874,0.38789570309290866,0.7365,False,153.32180679727745,817.5332084683541
95,Kalaburagi,Karnataka,suicide,2036509.9,55.463662361212805,10.32889537636567,167.9106455162541,0.37692655594910857,0.2350887384908119,0.5361597272514277,0.7925,False,157.58175013988844,1129.5229748886725
96,Sangli,Maharashtra,suicide,2964814.7442164607,33.78970945598279,4.519579955911352,112.53236371724248,0.3631051166896218,0.1885140126665391,0.561774620645998,0.5215,False,108.01278376133112,1001.8022879788814
97,Kolhapur,Maharashtra,suicide,4071949.902396068,41.99150433870145,4.181352285435819,147.73509661296606,0.43409978398752547,0.20870255740005111,0.6716644624432699,0.4535,False,143.55374432753024,1709.8730199343945
98,Krishna,Andhra Pradesh,suicide,7736582.256692643,22.200511753102013,2.2958067808287375,82.53816238670974,0.5082264276559628,0.2290776926353454,0.7672235227601739,0.1855,False,80.242355605881,1717.5608531854552
99,Belagavi,Karnataka,suicide,2036509.9,52.84706747366272,10.673227794547609,150.0620060964737,0.3789163401821188,0.2323344525796533,0.5414136977577582,0.786,False,139.3887783019261,1076.2357609608212
100,Yadgir,Karnataka,suicide,1572578.8623989683,68.88623307464758,8.988155468511907,244.0278838376939,0.3010471627736016,0.1861373161528028,0.4382321548730765,0.851,False,235.039728369182,1083.2903404347949
101,Bagalkote,Karnataka,suicide,2530748.0559225045,51.01172542809199,7.284556564547855,166.4590206480221,0.44525841433665597,0.2678278391784896,0.6350796123174309,0.542,False,159.17446408347425,1290.978249563964
102,Sindhudurg,Maharashtra,suicide,892604.5959535928,40.07479366669039,5.157857706442039,136.92718318830168,0.22898944542751865,0.15009993298493818,0.32274628437179376,0.6105,False,131.76932548185965,357.70945008779773
103,Guntur,Andhra Pradesh,suicide,8370962.0737051815,22.415206597920108,2.4330877665416546,74.07093169930968,0.44231666155798804,0.19908152128528525,0.7154891364052005,0.2785,False,71.63784393276802,1876.3684430545538
104,East Godavari,Andhra Pradesh,suicide,8827345.958744805,26.2179220324744,3.4101831320163067,85.34180605881723,0.3675175604998131,0.15250854123812052,0.63526137590548,0.392,False,81.93162292680093,2314.346681000493
105,Raichur,Karnataka,suicide,2583057.0462367535,54.91619617470208,9.852503717348798,161.58478778789555,0.3761847192805489,0.203224546685125,0.5643406321357616,0.7525,False,151.73228407054674,1418.5166748158406
106,Prakasam,Andhra Pradesh,suicide,5818534.456081999,18.848245360975508,1.785011781477985,65.8400106888676,0.305493420649375,0.11680535300922612,0.5608406522136323,0.2745,False,64.0549989073896,1096.6916506952368
107,Kurnool,Andhra Pradesh,suicide,6942038.298144226,20.605032236256356,2.75692250002978,68.23518649377102,0.39200467889640456,0.15754170230959208,0.6678831237791356,0.2755,False,65.47826399374125,1430.40922918588
108,Koppal,Karnataka,suicide,1861375.1105371537,58.54264507067806,7.178737540628705,209.59991850906795,0.28493544607992094,0.16662913218192615,0.4373765954924886,0.785,False,202.42118096843924,1089.6982243957073
109,Gadag,Karnataka,suicide,1425667.7372974975,44.23943430890613,7.5592052136338275,142.69860347939172,0.49567228527289914,0.3446125794381446,0.645002542600995,0.377,False,135.1393982657579,630.7073421049947
110,North Goa,Goa,suicide,818008.0,25.503448803484645,6.3439131706679905,46.52509688248864,0.7694660368572307,0.6591468415227982,0.860104898078623,0.0,False,40.18118371182065,208.62025148840866
111,Ballari,Karnataka,suicide,2036509.9,52.370304768363,11.064622002734986,148.9614706274675,0.37516059980879113,0.22299450380476038,0.5503279240575382,0.7925,False,137.8968486247325,1066.5264412678844
112,Dharwad,Karnataka,suicide,2473525.5559957875,50.28974470974658,5.57580358450267,186.97838590077396,0.7172156918915945,0.5321455861346621,0.8582323373812656,0.011,False,181.4025823162713,1243.9296874406211
113,Uttara Kannada,Karnataka,suicide,1924650.7757536913,46.789338608291146,9.200400529147887,141.39636950719688,0.39544939712025384,0.24535762368541927,0.5647584888495577,0.71,False,132.195968978049,900.531368494497
114,South Goa,Goa,suicide,640537.0,33.84108597952128,8.06792970453053,60.17681555204453,0.7729806520478806,0.6661983794738822,0.8633547818618655,0.0,False,52.108885847514,216.76467690064624
115,Haveri,Karnataka,suicide,2139590.3721808977,42.67556718448287,7.362749386178009,130.86868123469426,0.3341573427966955,0.19144449574777567,0.5015498159837324,0.7035,False,123.50593184851625,913.0823267527861
116,Anantapur,Andhra Pradesh,suicide,6989452.158905784,18.525109788420814,2.278928858711909,64.79224208429449,0.38517736782727596,0.14358384357398102,0.6728974777643751,0.2375,False,62.51331322558258,1294.8036860464451
117,S.P.S. Nellore,Andhra Pradesh,suicide,5075444.426835378,24.88746718625889,2.8575473050080644,90.59735183156482,0.38636718584037144,0.1688058628660846,0.6504095532746527,0.3425,False,87.73980452655675,1263.1495662854602
118,Chitradurga,Karnataka,suicide,2222336.606014406,62.47598254001062,11.025729127898492,197.54630033015133,0.3130133428807943,0.178715639589618,0.4856827624149702,0.851,False,186.52057120225282,1388.4266299538249
119,Davanagere,Karnataka,suicide,2605401.5291705285,47.45382018208975,7.700313299400836,157.3225253256664,0.44129921660654914,0.26647036294617177,0.6300764110060337,0.5575,False,149.62221202626554,1236.3625566739993
120,Shivamogga,Karnataka,suicide,2347279.5622189245,56.47365828841819,9.101550012497327,174.01448458603443,0.47650754947827706,0.29817306046251785,0.6498605263774958,0.4995,False,164.9129345735371,1325.594639041394
121,Udupi,Karnataka,suicide,1576716.97760816,62.16462180055327,8.178687346133435,223.75396662145792,0.3991707306485438,0.25053495834946576,0.5509721372121523,0.7425,False,215.57527927532448,980.1601459952269
122,Chikkamagaluru,Karnataka,suicide,1523952.6607013138,66.47595610669511,12.590218210227906,184.49533124743996,0.2980704922692498,0.18552804276247797,0.43760846000719766,0.91,False,171.90511303721206,1013.0621018146176
123,Chikkaballapura,Karnataka,suicide,1680830.0813972198,59.58406211676547,7.701659870397307,209.74022435012353,0.32201170994427014,0.20087528720614178,0.4630915835364386,0.797,False,202.03856447972623,1001.5068397769991
124,Hassan,Karnataka,suicide,2378975.649847129,81.57950158877395,13.041613260251491,246.42957639864386,0.30923833522933863,0.17400990167679728,0.4745274116321342,0.9065,False,233.38796313839237,1940.756478063584
125,Kolar,Karnataka,suicide,2057541.8593907517,58.76154425534905,6.950387636997404,201.1901718147476,0.41989950507529683,0.26453955563202064,0.5953060643616058,0.638,False,194.2397841777502,1209.0433702782282
126,Bengaluru Rural,Karnataka,suicide,1327039.9797533727,53.78107824281524,9.644992755562534,167.43924846577312,0.38791147291478273,0.26055908815673834,0.5280376761685063,0.788,False,157.7942557102106,713.696409824601
127,Dakshina Kannada,Karnataka,suicide,2798449.290864836,47.60847760671604,7.474732991476778,159.30901888564003,0.614956893093649,0.4031028449168271,0.7939728146992605,0.0985,False,151.83428589416326,1332.2991039766894
128,Bengaluru Urban,Karnataka,suicide,2036509.9,63.01924996169278,6.9109629638045496,241.82788816501656,0.37707156792984053,0.23367893549955862,0.5360177844318753,0.7235,False,234.91692520121202,1283.3932643756195
129,Kasaragod,Kerala,suicide,1307375.0,60.209444058262235,6.749106716423011,233.93326659914914,0.5181056526750566,0.3654487785192372,0.6607960391245256,0.308,False,227.18415988272614,787.1632192567058
130,Kodagu,Karnataka,suicide,742609.5494128813,86.6282128401844,14.64465708470561,269.6531118477438,0.24342956680316427,0.16483223175795686,0.33952116807892163,0.9355,False,255.00845476303817,643.3093810369252
131,Chamarajanagara,Karnataka,suicide,1367039.081717172,55.0140139086268,11.116868995692895,161.7985722999061,0.270797058072465,0.16270780792858502,0.4065186441427532,0.8555,False,150.68170330421322,752.063070552249
132,Wayanad,Kerala,suicide,817420.0,61.50881998105151,11.467097005469165,182.46516091364077,0.16314767040097114,0.10135219140498891,0.2406695109080838,0.881,False,170.99806390817162,502.78539628911125
133,Kozhikode,Kerala,suicide,3086293.0,21.910745979775378,18.14282803832402,28.24163174763778,0.7996771657794965,0.6235588834649122,0.919134075390136,0.001,False,10.09880370931376,676.2298194215889
134,Malappuram,Kerala,suicide,4112920.0,14.24664519689664,9.787781485114385,22.50301725127951,0.6144287290918222,0.3807457715046291,0.8157191752944342,0.043,False,12.715235766165124,585.9531196322013
135,Palakkad,Kerala,suicide,2809934.0,61.53395823502076,7.757143371575652,189.35416725496415,0.37926976461482265,0.2033751382627025,0.5775623313847552,0.7375,False,181.5970238833885,1729.0636139916485
136,Thrissur,Kerala,suicide,3121200.0,34.14232519589743,28.40668823289427,44.02539470592335,0.8027025264960966,0.6295826917619202,0.9183357128045853,0.001,False,15.618706473029079,1065.6502540143506
137,Idukki,Kerala,suicide,1108974.0,70.2307532470681,16.24256109805169,187.49518033558468,0.1685326235597105,0.09765164611553716,0.2582848290086836,0.947,False,171.252619237533,778.840793514141
138,Ernakulam,Kerala,suicide,3282388.0,75.3715239585415,12.367267571076672,188.09570664115435,0.813113353161752,0.6483409261096307,0.9268141845894905,0.001,False,175.72843907007768,2473.9858578322915
139,Alappuzha,Kerala,suicide,2127789.0,102.32283628518158,19.482683380998086,266.63547666917,0.683969706655435,0.5010579005891275,0.8317906478115972,0.0245,False,247.1527932881719,2177.214054964102
140,Kottayam,Kerala,suicide,1974551.0,93.62971617311813,13.727216248784408,245.9829318692077,0.4004746551303502,0.24869218945865895,0.5614848563349676,0.8385,False,232.2557156204233,1848.7664969934658
141,Pathanamthitta,Kerala,suicide,1197412.0,82.68165521031744,12.931705305301929,246.88366321122345,0.22447628027680058,0.13987083840098685,0.33105359599158535,0.9345,False,233.95195790592152,990.0400612869663
142,Kollam,Kerala,suicide,2635375.0,85.06621792225114,63.03574774157162,123.06115473455338,0.5871942380975665,0.39668036307228793,0.7635000297904714,0.1785,False,60.025406992981765,2241.813840568526
143,Thiruvananthapuram,Kerala,suicide,3301427.0,36.52926727958364,28.334330379719997,51.862448006608915,0.6793931605971989,0.4761194180384547,0.8403612489124901,0.041,False,23.528117626888918,1205.98709287034
144,West Godavari,Andhra Pradesh,suicide,6742523.306735915,24.617349618292934,2.7311680953509847,87.49577498277202,0.30602036421512296,0.10672396460603789,0.573817680643478,0.3935,False,84.76460688742104,1659.830535514066
145,Dakshin Bastar Dantewada,Chhattisgarh,suicide,355758.6666666666,127.36902497576727,12.357275277197846,418.1798427124468,0.31561457527140374,0.2507521352552,0.3871350779830281,0.936,False,405.82256743524897,453.12634500012325
146,Bastar,Chhattisgarh,suicide,942132.6666666666,130.70935712782492,12.76609289087288,418.2712929720635,0.24348868161506385,0.16406542533483323,0.3359003416069098,0.9515,False,405.50520008119065,1231.4555518912337
147,Kondagaon,Chhattisgarh,suicide,946118.4444444445,119.10895912060384,12.763828569366996,372.8414404814974,0.29708546673733643,0.20241732955309616,0.4027870482237248,0.933,False,360.0776119121304,1126.9118312258263
148,Gariaband,Chhattisgarh,suicide,946118.4444444445,104.10900480440469,18.046296155684658,335.99148461342173,0.29589636273606573,0.1964829414504286,0.4042542510610359,0.9615,False,317.94518845773706,984.9944967820257
149,Raipur,Chhattisgarh,suicide,2709248.0,67.15774378130419,46.273302120085376,104.25493331142249,0.5038794433779493,0.3101259619663476,0.6910553185678995,0.486,False,57.981631191337115,1819.4698302401082
150,Durg,Chhattisgarh,suicide,2229248.0,63.03564247133676,45.124622186217884,90.58590543227677,0.527233619505294,0.35408184953175503,0.6948406283746562,0.3745,False,45.46128324605889,1405.2207990794252
151,Thane,Maharashtra,suicide,11619287.138751013,43.074921466246465,5.801149987664815,132.28030449551164,0.8698507559026866,0.6814710360177486,0.9683755861924909,0.001,False,126.47915450784683,5004.9988099546745
152,Adilabad,Telangana,suicide,2741239.0,13.66857818794535,1.2001667753609466,54.43460387245885,0.3669605837889351,0.1913158260892921,0.5675069436737239,0.1545,False,53.2344370970979,374.6883960334513
153,Hyderabad,Telangana,suicide,3943323.0,9.055545985536613,8.197807494166243,10.217120467298942,0.9404031255945617,0.8427367979154979,0.9860770800237387,0.0,False,2.019312973132699,357.08942762324193
154,Jagtial,Telangana,suicide,3208589.6470588236,27.213009900420055,3.4881497940701576,94.76478549050312,0.43072594759519073,0.2322479750718677,0.6424977731763305,0.349,False,91.27663569643296,873.1538183179706
155,Jangaon,Telangana,suicide,4229917.0,20.524853980629896,3.216209318156549,72.49064593288219,0.4238122988885018,0.20805718663588352,0.6638854882814718,0.235,False,69.27443661472564,868.1842877518408
156,Mulugu,Telangana,suicide,3208589.6470588236,20.435708908595487,2.7013525765315776,70.26134205311628,0.431645339172735,0.23789772273191437,0.6425352238162553,0.229,False,67.5599894765847,655.6980403442725
157,Jogulamba Gadwal,Telangana,suicide,3208589.6470588236,15.919866545406263,1.485680171809264,58.32105450813861,0.4292369961569715,0.22326823232853507,0.6537394300088343,0.1515,False,56.835374336329345,510.80318980148655
158,Kamareddy,Telangana,suicide,3208589.6470588236,16.661434516320966,1.7571235940788834,61.28905982233213,0.4329847903452004,0.23580906790280717,0.6450701657643683,0.168,False,59.531936228253244,534.5970629421599
159,Karimnagar,Telangana,suicide,3776269.0,25.969420023379776,3.724695292697976,87.67254504092767,0.3458988914352793,0.16957933669858813,0.5652625739637315,0.4215,False,83.9478497482297,980.6751578226831
160,Khammam,Telangana,suicide,2797370.0,14.0723091482192,1.4554469377676418,55.07661891748694,0.3259334006636559,0.18261230059105493,0.5055667821380966,0.1665,False,53.6211719797193,393.6545544195394
161,Komaram Bheem,Telangana,suicide,3208589.6470588236,17.795252352979208,1.809973381992928,65.85304422745483,0.4307272775236015,0.2242832293591059,0.6544736283184918,0.2015,False,64.0430708454619,570.9766246656826
162,Mahabubabad,Telangana,suicide,3208589.6470588236,28.695346410706005,3.6237354935108472,99.8962423090755,0.42925665841442856,0.23309184370390199,0.6355435763711585,0.3635,False,96.27250681556465,920.7159141215787
163,Mahabubnagar,Telangana,suicide,4053028.0,19.61346818981015,2.624356400828534,67.52391531140941,0.2605901612567353,0.11125961733808573,0.4728510005445077,0.3125,False,64.89955891058088,794.9393575040984
164,Mancherial,Telangana,suicide,3208589.6470588236,22.496643293668726,2.8649367446815446,83.31864806973138,0.4310517223273057,0.23966345931698324,0.6297712322934357,0.2635,False,80.45371132504984,721.8249676564079
165,Medak,Telangana,suicide,3033288.0,31.80987328867329,1.217573260112225,146.9398841103798,0.34377762954953595,0.18065116897990355,0.5397294249614665,0.4135,False,145.72231085026758,964.8850692805323
166,Medchal Malkajgiri,Telangana,suicide,613192.0,17.26365607130866,3.038376871998396,53.901864876959735,0.19082063250580172,0.12793703971331538,0.26531076589345987,0.255,False,50.86348800496134,105.859357936779
167,Nagarkurnool,Telangana,suicide,4053463.0,26.975652196217457,4.27758927816215,86.63978649061316,0.3829350698038001,0.18855532092019925,0.6013440462663717,0.3995,False,82.36219721245101,1093.448080782362
168,Nalgonda,Telangana,suicide,3488809.0,26.22554380532193,3.31087703702333,87.47349817271991,0.2879579714211054,0.13008810392302958,0.4932832911340328,0.437,False,84.16262113569658,914.9591325790141
169,Nirmal,Telangana,suicide,3208589.6470588236,23.212273858828826,2.572626295825497,84.78916717202628,0.4321878249394094,0.2389174448497651,0.6448791987752138,0.2765,False,82.21654087620078,744.7866158813234
170,Nizamabad,Telangana,suicide,2551335.0,18.285340518139915,2.372322558812507,59.400509790208275,0.3106900068733836,0.1756920964923698,0.4744390525598043,0.274,False,57.02818723139577,466.520292508485
171,Peddapalli,Telangana,suicide,3208589.6470588236,24.693055972354554,2.95399225823299,89.2562753511231,0.42985805488672285,0.2330511356727177,0.6446451738512375,0.3085,False,86.30228309289011,792.2988374714087
172,Rajanna Sircilla,Telangana,suicide,3208589.6470588236,27.80088798561744,4.064061221446168,95.85788943031292,0.43081848315857874,0.23438317100890788,0.6497940307512721,0.365,False,91.79382820886676,892.0164136969415
173,Ranga Reddy,Telangana,suicide,5296741.0,22.15485504674883,3.416271136516991,74.49483347889999,0.8181080444107194,0.5910325834574894,0.944734456845337,0.0025,False,71.078562342383,1173.4852907517143
174,Sangareddy,Telangana,suicide,5296741.0,15.657532519821288,1.7978886195764388,60.306364350917306,0.8207576725687727,0.607907838011401,0.9413488368609733,0.0,False,58.508475731340866,829.3389445657074
175,Siddipet,Telangana,suicide,3208589.6470588236,22.61932718245844,4.5025023029201785,64.97803030147736,0.4311947995476399,0.23683135961693544,0.6365999752398566,0.2985,False,60.47552799855718,725.7613902107238
176,Suryapet,Telangana,suicide,3208589.6470588236,20.748174416918353,3.2205087189908004,71.51302717802795,0.43081636747102275,0.22879091160824483,0.6461011554047015,0.2465,False,68.29251845903715,665.7237762949497
177,Vikarabad,Telangana,suicide,3208589.6470588236,20.221472923052985,2.1124451970128963,72.90469092297931,0.4306253219139445,0.24410862160896735,0.6351710897793913,0.249,False,70.79224572596641,648.8240866918813
178,Wanaparthy,Telangana,suicide,3208589.6470588236,23.405139313565968,3.3380742334815747,82.59319676988262,0.4334388219467853,0.23706309268972237,0.6547714696436813,0.285,False,79.25512253640105,750.9748768947723
179,Warangal Rural,Telangana,suicide,3512576.0,29.358612219387656,3.692004648886406,100.93510720030983,0.3743030763780735,0.1861909507871104,0.6058618988411341,0.4345,False,97.24310255142342,1031.2435667512782
180,Warangal Urban,Telangana,suicide,3512576.0,22.65150041948484,2.419325259052074,88.55722232694833,0.3729505882784135,0.19280021989719534,0.5870563619056801,0.323,False,86.13789706789626,795.6511673747239
181,Yadadri Bhuvanagiri,Telangana,suicide,3208589.6470588236,33.24445350105336,4.363764483440865,108.80710275818574,0.43031155490488693,0.23232816174375528,0.6457310152639534,0.41,False,104.44333827474487,1066.6780932560828
182,South 24 Parganas,West Bengal,suicide,7704329.421039488,43.59196454390719,3.643273745347181,150.5377514869814,0.6938822675590091,0.405989024424562,0.8890817950541129,0.051,False,146.8944777416342,3358.4685495653434
183,Amreli,Gujarat,suicide,1220875.0625483869,25.325556006403918,3.8003340759098214,84.89681510921083,0.36245814995444464,0.24810613736734424,0.49497699161589526,0.431,False,81.09648103330102,309.19339773391056
184,Angul,Odisha,suicide,1303419.353209367,41.419481453292114,8.30277264947437,123.60049693480514,0.2765791170455974,0.1772673696565235,0.3978074523420546,0.7345,False,115.29772428533076,539.8695372611738
185,Dang,Gujarat,suicide,184068.5705916918,49.29417487390792,7.707680716722282,156.94277860952639,0.221461406340336,0.17473280557976673,0.27183495207443964,0.7625,False,149.2350978928041,90.7350830753712
186,Dhamtari,Chhattisgarh,suicide,533187.3333333333,85.64670849691139,17.0006506162262,247.7738759607901,0.28868483450599725,0.21372789195358924,0.373803519100747,0.9625,False,230.77322534456388,456.65740112245516
187,Kendrapara,Odisha,suicide,1473829.0568360838,36.684144611223374,3.7722078948674698,133.89075989589702,0.17450519045684337,0.09712528851792157,0.27664654199124794,0.573,False,130.11855200102954,540.6615825319785
188,Dadra and Nagar Haveli,Other Union Territories,suicide,343709.0,51.26918051923797,46.86609678817107,56.30550482625599,0.797855899230686,0.7362022141622401,0.8461021156591876,0.0,True,9.43940803808492,176.21678767086763
189,Palghar,Maharashtra,suicide,3210695.2285714285,61.96601847354994,6.298031402228958,227.31947105172478,0.4261506520240407,0.2377905376788896,0.627434333775048,0.585,False,221.02143964949582,1989.5399984659575
190,Ganjam,Odisha,suicide,3611031.1444667703,37.41124730255354,4.490345694769269,136.94923431512515,0.3668257535308147,0.1773967537787774,0.5886817442544094,0.541,False,132.45888862035588,1350.931791628693
191,Gajapati,Odisha,suicide,591243.0870690441,48.57695741818339,5.9527174700918595,172.8746396094847,0.2270273332713312,0.159864162149475,0.2995985976048382,0.722,False,166.92192213939282,287.2079026434825
192,Y.S.R. Kadapa,Andhra Pradesh,suicide,4936571.566389897,19.023314887602773,2.1927573689226683,68.75479750882822,0.44355925165816606,0.2049960934822581,0.7022714634245796,0.1985,False,66.56204013990555,939.0995537262147
193,Tumakuru,Karnataka,suicide,3587678.926576223,54.40693891547337,9.536385390306247,153.73726173317294,0.3285728979576289,0.15149659164816076,0.5303914791445159,0.7925,False,144.2008763428667,1951.9462820656365
194,Chittoor,Andhra Pradesh,suicide,7148581.878483924,19.90965849458849,2.558002579357964,68.45626897156023,0.41794054038810297,0.17350619390202435,0.7000396096450994,0.2335,False,65.89826639220227,1423.2582392121883
195,Ramanagara,Karnataka,suicide,1449861.6497147332,52.54296142025967,8.58687574647021,157.7079484526818,0.3342419349377101,0.2088701945105543,0.47761667726213636,0.7985,False,149.12107270621158,761.8002472567528
196,Mandya,Karnataka,suicide,2418278.369963426,61.25716154974644,9.906377028063963,190.5836025309431,0.28040816255343576,0.15286417561755755,0.4457435916351581,0.8575,False,180.67722550287914,1481.368687811071
197,Mysuru,Karnataka,suicide,2036509.9,53.64876246602428,8.511002279980472,173.35143083191986,0.37674386948012184,0.23312671199824847,0.552368661223288,0.7415,False,164.8404285519394,1092.5623588480685
198,Kannur,Kerala,suicide,2523003.0,32.86139271970076,27.17557184056741,42.32075288629335,0.7788690736850442,0.607224027242672,0.9008478844276041,0.003,False,15.145181045725938,829.0939241598318
199,Puducherry,Other Union Territories,suicide,99221.33333333333,51.26918051923797,46.86609678817107,56.30550482625599,0.797855899230686,0.7362022141622401,0.8461021156591876,0.0,True,9.43940803808492,50.8699645002615
200,Balod,Chhattisgarh,suicide,946118.4444444445,78.62885981093001,10.026177518420573,280.4621380126721,0.2978885771632174,0.19966328302963215,0.4148306812505679,0.878,False,270.4359604942515,743.922145327574
201,Bhadradri Kothagudem,Telangana,suicide,1506337.0,15.512297630304026,2.2614777111459796,53.15435090441408,0.22444580404267112,0.1331269677469824,0.3485696183168265,0.2035,False,50.8928731932681,233.66747875539275
202,Vadodara,Gujarat,suicide,3358699.3067601733,19.784551145993156,14.744983672045745,28.880144546596075,0.6765211259196714,0.45633299601113764,0.8561471147189772,0.0595,False,14.13516087455033,664.503582186084
203,Paschim Medinipur,West Bengal,suicide,4551470.281432921,37.705716643580935,4.174603469384582,133.71574713035912,0.23836409482576168,0.0863105423983184,0.47759241105797284,0.5805,False,129.54114366097454,1716.1644874338929
204,Seoni,Madhya Pradesh,suicide,1309717.2716068493,94.70302474674033,10.130000195784172,347.5144449346577,0.22449266385960542,0.13624363618156146,0.34619164522195334,0.889,False,337.3844447388735,1240.3418718421667
205,Alirajpur,Madhya Pradesh,suicide,692307.3886992037,132.83384721974127,18.107403346272477,456.6241194386029,0.20003044965554062,0.1357634125000528,0.27625629842416083,0.9605,False,438.51671609233046,919.6185389956806
206,Chhindwara,Madhya Pradesh,suicide,1985682.764713966,86.36487191531222,13.500697490246457,279.49565254690884,0.3543827716583864,0.21455656137525195,0.5140291397997873,0.8805,False,265.9949550566624,1714.9323763896473
207,Harda,Madhya Pradesh,suicide,541752.6423140379,54.60183573623968,9.776816737646115,183.0629513976922,0.31002332750725103,0.23351988811316352,0.39331119493155187,0.84,False,173.28613466004606,295.8068878530491
208,Khargone,Madhya Pradesh,suicide,1778772.7900497653,59.03624522766321,11.538060667280433,179.55940870773355,0.2655123023957407,0.1513421768313091,0.4065863507867752,0.864,False,168.02134804045312,1050.1206663767261
209,Purba Medinipur,West Bengal,suicide,3922193.6712141456,33.04726745528299,2.568427204872875,143.10600789962353,0.23099948555892735,0.09415005661739656,0.4282557163424204,0.4975,False,140.53758069475066,1296.1778326403216
210,Mayurbhanj,Odisha,suicide,2578286.3323944765,84.39583645458423,7.121743065658731,283.1555774536602,0.21221398905953187,0.10089516484409508,0.3717337819109634,0.8725,False,276.0338343880015,2175.9663164185404
211,Bharuch,Gujarat,suicide,1250569.8879524607,33.476888922229435,3.872628539395788,120.35975388930291,0.4852757621769743,0.35508251616540043,0.6239180929321857,0.311,False,116.48712534990712,418.6518922846944
212,Sundargarh,Odisha,suicide,2142079.853075556,73.60032318677747,10.433837978935623,226.31247774795534,0.5062430668893743,0.3347114982896678,0.6732507466271511,0.419,False,215.8786397690197,1576.5776947824572
213,Kabeerdham,Chhattisgarh,suicide,548350.6666666666,66.9149947751724,11.23459569540439,208.80247505804837,0.21237916080840996,0.151105673423389,0.28566871645545566,0.8815,False,197.567879362644,366.928819949623
214,Khandwa,Madhya Pradesh,suicide,1244123.6681348912,53.73539211449005,10.620316954466809,164.45987146172527,0.2852818313486236,0.18680698673645027,0.4070799132561902,0.8195,False,153.83955450725847,668.5347314614606
215,Porbandar,Gujarat,suicide,472041.2131198136,35.21498704956127,4.746764740920925,122.84484341227486,0.603441692852579,0.498914990861307,0.7052121982313382,0.0165,False,118.09807867135393,166.22925206873427
216,Balaghat,Madhya Pradesh,suicide,1616048.9914727698,101.65017374910897,14.390595132627638,315.30593904073527,0.24947562969035636,0.1476501910450693,0.38187039955198326,0.9505,False,300.9153439081076,1642.7166077027935
217,Narmada,Gujarat,suicide,475950.103221607,33.15391590199272,6.524228403588919,94.64851683899697,0.2317536894528748,0.17150407346726226,0.29868552492275363,0.626,False,88.12428843540805,157.7960969575391
218,Barwani,Madhya Pradesh,suicide,1316127.533999143,72.29337930659341,13.038259513484808,229.1782776110038,0.2582468132929951,0.15624712164048923,0.381511750078336,0.913,False,216.140018097519,951.4730703125144
219,Janjgir Champa,Chhattisgarh,suicide,1079804.6666666665,92.47495622820992,11.880670165662645,343.77904528277617,0.23806676702613894,0.1485449884753334,0.35558169852275545,0.908,False,331.8983751171135,998.5488928501679
220,Nandurbar,Maharashtra,suicide,1731623.5636600524,45.73816435598048,6.110078544223857,149.75736520203102,0.2706893007979837,0.1511071521551787,0.41948270745867966,0.693,False,143.64728665780717,792.0128315737211
221,Kendujhar,Odisha,suicide,1843597.853635615,70.8973858951969,10.242724839603412,221.2759988358253,0.25397327484793264,0.1423588647043695,0.3939574865845649,0.8785,False,211.0332739962219,1307.0626846476093
222,Balasore,Odisha,suicide,1399140.5999999999,44.196858482088075,8.681956991594193,129.72251192159015,0.25630559045985185,0.15565115443604335,0.37263035447037657,0.768,False,121.04055492999596,618.3761909474379
223,Jharsuguda,Odisha,suicide,592970.3092362225,47.0113620316079,7.2666219490328166,150.68133790467982,0.5362335817494932,0.4240704539838782,0.6381617928701809,0.1815,False,143.414715955647,278.76341881498547
224,Bametara,Chhattisgarh,suicide,946118.4444444445,83.88438577355925,16.92533106044926,239.67480635810443,0.2973954117827673,0.20211154927730662,0.4102391520053552,0.9565,False,222.74947529765518,793.6456458125756
225,Rajnandgaon,Chhattisgarh,suicide,1024755.3333333333,94.78382583787392,18.513980628518173,260.8634641818482,0.289050615355877,0.1928548080178701,0.4002443863106775,0.9675,False,242.34948355333003,971.3023104109909
226,Amravati,Maharashtra,suicide,3034468.6020014985,42.21235466430108,7.733786618817715,129.28088455960722,0.46014966845818106,0.26174579010404037,0.6645227353437496,0.4735,False,121.5470979407895,1280.9206484537312
227,Surat,Gujarat,suicide,4903304.325828913,25.598755072577323,22.219253972796103,32.73618109976301,0.8630470530221238,0.6755254979818952,0.9626965774268578,0.001,False,10.516927126966905,1255.184864832032
228,Dhule,Maharashtra,suicide,2154542.09653914,36.36064454279159,5.767334826538565,109.34183238351864,0.37312943863627435,0.22009376604342037,0.5498689393527799,0.5945,False,103.57449755698008,783.4053932474064
229,Tapi,Gujarat,suicide,650693.1327824938,41.213454778890885,7.018810505234658,130.03361390001476,0.21698865834834571,0.14586282761584168,0.2987898441667777,0.7295,False,123.0148033947801,268.1731200286615
230,Bargarh,Odisha,suicide,1515673.26495492,46.863236455904364,8.5290626469863,142.2942580818421,0.21301954329858863,0.12079122743630416,0.3262215272762051,0.7795,False,133.7651954348558,710.29354605475
231,Nagpur,Maharashtra,suicide,4888828.436136438,33.9884261782364,27.989726443124564,46.24200466515796,0.790580265690608,0.5836282212806714,0.9292560952065244,0.004,False,18.252278222033393,1661.6358439968621
232,Baloda Bazar,Chhattisgarh,suicide,946118.4444444445,94.1905786660527,18.23796397271667,275.0724375811386,0.29616303643175024,0.20418213333630908,0.4020733907958714,0.9665,False,256.83447360842194,891.1544376884787
233,Mungeli,Chhattisgarh,suicide,946118.4444444445,68.87579421606776,10.856629720835647,234.80190906072826,0.29620227561143375,0.2034404411074203,0.40135267559300936,0.8745,False,223.9452793398926,651.6465928358169
234,Botad,Gujarat,suicide,1888740.375,23.576857157495898,3.7641759310457927,78.18075886434762,0.474213600293514,0.30928694402083623,0.6413418811892239,0.254,False,74.41658293330183,445.30562028970235
235,Chhota Udaipur,Gujarat,suicide,1888740.375,28.36108910815863,5.0955270500681715,80.02786692021441,0.4733691478306195,0.3169257167133034,0.6412556139204103,0.3355,False,74.93233987014624,535.6673407755194
236,Jhargram,West Bengal,suicide,3968526.739130436,31.37880648302422,3.5286255387194716,110.36776279187728,0.39887593972690377,0.19375879615944427,0.6281060670755727,0.4265,False,106.83913725315782,1245.276325698811
237,Rajkot,Gujarat,suicide,3067574.0734115043,51.84829192866499,42.66868617130941,69.0374566661453,0.751839148973616,0.5680744287391819,0.8847802314876042,0.0045,False,26.368770494835893,1590.484760710437
238,Bhavnagar,Gujarat,suicide,2322407.2273209994,25.76007748898103,3.342175902955925,85.4170472465999,0.6005906762044314,0.4164916920788177,0.771073270403098,0.0715,False,82.07487134364398,598.2539013675852
239,Betul,Madhya Pradesh,suicide,1496071.6715330954,70.74083518883906,11.952681978326657,222.29473419680275,0.3098702674954014,0.1886707966489101,0.4461082294311174,0.8915,False,210.34205221847608,1058.3335954661366
240,Junagadh,Gujarat,suicide,2211717.4253728753,31.896823637859974,4.457398298794444,109.61933919992674,0.47299809165261614,0.30413178607905744,0.6508360540880007,0.337,False,105.1619409011323,705.4676065390033
241,Deogarh,Odisha,suicide,319781.67753945914,48.92608373251701,6.2471274906060925,168.59274077212515,0.1823961822003648,0.13117506766572332,0.23931312951369885,0.735,False,162.34561328151906,156.4566513142033
242,Jamnagar,Gujarat,suicide,1741680.6472351283,26.48529585934385,3.9739250773596537,91.44983713736207,0.5826768091157348,0.40961550537193253,0.7442358334870861,0.0765,False,87.47591206000241,461.2892723451586
243,Devbhumi Dwarka,Gujarat,suicide,1888740.375,32.89380893660425,2.300245243004038,131.2422247449704,0.47351111690961034,0.31424485590536494,0.6363155912352816,0.313,False,128.94197950196636,621.2786502610027
244,Aurangabad,Maharashtra,suicide,3888398.08829779,37.985483631705804,5.6269504261813905,126.74010734972839,0.5596286194861757,0.33987662645869654,0.7665888909101237,0.181,False,121.113156923547,1477.0268193659183
245,Vijayapura,Karnataka,suicide,2036509.9,55.26891574594541,11.592402014864266,163.5362652997932,0.37718837435119723,0.2245243415574184,0.5536653140347159,0.777,False,151.94386328492894,1125.556940788837
246,Bijapur,Chhattisgarh,suicide,170153.3333333333,47.145308306252645,6.668426822688833,168.52668216963394,0.22961073166236798,0.18356789411800276,0.27935732264335617,0.708,False,161.8582553469451,80.21931359336574
247,Raigad,Maharashtra,suicide,3210695.2285714285,42.65745062608807,5.769799475851372,139.42106994516067,0.4295022055856535,0.23262793059700473,0.6429584243930361,0.513,False,133.65127046930928,1369.6007318820225
248,Raigarh,Chhattisgarh,suicide,995989.3333333333,58.783661912996465,9.969880507019486,189.75741602980742,0.25281683696791907,0.16773381601426704,0.35369754004249915,0.846,False,179.78753552278792,585.479002396174
249,Bilaspur,Chhattisgarh,suicide,1775752.6666666665,66.7914707069085,7.489320028181641,272.71539455099776,0.35856331530310254,0.22097803849572492,0.516364266233105,0.7875,False,265.22607452281613,1186.051322183813
250,Karaikal,Other Union Territories,suicide,200222.0,51.26918051923797,46.86609678817107,56.30550482625599,0.797855899230686,0.7362022141622401,0.8461021156591876,0.0,True,9.43940803808492,102.65217861922865
251,Mahe,Other Union Territories,suicide,41816.0,51.26918051923797,46.86609678817107,56.30550482625599,0.797855899230686,0.7362022141622401,0.8461021156591876,0.0,True,9.43940803808492,21.43872052592455
252,Yanam,Other Union Territories,suicide,55626.0,51.26918051923797,46.86609678817107,56.30550482625599,0.797855899230686,0.7362022141622401,0.8461021156591876,0.0,True,9.43940803808492,28.518994355631314
253,Sambalpur,Odisha,suicide,1065289.8525043305,64.50425685441917,9.816189724261069,202.55959464722432,0.4022904232489822,0.2806992549468862,0.537098679206613,0.792,False,192.74340492296324,687.1573027034565
254,Navsari,Gujarat,suicide,1072100.1896517866,36.37558524219978,6.525362347824597,110.47842730916292,0.4485089925783544,0.3251599208496092,0.577397216262116,0.532,False,103.95306496133833,389.98271836857117
255,Lakshadweep,Other Union Territories,suicide,64473.0,51.26918051923797,46.86609678817107,56.30550482625599,0.797855899230686,0.7362022141622401,0.8461021156591876,0.0,True,9.43940803808492,33.0547787561683
256,Daman,Other Union Territories,suicide,191173.0,51.26918051923797,46.86609678817107,56.30550482625599,0.797855899230686,0.7362022141622401,0.8461021156591876,0.0,True,9.43940803808492,98.0128304740428
257,Diu,Other Union Territories,suicide,52074.0,51.26918051923797,46.86609678817107,56.30550482625599,0.797855899230686,0.7362022141622401,0.8461021156591876,0.0,True,9.43940803808492,26.69791306358798
258,Jayashankar Bhupalapally,Telangana,suicide,3208589.6470588236,26.958734224703058,4.674723598087706,87.94488867587421,0.4322842179629515,0.23675204620623416,0.6504827405643508,0.35,False,83.2701650777865,864.9951553119262
259,Narayanpet,Telangana,suicide,139820.0,18.882638322146384,4.091577299351555,53.44750905861427,0.27533121393245147,0.2282548440781761,0.3224868162586909,0.3035,False,49.35593175926272,26.401704902025077
260,Sukma,Chhattisgarh,suicide,946118.4444444445,240.77396106722702,6.411354526416209,865.4887313660095,0.2978770150723318,0.20240263851509158,0.40231873563056264,0.9045,False,859.0773768395933,2278.0068550765204
261,Upper Subansiri,Arunachal Pradesh,suicide,53634.526519014165,43.61824482804168,2.0994264274636434,182.17323278846098,0.3317604673755824,0.29502574026360295,0.37033165733553297,0.593,False,180.07380636099734,23.39443908942454
262,Anjaw,Arunachal Pradesh,suicide,13604.66425591953,48.55002323662918,3.7568988163031802,204.74305351304838,0.17548767184439304,0.1367997859733289,0.21572320882108378,0.652,False,200.9861546967452,6.605067657514316
263,Tinsukia,Assam,suicide,1074262.8532566435,52.45164097076909,8.682530414146392,155.6692687573389,0.3327221056280928,0.2295872031797958,0.4531852395447896,0.825,False,146.9867383431925,563.4684948725146
264,Dhemaji,Assam,suicide,555065.2137979822,107.78465438191785,3.8550642062474885,446.1177580362946,0.18163769850887793,0.12368223544330723,0.24824155323348712,0.825,False,442.2626938300471,598.2751222864084
265,Changlang,Arunachal Pradesh,suicide,95269.28539698248,31.72924321827011,4.872822527340048,95.29404635083952,0.2522188795807032,0.21134199064265272,0.29382658551740004,0.5955,False,90.42122382349947,30.22822327591646
266,Dibrugarh,Assam,suicide,1072973.3453175211,72.23771508053403,9.551160386691487,212.71122417940254,0.2982986591505472,0.19294923283920465,0.4144623762964425,0.8785,False,203.16006379271104,775.0914280805454
267,Tawang,Arunachal Pradesh,suicide,32121.713304582147,26.74078524957745,1.7089581287162638,120.7286414930136,0.27388090347641725,0.2389536207087943,0.30912897823467667,0.3765,False,119.01968336429734,8.589598373263259
268,Papum Pare,Arunachal Pradesh,suicide,113488.75049182591,18.82774652490652,3.778954423177168,53.880382532081676,0.7296366580341687,0.6423376475932167,0.8112885543780033,0.0,False,50.10142810890451,21.367374276884583
269,Lakhimpur,Assam,suicide,843063.949280661,46.06118947262831,8.437786256050796,129.9127984912086,0.20765140121017836,0.1391755638148069,0.29478152745704245,0.784,False,121.4750122351578,388.32528305358824
270,Tirap,Arunachal Pradesh,suicide,71969.68299979162,25.237820794482474,3.133920722042897,86.52062736837728,0.35118040243789883,0.31059699784129946,0.3933219676013266,0.4205,False,83.38670664633437,18.16357962184453
271,Sivasagar,Assam,suicide,931171.9657007714,53.77780981793333,7.661256953854932,182.92097446929859,0.2128768370901546,0.1384990489501092,0.3077071705086064,0.794,False,175.25971751544364,500.76388879247224
272,Jorhat,Assam,suicide,883609.02355976,44.78672848109947,3.910578088623554,174.76446459453115,0.31013616376951564,0.21694083846244136,0.4119040590998007,0.6195,False,170.85388650590758,395.73957421620395
273,Sonitpur,Assam,suicide,1556559.0468915435,33.61623002799974,4.795028626517198,105.23022693042088,0.22126753252488116,0.12741509661779685,0.33841839274158053,0.593,False,100.43519830390369,523.2564697247017
274,Golaghat,Assam,suicide,863086.9172864468,44.7494415459385,8.209192485257589,146.40422605799074,0.2075618740012809,0.13707573491201133,0.2939146097985097,0.772,False,138.19503357273317,386.2265755417411
275,Udalguri,Assam,suicide,672799.5537730152,38.0343711617275,4.504420746614374,142.9982120614099,0.16631317807932475,0.10574217825859944,0.23775731805750416,0.6075,False,138.49379131479552,255.89507945647497
276,Chirang,Assam,suicide,390057.5451337608,33.64097741188847,4.394042892368429,116.72425043005607,0.18767572668051086,0.1345154926080801,0.2534796377778134,0.569,False,112.33020753768764,131.21917065181512
277,Baksa,Assam,suicide,768587.9894992922,31.404510625136872,4.774202121988576,98.13424585408224,0.1435953522620481,0.08818437642217873,0.21072203456621097,0.564,False,93.36004373209366,241.37129682583108
278,Nagaon,Assam,suicide,2284360.887227258,20.459637518287316,2.3363405821463075,70.43155664431082,0.2605429111125993,0.13759210129879845,0.41993847945686374,0.3315,False,68.09521606216451,467.3719571362291
279,Kokrajhar,Assam,suicide,717676.6951876233,36.701157967599,4.177897682486015,126.06790705648184,0.1851472023271371,0.12246281176089395,0.2620679701470736,0.609,False,121.89000937399582,263.3956575974536
280,Darrang,Assam,suicide,751134.3296582826,16.43514244333981,1.408605421657677,62.27467426016743,0.18033935576753804,0.11838232128148828,0.25925499968634175,0.236,False,60.866068838509754,123.44999702016436
281,Barpeta,Assam,suicide,1370099.758389359,17.379688429585997,1.3239381653242293,70.97752991185484,0.20936322356917633,0.12342249136580943,0.3173129383464586,0.263,False,69.65359174653061,238.11906918258114
282,Nalbari,Assam,suicide,624237.5261208266,23.384053020759936,1.6635871606325086,97.39858834785778,0.21690527844342308,0.15083532837774344,0.2987048442017442,0.3465,False,95.73500118722528,145.97203408357424
283,Morigaon,Assam,suicide,774532.3460467657,26.10570291676087,2.129453620013149,99.36783449241841,0.20065904251531294,0.1364144617912108,0.2833469235964351,0.4145,False,97.23838087240526,202.1971132531869
284,Kamrup,Assam,suicide,1227655.242755293,22.935898391880254,3.1334061261232713,71.45765142072763,0.205420536504445,0.1199841400775882,0.3148798955492384,0.405,False,68.32424529460435,281.57375908094485
285,Bongaigaon,Assam,suicide,597674.7951414732,21.904509643162864,1.8986197626429318,80.18790417000542,0.26516910562105606,0.19153495776570534,0.34745566102252184,0.351,False,78.28928440736249,130.91773313651788
286,Dhubri,Assam,suicide,1576903.1784179264,17.713920491013962,1.0595699866664061,76.87054348406637,0.2180523336798004,0.12761438168470252,0.33647040934940553,0.256,False,75.81097349739997,279.3313752452235
287,Kamrup Metropolitan,Assam,suicide,1014405.9009833577,27.58693441731791,3.589689409277452,102.57798593700795,0.8986760216524672,0.8043505481904492,0.9580439757313087,0.0,False,98.9882965277305,279.84349062968175
288,Kiphire,Nagaland,suicide,334888.7882692796,3.7483303498760403,0.24108309207488726,14.252684029358713,0.2973590539909338,0.2354083813551748,0.36340278637138834,0.0055,False,14.011600937283825,12.55273808902952
289,Goalpara,Assam,suicide,815595.97402033,19.069409686914327,2.494375496644041,67.5894581330846,0.24138097321142454,0.16395679442276487,0.3340700178425644,0.292,False,65.09508263644057,155.52933767591605
290,Ribhoi,Meghalaya,suicide,169484.1690194807,20.31894449174451,3.835828311783232,57.527268487615174,0.1929859762211825,0.14798859334438852,0.2439278626200555,0.3535,False,53.69144017583194,34.43739422536273
291,Dima Hasao,Assam,suicide,173203.40576036362,92.29437421103538,5.245184220624201,344.7453096595021,0.4675105042180277,0.4045813956568031,0.5332274625892055,0.705,False,339.5001254388779,159.85699945872798
292,Kamjong,Manipur,suicide,178487.12499999997,6.545549577093238,0.8104670928605631,21.676403785657364,0.343710282539856,0.28969218362639376,0.40093934534699155,0.03,False,20.8659366927968,11.682963255603378
293,West Khasi Hills,Meghalaya,suicide,251083.94736663223,27.97629069412459,3.822401707386361,83.5326514612361,0.2353797580280673,0.1811128615219456,0.29210814507010496,0.527,False,79.71024975384974,70.24397500157181
294,Peren,Nagaland,suicide,430892.5940518422,4.5131261589237734,0.6258801451000129,12.339289170077317,0.25555064712755776,0.1953182370059423,0.3258401573811609,0.0,False,11.713409024977304,19.446726379018916
295,Senapati,Manipur,suicide,269520.74999999994,5.872973235234116,1.0599088952080187,16.55598929390602,0.15953209661987447,0.11534234036162919,0.2159915932575457,0.008,False,15.496080398698002,15.82888151090225
296,East Jaintia Hills,Meghalaya,suicide,258720.68768217156,42.13579828368933,3.392928972396079,134.48089211930267,0.19117352235372578,0.14274595047698752,0.24472210356012006,0.6535,False,131.0879631469066,109.01402707993368
297,East Khasi Hills,Meghalaya,suicide,540800.1230293136,15.767321481658666,2.665049267420439,47.28962244348743,0.6448020874870967,0.5393311062280789,0.7447526890748397,0.001,False,44.624573176066995,85.26969397123746
298,Tamenglong,Manipur,suicide,79116.18749999999,4.884776245476389,0.43726827422947967,19.98745057305905,0.2380052264759528,0.1984827781290409,0.28046901911431177,0.0225,False,19.55018229882957,3.86464873332656
299,South Garo Hills,Meghalaya,suicide,93197.95902186201,21.013468716214245,1.9403749928009604,78.28413508439367,0.19559795732094062,0.15471026874748295,0.2411133717607256,0.323,False,76.34376009159271,19.584123963209148
300,Cachar,Assam,suicide,1404881.6867724047,26.567730825712825,2.521591478432953,98.33656168279245,0.30086258203647437,0.19094882435277713,0.43030563137078226,0.4295,False,95.8149702043595,373.24518496142645
301,Imphal West,Manipur,suicide,291370.49999999994,6.333342228028259,1.3415163611192729,17.219506313019412,0.7487004473956609,0.6515535932522772,0.8360964678969585,0.0,False,15.877989951900139,18.453490916517076
302,Karimganj,Assam,suicide,993977.6359402441,31.796415296608874,1.0245145750775035,157.5361944978761,0.21297669642017422,0.1379106620819475,0.3136819828682269,0.4165,False,156.5116799227986,316.049257078975
303,Hailakandi,Assam,suicide,533354.7216008477,34.80386415192025,1.2736566942249963,168.02733859135333,0.19586065234881875,0.13601253826576062,0.2666708817284702,0.445,False,166.75368189712833,185.6280527538115
304,Kakching,Manipur,suicide,178487.12499999997,5.709587311368748,1.3216447050080606,15.030778814343414,0.3430101919198041,0.29147631624601195,0.3997520156942441,0.003,False,13.709134109335354,10.190878241426875
305,Bishnupur,Manipur,suicide,133536.93749999997,8.932884228109849,1.7933422280160112,26.201069871899204,0.4830161195992513,0.4203974290020508,0.5452810138989682,0.035,False,24.40772764388319,11.928700028638403
306,Chandel,Manipur,suicide,81102.37499999999,7.574736673701056,1.013115607245731,24.614931373737264,0.20815300571332074,0.1680195384353479,0.25116685093867763,0.0425,False,23.601815766491534,6.143291342367556
307,Churachandpur,Manipur,suicide,154205.43749999997,8.016413061271747,1.1536097117062516,25.557763450858257,0.18735164680151056,0.14393398613269315,0.23675886478436484,0.047,False,24.404153739152004,12.36174483294124
308,North Tripura,Tripura,suicide,346973.5,48.12528721393854,6.139995885801862,162.07889439823995,0.3069106605434054,0.2433689347344731,0.3773842985634709,0.741,False,155.9388985124381,166.98199343125506
309,Dhalai,Tripura,suicide,189115.0,65.02268044283393,9.03300336064914,203.33383039765607,0.22965459380406827,0.18155913195909543,0.28251076964829497,0.851,False,194.30082703700694,122.9676421194654
310,Sipahijala,Tripura,suicide,459239.625,39.22822568928162,7.027202378764582,118.34599505312048,0.32723273466974373,0.25876285337749305,0.40372945686401934,0.703,False,111.31879267435589,180.1515565496106
311,Gomati,Tripura,suicide,459239.625,44.52668686001284,6.747906085376016,124.99924128939628,0.3280658771512068,0.2528285564447227,0.41104234853726435,0.762,False,118.25133520402026,204.48418976084724
312,West Garo Hills,Meghalaya,suicide,421216.35208125,22.03500826554587,3.4750431508226045,60.44061627418233,0.21845952932422916,0.15993070827323524,0.28667489089134585,0.4275,False,56.965573123359725,92.81505799693423
313,East Garo Hills,Meghalaya,suicide,208166.81564737382,22.186619627866122,1.8056177770571338,87.36544529555773,0.2470098491228576,0.19805087224481133,0.3027826576900328,0.357,False,85.5598275185006,46.185179579124124
314,Kohima,Nagaland,suicide,1212720.6176788781,3.829735405209198,1.0949774282957152,6.622154453429173,0.693220431534511,0.5500676849821569,0.8221160439441044,0.0,False,5.527177025133458,46.44399086151967
315,East Siang,Arunachal Pradesh,suicide,63767.806466991075,27.93528363899512,4.441776444452775,86.41768148893115,0.42728104964378083,0.38159669843181815,0.4761092315772796,0.512,False,81.97590504447838,17.81371760691943
316,Lohit,Arunachal Pradesh,suicide,93662.46059234324,22.757752439836757,3.78666621724304,66.70341447790211,0.3422767035958689,0.30071572332542,0.3856124894746084,0.4075,False,62.91674826065908,21.315470910665134
317,Kurung Kumey,Arunachal Pradesh,suicide,59180.000284785114,27.375604769333076,3.917309814756332,90.58799642600702,0.16805026994203287,0.12889686645337073,0.20847295613912184,0.4695,False,86.67068661125069,16.200882980452963
318,Lower Subansiri,Arunachal Pradesh,suicide,53365.86541167848,27.242499430469834,3.2753419312582834,99.36220165920588,0.3162057269847849,0.27913265523204656,0.3546265060869774,0.445,False,96.0868597279476,14.53819558084181
319,East Kameng,Arunachal Pradesh,suicide,50576.417550824764,26.266275593432997,3.956214025097625,83.15042433363001,0.3549460103288231,0.3184677081895991,0.3927377002417003,0.475,False,79.19421030853239,13.284541219185048
320,West Kameng,Arunachal Pradesh,suicide,53955.24875002016,23.464401039355543,3.225097950998163,76.14414266394046,0.35052922600078584,0.3128836693537468,0.3892603374576815,0.403,False,72.9190447129423,12.660275948486598
321,West Jaintia Hills,Meghalaya,suicide,258720.68768217156,30.954044625360773,4.358862369982619,90.53170757554447,0.1908558589046091,0.14152903313510237,0.24673338020476404,0.582,False,86.17284520556186,80.08451712017965
322,South West Khasi Hills,Meghalaya,suicide,251083.94736663223,31.50730884942308,2.558940998003696,107.23214116719213,0.23499347207801416,0.1850034428855172,0.29359827343086287,0.539,False,104.67320016918843,79.1097947681277
323,North Garo Hills,Meghalaya,suicide,93197.95902186201,25.33385837462062,1.7322285482972415,108.11749775869139,0.19564870818517263,0.15474660049541364,0.24178786361555796,0.401,False,106.38526921039414,23.610638946635483
324,South West Garo Hills,Meghalaya,suicide,421216.35208125,19.978473680578013,1.2393620455842402,78.3848735943409,0.2181986551323751,0.16099064251679057,0.28555811754893523,0.3135,False,77.14551154875666,84.15259803884334
325,Khowai,Tripura,suicide,459239.625,53.171124182721776,10.446306664759053,138.366851796661,0.32750382770507025,0.25435505494987454,0.40922179144593224,0.854,False,127.92054513190195,244.18287130501582
326,West Tripura,Tripura,suicide,862869.5,46.397484622968555,6.220308579946544,125.66630561201859,0.5473104505575469,0.4261731672563623,0.6624711438872104,0.1745,False,119.44599703207204,400.34974357878565
327,South Tripura,Tripura,suicide,438000.5,48.27931623194881,5.4071187516133055,152.6253113333272,0.2601680771098029,0.1989455196156885,0.3332375645869312,0.727,False,147.2181925817139,211.46364649251694
328,Unokoti,Tripura,suicide,459239.625,52.98816971032681,5.43576120934518,172.7277338991275,0.3283524377232935,0.2525448514125347,0.40919028701424226,0.74,False,167.2919726897823,243.34267187206842
329,Charaideo,Assam,suicide,945623.5151515151,75.54543612850857,6.363205174861109,269.92247584069366,0.2535773839557764,0.16913968510383665,0.35724659643167817,0.822,False,263.55927066583257,714.3754086549454
330,Majuli,Assam,suicide,945623.5151515151,66.9234266385576,2.211316889953467,287.6137000994425,0.25312571207182155,0.16883124717155848,0.35160296234641275,0.705,False,285.402383209489,632.8436594393738
331,Biswanath,Assam,suicide,945623.5151515151,48.205274168722696,8.10860039915825,147.7126691188603,0.2532414503813001,0.16880129111026715,0.356358646344877,0.7885,False,139.60406871970204,455.8404080827009
332,Hojai,Assam,suicide,945623.5151515151,23.55751189565283,1.9374584647523168,93.37144789925215,0.2522383771492174,0.16793439595011284,0.34992795168862684,0.3695,False,91.43398943449984,222.7653720699086
333,South Salmara Mankachar,Assam,suicide,1404881.6867724047,18.333299717687943,0.7912274535631773,89.14314592936931,0.2994334793931525,0.19103754189498284,0.4287749882613334,0.247,False,88.35191847580613,257.56117031489487
334,Karbi Anglong,Assam,suicide,773634.3825508899,63.24221851905731,5.328444074709687,224.84047369523793,0.2418517899941286,0.16464840000871667,0.3339356959138583,0.783,False,219.51202962052824,489.2635467513935
335,West Karbi Anglong,Assam,suicide,773634.3825508899,79.13063110615971,4.798081777188788,293.85688842453857,0.24162887753743992,0.16631982862267858,0.33081060004688206,0.83,False,289.0588066473498,612.181769366761
336,Kra Daadi,Arunachal Pradesh,suicide,55349.079999999994,20.459981806181087,1.9687455956645281,83.09842503714577,0.3403101943841743,0.30368458621468614,0.3790316440480263,0.3075,False,81.12967944148124,11.324411697888614
337,Namsai,Arunachal Pradesh,suicide,55349.079999999994,34.68723870137284,3.698044032717112,125.58642904237985,0.3404566283600594,0.30348444575091255,0.37988354476598474,0.5705,False,121.88838500966274,19.199067498613815
338,Longding,Arunachal Pradesh,suicide,55349.079999999994,28.325812242830004,3.257601208676739,98.92722625340024,0.3404771531392242,0.3030867500137201,0.37980772738385293,0.489,False,95.66962504472349,15.67807647893377
339,Imphal East,Manipur,suicide,256563.56249999994,6.229267298852178,0.9346024461835656,19.066118322097154,0.5267768227504688,0.44159748527392034,0.6093262327926516,0.0045,False,18.13151587591359,15.982030099582666
340,Jiribam,Manipur,suicide,178487.12499999997,6.126212913036081,1.0619508331823604,18.684965585295572,0.34400012353715953,0.29097826242918745,0.3990532354395596,0.018,False,17.62301475211321,10.93450129985685
341,Kangpokpi,Manipur,suicide,178487.12499999997,5.443874779072306,1.7436870469734462,11.871176670023965,0.3435054353708313,0.28567093471556426,0.4011900100047093,0.0015,False,10.127489623050518,9.71661558176626
342,Thoubal,Manipur,suicide,237469.49999999994,5.8253910224606935,1.1981282603583772,15.871313218444314,0.46604392588533,0.3937725719744147,0.5407879119883132,0.0085,False,14.673184958085937,13.833526934082293
343,Tengnoupal,Manipur,suicide,178487.12499999997,5.8146881637126215,1.2751832312953502,15.643298977155068,0.34343226125390913,0.2924272595398618,0.3978765245844201,0.0065,False,14.368115745859718,10.37846973112595
344,Ukhrul,Manipur,suicide,103498.87499999999,5.373595166135722,0.5458104859699338,21.01146639453485,0.23075674845032046,0.18831044286887438,0.2761619074511062,0.021,False,20.465655908564916,5.561610544004853
345,Noney,Manipur,suicide,178487.12499999997,5.740277476324642,1.300054715713551,14.886500727319964,0.34380332181821777,0.2936966689809057,0.39918318078225984,0.005,False,13.586446011606412,10.245656234514408
346,Pherzawl,Manipur,suicide,178487.12499999997,5.958148054879667,1.2222839094521332,16.464832366268976,0.3434738702125967,0.28967143214735885,0.3975520862402252,0.01,False,15.242548456816841,10.634527166398138
347,Upper Siang,Arunachal Pradesh,suicide,22701.220839943202,36.58655268780792,5.561119713130397,122.35718383722627,0.2905032389917978,0.25736865776213474,0.3244009855608504,0.648,False,116.79606412409588,8.305594123381452
348,Lower Siang,Arunachal Pradesh,suicide,34758.83417395607,22.089996753489906,4.794843660051597,62.340836009129625,0.33653785707366585,0.3019606076842915,0.3720600882584453,0.397,False,57.54599234907803,7.678225340577836
349,Upper Dibang Valley,Arunachal Pradesh,suicide,5144.410294532995,49.6814489995357,3.619488424148084,223.69279807586767,0.4699060979630513,0.423551178615697,0.5188241410351752,0.55,False,220.0733096517196,2.555817576805274
350,Lower Dibang Valley,Arunachal Pradesh,suicide,34758.83417395607,22.520079137638753,4.115588195537456,66.17945065483192,0.33657653032799156,0.3040440830182343,0.37246513656610236,0.397,False,62.06386245929447,7.82771696329553
351,Siang,Arunachal Pradesh,suicide,72161.85924642648,31.66754078337497,5.483244034438432,85.73435652003516,0.36779184735871967,0.3253266473068472,0.4103240677336205,0.6135,False,80.25111248559674,22.85188620690375
352,Shi Yomi,Arunachal Pradesh,suicide,55349.079999999994,26.82261069868632,4.394113136823101,83.04143942185011,0.34008349038516755,0.30125905866273145,0.3771355225922213,0.486,False,78.64732628502702,14.846068253704448
353,Pakke Kessang,Arunachal Pradesh,suicide,55349.079999999994,26.87292176464601,4.719276878580258,83.25379310110138,0.34026790811079594,0.3022202257993262,0.38036255173308964,0.511,False,78.53451622252112,14.87391496585133
354,West Siang,Arunachal Pradesh,suicide,72161.85924642648,22.597132322571017,3.6457963041174772,69.15331761803013,0.3678114001136432,0.32687336332962247,0.408333965025162,0.404,False,65.50752131391265,16.30651082034244
355,Lepa Rada,Arunachal Pradesh,suicide,55349.079999999994,27.919393182228436,3.4618697715690594,91.99940654857548,0.34022982963919585,0.30475832422287896,0.37829153708900876,0.5005,False,88.53753677700642,15.453127267946163
356,Kamle,Arunachal Pradesh,suicide,55349.079999999994,23.925521293613443,5.77042964389955,60.60424458319888,0.3403430214937727,0.3021567878315986,0.37873672895476046,0.483,False,54.83381493929933,13.242555921219138
357,North and Middle Andaman,Other Union Territories,suicide,105597.0,51.26918051923797,46.86609678817107,56.30550482625599,0.797855899230686,0.7362022141622401,0.8461021156591876,0.0,True,9.43940803808492,54.138716552899716
358,South Andaman,Other Union Territories,suicide,238142.0,51.26918051923797,46.86609678817107,56.30550482625599,0.797855899230686,0.7362022141622401,0.8461021156591876,0.0,True,9.43940803808492,122.09345187212368
359,Nicobars,Other Union Territories,suicide,36842.0,51.26918051923797,46.86609678817107,56.30550482625599,0.797855899230686,0.7362022141622401,0.8461021156591876,0.0,True,9.43940803808492,18.888591486897653
360,Amroha,Uttar Pradesh,suicide,2664164.546666667,10.106416871163999,1.711617263702053,32.89105956351227,0.29496483154400516,0.1510985797212781,0.48404336861440067,0.0835,False,31.17944229981022,269.2515752198899
361,Churu,Rajasthan,suicide,2035714.9872674257,17.72556251678734,3.2993410251895687,50.37008786587957,0.39825062339415057,0.24057125472817334,0.5635782550872915,0.242,False,47.07074684069,360.84193273169694
362,Hapur,Uttar Pradesh,suicide,2463647.2185003962,12.384446714392986,1.6451186746096493,42.96930592308884,0.21557200663939383,0.11098172662879925,0.3542210176998592,0.134,False,41.32418724847919,305.1090770058065
363,Delhi,Delhi,suicide,16787941.0,19.948373530028018,18.928695974072035,22.043082315621696,0.9483120463873395,0.8596437567805733,0.9892707487711434,0.0,False,3.114386341549661,3348.921178680721
364,Jhajjar,Haryana,suicide,922452.9615350218,26.248940792363104,5.088305898787692,76.98336459997904,0.3614185522200244,0.25643316405648486,0.4739886497859984,0.494,False,71.89505870119135,242.13413171072787
365,Bareilly,Uttar Pradesh,suicide,4162665.669948758,14.639098144291562,1.7182084840602179,51.22070932848604,0.4284646795730951,0.22800901546204907,0.654110511906368,0.1565,False,49.50250084442582,609.3767128425305
366,Pilibhit,Uttar Pradesh,suicide,1900566.7290624739,13.822027400204355,1.9171386096882301,49.06267785032368,0.281525578549707,0.1605187330677897,0.4317587004010224,0.1725,False,47.14553924063545,262.6968540501828
367,Bulandshahr,Uttar Pradesh,suicide,3274438.730098058,14.294832604448466,2.00518142575479,48.39316085459178,0.3274756414190135,0.16184073890200384,0.52571611870782,0.1805,False,46.387979428836985,468.07553520274547
368,Gautam Buddha Nagar,Uttar Pradesh,suicide,1542265.750275011,14.001464381588084,2.7165860471133554,42.01003224161744,0.7807842112263427,0.6326812057219401,0.8896755869104485,0.0,False,39.293446194504085,215.93978969418788
369,Lakhimpur Kheri,Uttar Pradesh,suicide,3762980.952441508,39.914821346283034,2.7297398394114403,152.96026488955965,0.21459417841730805,0.08992145680175152,0.39653872567359627,0.5775,False,150.2305250501482,1501.9871244616877
370,Jhunjhunu,Rajasthan,suicide,2133029.802679181,21.6163439890044,2.896260488948669,69.098454337442,0.3222163544477651,0.18101880183597813,0.48144906831519285,0.347,False,66.20219384849334,461.0830595351136
371,Gurugram,Haryana,suicide,1152339.1818181819,30.949228855329814,6.278256302351018,83.6679516515321,0.44404108450253077,0.3180058844357037,0.5728751157701268,0.475,False,77.3896953491811,356.64009057054426
372,Faridabad,Haryana,suicide,1741845.6346092306,29.783035752920938,25.87481987753889,35.27676456024878,0.8773854009292297,0.7612137462588736,0.9497761225391949,0.0,False,9.401944682709889,518.7745081163597
373,Mahendragarh,Haryana,suicide,887498.2981056079,26.656116208605944,5.347674266640205,75.59926357988782,0.2556103251703061,0.17353477702052333,0.3566604011725464,0.5125,False,70.25158931324762,236.57257769243083
374,Rewari,Haryana,suicide,866558.4171250664,33.136818996609435,6.1614581779592665,94.35676776813654,0.3466196311379578,0.2490947112779036,0.45564744369394683,0.635,False,88.19530959017727,287.14989418261706
375,Budaun,Uttar Pradesh,suicide,3445428.3207631516,11.777315516246842,2.2087283375059266,35.97221674005786,0.25898306844191604,0.12088215819177843,0.4540853161416483,0.1215,False,33.763488402551936,405.7789642224017
376,Jaisalmer,Rajasthan,suicide,668660.3194509401,24.5108952096811,3.61401938767721,82.31665491510378,0.2542817118395487,0.1833127769651823,0.33869738441573005,0.411,False,78.70263552742657,163.8946302093388
377,Bahraich,Uttar Pradesh,suicide,3263733.4575999943,15.384586979605762,1.3936898251301064,57.201538355712835,0.18629809292908422,0.07673443079799425,0.34840548890764134,0.223,False,55.80784853058273,502.1119125669657
378,Nuh,Haryana,suicide,1152339.1818181819,29.909796619497328,5.866072527903795,83.54390383134943,0.4444840503958369,0.3170009783839791,0.5881921648155225,0.4715,False,77.67783130344563,344.66230564859774
379,Shahjahanpur,Uttar Pradesh,suicide,2813444.804701329,14.815385844209239,2.1473551422200603,50.083159301703844,0.2848092828038912,0.1538568649291179,0.457325487219817,0.1965,False,47.93580415948379,416.822703330361
380,Sikar,Rajasthan,suicide,2672302.679960628,20.824465671831558,3.6784111104372363,61.52429889223503,0.34098464470029544,0.1888474970252546,0.5274817362025588,0.3345,False,57.84588778179779,556.4927542358357
381,Palwal,Haryana,suicide,1003593.5566031683,29.534797089246197,6.078488135427664,86.08067599450457,0.343182781921543,0.237421930167793,0.4604345132765822,0.571,False,80.00218785907691,296.4093205434949
382,Alwar,Rajasthan,suicide,3667275.751038463,20.9648040780034,4.293687563491435,57.7906643791612,0.300761015697822,0.14768047894688113,0.5131677814353549,0.3685,False,53.49697681566977,768.8371762053415
383,North Sikkim,Sikkim,suicide,152644.25,104.12227742808876,20.626546816206353,249.78870983734078,0.36860794731939156,0.3202689632043475,0.4210866696680577,0.973,False,229.16216302113443,158.9366694630254
384,Aligarh,Uttar Pradesh,suicide,3437935.5657900753,13.624227234409243,2.385523324651225,45.21680212585623,0.39433258826078726,0.21635364180270594,0.6066929787041987,0.136,False,42.83127880120501,468.392153655813
385,Kasganj,Uttar Pradesh,suicide,2664164.546666667,13.171923635439601,2.0426169178645295,44.5424171825306,0.2952572308621651,0.152845523853506,0.47934026279216657,0.152,False,42.49980026466607,350.921719609389
386,Mathura,Uttar Pradesh,suicide,2383592.5544324904,12.497979910897874,2.268946948581206,39.54447565208792,0.3889139810135938,0.22438917308278097,0.5641235442588851,0.127,False,37.27552870350671,297.90091861063013
387,Jaipur,Rajasthan,suicide,6613728.373458272,27.083570850993503,20.418666744789803,40.01976097871401,0.7002315308147383,0.4605361386040341,0.8853160069971826,0.055,False,19.601094233924208,1791.2338099178314
388,Shrawasti,Uttar Pradesh,suicide,1045599.1244500758,13.057099009495062,1.0752321809657415,56.41703101049783,0.15630375388299847,0.0918983646641592,0.24262907361659025,0.1595,False,55.34179882953209,136.52491292185988
389,Jodhpur,Rajasthan,suicide,3680237.352229636,39.00181180871579,25.129592678067922,63.521653318790364,0.49170515043100455,0.2918617646342878,0.7024468153424424,0.532,False,38.39206064072244,1435.3592462306678
390,Sitapur,Uttar Pradesh,suicide,4196010.16076375,12.247120096101723,1.599608937206265,43.22329883742415,0.20560957988332149,0.08231592244180565,0.39359681458390766,0.1405,False,41.62368990021789,513.8904036333674
391,Bharatpur,Rajasthan,suicide,2543673.8098614635,19.529190970177744,4.171748506702777,55.849202123755475,0.302520443880073,0.16358015639872286,0.4721765118932865,0.3325,False,51.6774536170527,496.75891598624116
392,Hathras,Uttar Pradesh,suicide,2664164.546666667,13.700920547237114,2.155927053107424,47.534356217285946,0.29236473984515304,0.15693475263924864,0.4639029530827259,0.1595,False,45.37842916417852,365.01506778645984
393,Nagaur,Rajasthan,suicide,3301528.2310870583,17.919611525020418,3.4135322519933387,53.44358133695385,0.2868328742614707,0.1403385043661209,0.4784071978790184,0.277,False,50.03004908496051,591.6210333996793
394,Etah,Uttar Pradesh,suicide,1660515.0299269175,12.685275254711271,2.3144750632447257,40.88183752688822,0.2581300270137274,0.1547513688028587,0.3918603811852455,0.132,False,38.56736246364349,210.64090219208072
395,Hardoi,Uttar Pradesh,suicide,3829984.354662343,12.739093604205442,2.354984760765581,40.19686968096511,0.21858311470931754,0.09089606828422435,0.3948832604099466,0.15,False,37.841884920199526,487.90529196685964
396,Farrukhabad,Uttar Pradesh,suicide,1764127.8439195396,14.68407632876704,2.648506728665211,44.21934270210081,0.3176131922517885,0.18650598898834772,0.4743542143040948,0.184,False,41.5708359734356,259.04587913817744
397,West Sikkim,Sikkim,suicide,152644.25,108.83713239086426,21.529958245197417,264.4296428205756,0.3691490256310111,0.31969678435858623,0.4218402212876114,0.977,False,242.89968457537822,166.1336244595418
398,South Sikkim,Sikkim,suicide,152644.25,110.57094659797907,31.091063391373886,240.48136384591388,0.36829026754633754,0.3174953003208532,0.4223781306763402,0.9935,False,209.39030045453998,168.78019215238567
399,East Sikkim,Sikkim,suicide,152644.25,96.05621196152049,17.80604544617632,246.95238615233532,0.36888392825493244,0.31720349790232544,0.4243789789225837,0.9625,False,229.146340706159,146.62428432707324
400,Firozabad,Uttar Pradesh,suicide,2337713.349883971,15.78847536195442,2.0326494139319187,54.717437047521955,0.4376209817642572,0.26491825985962575,0.6280515098167132,0.1615,False,52.684787633590034,369.08929627955
401,West Champaran,Bihar,suicide,3995256.9749684567,3.445489410117604,0.3207639616404502,11.753627633002065,0.17094611675083649,0.07046199691961547,0.3206304086125237,0.0025,False,11.432863671361615,137.65615597952313
402,Siddharthnagar,Uttar Pradesh,suicide,2394927.603887826,10.981668798112604,1.6937028530796756,38.96664741193376,0.1762862193102092,0.08715753530175607,0.31225632745349585,0.1045,False,37.27294455885408,263.00301741353525
403,Mainpuri,Uttar Pradesh,suicide,1748523.7863229301,13.625911576609612,2.124301720742863,44.357176890634435,0.2685671189163082,0.14942168022097657,0.41422658654399613,0.1545,False,42.23287516989157,238.25230502034887
404,Maharajganj,Uttar Pradesh,suicide,2512279.4747700086,13.606495820011908,1.4898668493127682,51.078345023256254,0.16889681014224805,0.08211426334753762,0.30172307177673047,0.18,False,49.588478173943486,341.83320172159836
405,Agra,Uttar Pradesh,suicide,4135002.272607171,16.273863913282234,10.67024476473661,27.032098605670466,0.542342452547479,0.31461369820832674,0.7651795820127693,0.119,False,16.361853840933854,672.9246426552187
406,Gonda,Uttar Pradesh,suicide,3213377.502734103,12.221917389352496,1.7013867962973799,40.589139063144465,0.1783712353654008,0.07951026268514375,0.31881037633222087,0.139,False,38.88775226684709,392.73634379220033
407,Barabanki,Uttar Pradesh,suicide,3051282.458842968,11.33996330131693,1.897240030956868,34.294066191436826,0.20505637551286576,0.09639295215187073,0.3560152471100754,0.11,False,32.39682616047996,346.0143110523134
408,Darjeeling,West Bengal,suicide,1421462.944529197,27.600000656721736,4.307622569747456,90.27127324129856,0.5298441159715078,0.3790396609965918,0.6736826844837268,0.183,False,85.96365067155111,392.3237820251145
409,Dausa,Rajasthan,suicide,1631338.182755664,19.809523252076808,3.6708630632537256,61.1382894947819,0.23822321889874398,0.13862748873417136,0.36672287535737474,0.323,False,57.467426431528175,323.1603166329905
410,Kushinagar,Uttar Pradesh,suicide,3335613.1863057427,12.801126702869155,1.5895303721641025,46.19912263945866,0.16692924075152393,0.0717075210848626,0.30943238674653717,0.1505,False,44.60959226729455,426.9960702966091
411,Kannauj,Uttar Pradesh,suicide,1550220.7783786857,14.426533645495423,2.9622544189891267,43.46529793208472,0.2698949045069004,0.16413405818406565,0.39574444963973465,0.1755,False,40.50304351309559,223.64312217226214
412,Lucknow,Uttar Pradesh,suicide,4295058.261535606,10.100273454062322,7.705165366410101,14.376515100306484,0.7598461116187318,0.5314462970545963,0.9168956567101375,0.0005,False,6.671349733896383,433.8126294263915
413,Jalpaiguri,West Bengal,suicide,2980852.566200509,46.09973424095594,4.298962461297309,165.48480480490957,0.3833016361335784,0.20853298577578,0.58485603961463,0.585,False,161.18584234361225,1374.16511113315
414,Basti,Uttar Pradesh,suicide,2306185.199446492,13.208761396464354,1.8879633508478044,46.67446716726896,0.1698245053849078,0.08160075041265473,0.2937770356224408,0.159,False,44.78650381642115,304.6185003554627
415,Gorakhpur,Uttar Pradesh,suicide,4155681.0411091126,13.8767283543722,2.1444226333498944,44.75376818786294,0.2711307188220748,0.12186804494493386,0.4779451998282748,0.181,False,42.60934555451304,576.6725693488581
416,Sant Kabir Nagar,Uttar Pradesh,suicide,1605026.346070477,12.203974382916146,1.6955310391623937,41.79958356259339,0.18468561393175217,0.10179458124148874,0.30008000550226244,0.123,False,40.104052523430994,195.87700411349607
417,Karauli,Rajasthan,suicide,1455508.1637014244,18.949441014590114,3.1090330834797766,58.58338605679017,0.2535575103681149,0.1529736419035557,0.3730384823508472,0.3045,False,55.47435297331039,275.81066094314514
418,East Champaran,Bihar,suicide,3995256.9749684567,2.843359125120396,0.38999272472650487,8.781514238467889,0.17113916794847356,0.07126895130714217,0.3229981456172179,0.0005,False,8.391521513741385,113.5995037697747
419,Unnao,Uttar Pradesh,suicide,2908733.8950164793,16.55860182619053,2.6916358885754286,57.298367693455475,0.25296948161786076,0.12685224880395016,0.421778114617499,0.233,False,54.60673180488005,481.64566385922166
420,Etawah,Uttar Pradesh,suicide,1480219.1512379386,14.003122041691853,3.048074277283445,42.561601489484275,0.3304439332137036,0.20960909648776624,0.47174448288048026,0.1695,False,39.51352721220083,207.27689423234386
421,Dholpur,Rajasthan,suicide,1333041.6935525378,21.46896092575276,3.0119318566032773,71.61271307820226,0.2920626315546564,0.17949144316336882,0.4210867618517268,0.3565,False,68.60078122159898,286.19020031278717
422,Kanpur Nagar,Uttar Pradesh,suicide,4287038.664917739,32.74861366195987,26.521027183166883,44.53517911706111,0.7672316414242928,0.5570289360778165,0.9171545525975534,0.008,False,18.01415193389423,1403.9457299127528
423,Auraiya,Uttar Pradesh,suicide,1290944.5059738792,13.60937749805194,1.673889737596234,48.950952955664,0.2748524891982035,0.17887066404329882,0.3923274733227128,0.173,False,47.27706321806777,175.6895111083469
424,Morena,Madhya Pradesh,suicide,1867019.7859818377,40.125474363992375,7.113467935065149,137.05062661328446,0.3281234348963551,0.19308608222884063,0.49024705822111403,0.668,False,129.9371586782193,749.1505455948076
425,Barmer,Rajasthan,suicide,2598858.929856751,20.73450915421988,3.4509772920915145,65.29576673570308,0.2005642786255506,0.09630144973026357,0.3486685287379669,0.356,False,61.84478944361157,538.8606427164088
426,Ayodhya,Uttar Pradesh,suicide,2664164.546666667,13.102674818297604,2.276761640267101,41.36179372986497,0.2915375575044418,0.15480980158638627,0.4611288477062632,0.155,False,39.08503208959787,349.0768171741059
427,Kanpur Dehat,Uttar Pradesh,suicide,1680825.1028550619,17.061559641765875,2.756154767568646,55.220841514848196,0.2031777011361462,0.11315239793671934,0.31764600734949483,0.239,False,52.46468674727955,286.77497739738897
428,Bhind,Madhya Pradesh,suicide,1617290.2082056182,40.31816315597207,7.7330842254998124,123.54224944623257,0.34208597622324344,0.21971758190183932,0.4897646062313381,0.695,False,115.80916522073277,652.0617048499015
429,Sawai Madhopur,Rajasthan,suicide,1333041.6935525378,19.50859757019788,3.353647625141731,61.18783406583126,0.2931544428759309,0.18503456391021547,0.42662891067203784,0.3145,False,57.83418644068953,260.0577394381151
430,Deoria,Uttar Pradesh,suicide,2901789.5045262584,11.406408544026814,1.6962752240924865,35.28143945388235,0.20036098575060698,0.09168056391117255,0.3543701457061867,0.1175,False,33.58516422978986,330.9899659739565
431,Sitamarhi,Bihar,suicide,3461167.900807432,1.7757174701696745,0.19870780895477544,6.386173816973861,0.15612686664404118,0.0656374847633154,0.3028040346152954,0.0,False,6.1874660080190855,61.460563086542564
432,Tonk,Rajasthan,suicide,1418655.5347794688,20.24721797162371,3.9524195714573325,63.248232050209225,0.3050592910999915,0.19673017097944587,0.43804744367126,0.3385,False,59.29581247875189,287.23827839330306
433,Sheohar,Bihar,suicide,663452.1673062344,2.145072684646159,0.21346549480483099,8.028641774387603,0.16279101230536866,0.10657417307728247,0.23485019426114265,0.001,False,7.815176279582772,14.231531216578968
434,Sultanpur,Uttar Pradesh,suicide,3553249.317485126,12.836804706112488,1.7659138963255376,45.01832179790192,0.16687916991780055,0.06974947193106117,0.32449861480175696,0.1565,False,43.25240790157638,456.1236756068406
435,Pali,Rajasthan,suicide,2033744.6961268608,18.01491489919147,4.420796019452402,47.44078507189581,0.3029281529317728,0.17383565192300593,0.46600809491376494,0.285,False,43.01998905244341,366.37737627407415
436,Gopalganj,Bihar,suicide,2590145.1804118883,1.9360612524707779,0.29722495207205213,6.254062912548245,0.16942188608332126,0.08192069409733627,0.3026686474391701,0.0,False,5.956837960476193,50.14679722069389
437,Ambedkar Nagar,Uttar Pradesh,suicide,2243885.005230488,13.788415065220283,2.2243450822321202,47.49343166840705,0.2139141687619161,0.1131581644096151,0.3513035033052676,0.165,False,45.26908658617493,309.39617810741953
438,Rae Bareli,Uttar Pradesh,suicide,3186838.9076252664,15.026934340131996,2.591801615585673,46.62401913589706,0.1921529258897839,0.08791216658284638,0.3520751234943059,0.2,False,44.032217520311384,478.88419017462854
439,Jalaun,Uttar Pradesh,suicide,1581436.3797764485,13.178105796798583,2.12588900382444,42.35111082553802,0.31812739078379043,0.20232723039633144,0.45539217141471355,0.1485,False,40.22522182171358,208.40335923600182
440,Azamgarh,Uttar Pradesh,suicide,4317587.058335508,14.144440290485656,1.8192522355604719,48.533497371078894,0.18163889969986213,0.06783591511563393,0.3556201399790222,0.187,False,46.714245135518425,610.6985234560021
441,Gwalior,Madhya Pradesh,suicide,1929760.5852720994,36.19507843842613,29.436319653421485,47.28200548577983,0.7415524871163709,0.5806870548972861,0.8688598321892764,0.0025,False,17.845685832358342,698.4783575130675
442,Sheopur,Madhya Pradesh,suicide,653239.9258408077,49.78213903173189,8.491760068295584,155.33477497715555,0.2434593321992424,0.17363057468582896,0.32690652278295934,0.816,False,146.84301490885997,325.1968080928532
443,Mau,Uttar Pradesh,suicide,2064290.9582175184,12.788433751595308,2.201544009931001,40.203441378999806,0.3036603876836134,0.17230231687591982,0.466320138409581,0.1365,False,38.00189736906881,263.9904816318193
444,Fatehpur,Uttar Pradesh,suicide,2463647.2185003962,18.55951885923175,3.3929962174041366,58.059069926724206,0.21649029833785927,0.11229063646632582,0.3624452532537232,0.278,False,54.66607370932007,457.2410701425195
445,Ballia,Uttar Pradesh,suicide,3031701.355082305,11.085738921830343,1.723716256520774,36.36212313101324,0.2000312743426599,0.0941646930283285,0.3581020157877775,0.1125,False,34.63840687449247,336.08649711401705
446,Jaunpur,Uttar Pradesh,suicide,4205566.300864294,14.666128360979872,2.555456111472587,44.19989494706456,0.18000571996428993,0.07227196595148676,0.34336943598009273,0.1985,False,41.64443883559197,616.7937519908704
447,Bhilwara,Rajasthan,suicide,2403997.734927561,18.483051076174522,3.5144872954147637,56.705889450866174,0.3034927541870297,0.16883149784787538,0.48097207424021143,0.288,False,53.191402155451414,444.3321292167397
448,Samastipur,Bihar,suicide,4308361.801547834,1.7427757361097889,0.22738778280986194,5.555093030378831,0.13736434278487167,0.053352294906705004,0.2736817209705541,0.0,False,5.32770524756897,75.08508410119822
449,Jalore,Rajasthan,suicide,1825294.0818061852,18.584732069662838,3.1132444329447253,59.44696679718297,0.20574838040863574,0.11403987575524153,0.3295508837455735,0.2945,False,56.33372236423824,339.2260145870919
450,Bundi,Rajasthan,suicide,1108818.7688958906,20.781054318289478,3.647405684914258,64.03425915981425,0.29885489378602803,0.19997404845445108,0.4200977260482559,0.3425,False,60.38685347489999,230.4242306556437
451,Katihar,Bihar,suicide,3104751.6417780793,1.8857112415124342,0.24739498705801263,6.287730888941905,0.181455515743448,0.08600921767513554,0.3257620217471106,0.0,False,6.040335901883892,58.5466507300511
452,Jhansi,Uttar Pradesh,suicide,1870243.8575565952,10.759280490994282,2.226792305645451,31.589514330984194,0.486934174073593,0.32778950308678595,0.6468782906455021,0.0575,False,29.362722025338744,201.22478250010565
453,Shivpuri,Madhya Pradesh,suicide,1639175.3188471599,46.401229864389116,10.257203848067087,139.88166298897488,0.25331983873225117,0.14460922476601246,0.3889072296561455,0.802,False,129.6244591409078,760.5975075786039
454,Kota,Rajasthan,suicide,1947348.3279221167,23.274604644051323,18.382463927187036,30.442562292826032,0.7359069966504056,0.579580860039642,0.8656357175231871,0.003,False,12.060098365638996,453.23762436641675
455,Banda,Uttar Pradesh,suicide,1683843.9148374705,12.659654734616682,1.911742482697654,39.70850531403445,0.24367559249595905,0.13779937950544766,0.37479597148383575,0.1395,False,37.79676283133679,213.16882588827673
456,Ghazipur,Uttar Pradesh,suicide,3387758.344057674,13.30550634601687,2.275497894747294,43.95537731179588,0.18226383400207097,0.08228394066594752,0.336012161012457,0.1605,False,41.67987941704858,450.7584014563098
457,Kaushambi,Uttar Pradesh,suicide,1496862.8554906098,14.522667163006155,2.3932619502467345,47.178564349625844,0.18823694945933755,0.10461528301184891,0.2994890889720409,0.187,False,44.78530239937911,217.38441038957106
458,Khagaria,Bihar,suicide,1685189.8973135375,1.6190521575848982,0.2724074738402752,5.089937057414809,0.16537594243053144,0.0896848716040161,0.267219722392725,0.0,False,4.817529583574534,27.284103391857556
459,Bhojpur,Bihar,suicide,2758367.3461529687,3.105319278719669,0.5390201046408911,9.293218798347421,0.22361365797137175,0.10612534727016631,0.37953816995024253,0.0005,False,8.754198693706531,85.65611297799624
460,Prayagraj,Uttar Pradesh,suicide,4135002.272607171,21.91049951228831,14.399742696424568,35.67817691327997,0.5471857616882952,0.31955158189683597,0.7707590237747985,0.315,False,21.278434216855402,905.9996527727047
461,Buxar,Bihar,suicide,1725089.2692486166,2.560061194711524,0.3980537122042907,7.85240937776392,0.20011230718302914,0.11214612625758884,0.3204032547282641,0.001,False,7.454355665559629,44.16334095616644
462,Dakshin Dinajpur,West Bengal,suicide,1290196.309447968,41.015262788224824,2.7503050503746227,164.1693180474166,0.24613127758847594,0.1531491487171151,0.36112616945131254,0.55,False,161.41901299704196,529.1774068040625
463,Malda,West Bengal,suicide,3070134.690206135,25.303690361794818,2.6371908925884324,95.80365074163491,0.2348556060407405,0.10778544006132218,0.4087065636345331,0.417,False,93.16645984904648,776.857375699809
464,Tikamgarh,Madhya Pradesh,suicide,1372428.6311735318,51.443205037713014,6.222917479632224,187.95070606950947,0.2555436685721515,0.16012889164266042,0.37469702765510954,0.7205,False,181.72778858987724,706.021274730878
465,Varanasi,Uttar Pradesh,suicide,3440697.975266848,26.327157877162758,18.236209742807784,39.89350704058139,0.5362787918658485,0.34221939641551347,0.7256126659952155,0.375,False,21.657297297773606,905.8379880248455
466,Darbhanga,Bihar,suicide,3980621.0045761154,1.6231022298148667,0.21780124098277648,5.513094416578933,0.170215052133219,0.07008365018183431,0.3282228496818055,0.0,False,5.295293175596156,64.60954828575387
467,Saharsa,Bihar,suicide,1921531.9556453445,1.7876996798565117,0.2215383036113586,5.940384417598263,0.18248993796313498,0.0977980915834794,0.3016615151198524,0.0,False,5.7188461139869045,34.35122061941239
468,Sirohi,Rajasthan,suicide,1034398.8563120378,23.123720423620995,4.167943636952574,69.98269871839292,0.31547370981531336,0.21808556432902437,0.4257059085674376,0.409,False,65.81475508144035,239.19149959872865
469,Chitrakoot,Uttar Pradesh,suicide,928036.7040650905,12.801083673358068,2.5256286063055526,40.08045043778644,0.20318682764333099,0.1326334578771342,0.2915715048309936,0.134,False,37.554821831480886,118.79875500684663
470,Chandauli,Uttar Pradesh,suicide,1827341.3550899236,18.55962496759346,2.9717066151882285,61.807892326147964,0.2226238561426269,0.11965827154604226,0.3697604312354566,0.2855,False,58.83618571095974,339.1477023824301
471,Bhadohi,Uttar Pradesh,suicide,1476853.1665197974,16.399135459979895,2.0519268656181273,62.784140695608365,0.22749847245603785,0.13732024789054809,0.33605342681548317,0.2325,False,60.732213829990236,242.19115132258403
472,Baran,Rajasthan,suicide,1220457.6208619764,27.815642700344643,4.4433903403996,88.55776625169942,0.3083251000558041,0.20601553302996642,0.42903862819163224,0.496,False,84.11437591129982,339.4781311280942
473,Sahibganj,Jharkhand,suicide,1191843.0884379183,12.912737286741049,2.32724849090495,40.474808119601256,0.2347067486350995,0.15090275698653613,0.3401849811480242,0.1425,False,38.14755962869631,153.89956688016917
474,Kaimur,Bihar,suicide,1644243.149172997,2.7739269148838073,0.41967276509461965,8.952712056873958,0.1605073868841853,0.08403480399855227,0.26667737494588595,0.0005,False,8.533039291779339,45.61010326104288
475,Rohtas,Bihar,suicide,2992420.543742338,4.188653181690719,0.8871698507312304,11.521433172373566,0.22594154754453336,0.10875140167663588,0.3900851035957878,0.0025,False,10.634263321642337,125.34211831503016
476,Udaipur,Rajasthan,suicide,3062654.8842616105,19.80309318779174,3.3738358907601453,55.16410575928953,0.30381338695722304,0.15095186848228656,0.49767002111004244,0.3335,False,51.79026986852938,606.500400750782
477,Godda,Jharkhand,suicide,1360674.0682295912,13.964469327882549,2.1449865379961195,44.30475113376585,0.16833293041781497,0.09442060410936107,0.2648106388684982,0.177,False,42.15976459576973,190.01091291037292
478,Mirzapur,Uttar Pradesh,suicide,2336603.520060308,15.460195495513727,2.941263660975753,47.006347445697045,0.23489428228855888,0.12689910400748802,0.3825774739025943,0.1895,False,44.065083784721296,361.2434721563789
479,Lalitpur,Uttar Pradesh,suicide,1143135.9476795923,12.17710624713658,2.1856009187150316,36.65612294401344,0.23833290966160955,0.15048189132574533,0.35295164009657304,0.129,False,34.47052202529841,139.2008788981556
480,Jamui,Bihar,suicide,1779735.8194743,3.047435451139899,0.4896781740672581,9.34517541607198,0.18586602303826402,0.10128310204411227,0.30660072571164265,0.001,False,8.855497242004722,54.23630029929501
481,Neemuch,Madhya Pradesh,suicide,784489.8109058931,46.30812788850304,6.3808056208499035,151.11604957062391,0.3749926037285286,0.2735248802505767,0.4812529898538418,0.706,False,144.735243949774,363.2825449065766
482,Banka,Bihar,suicide,2057106.5153990048,2.3646260538505133,0.35841964286233013,7.658908203048047,0.15563786027175452,0.0786414962165489,0.27108187207143813,0.0005,False,7.300488560185717,48.64287661858128
483,Rewa,Madhya Pradesh,suicide,2246066.6734204288,61.75768377051369,9.16449284870298,198.997702774562,0.2575258261061122,0.1327619665990718,0.41858182447498704,0.8405,False,189.833209925859,1387.118753445885
484,Satna,Madhya Pradesh,suicide,2116749.363758057,60.40081518324616,11.503741879804487,183.75887515785513,0.2977117886733867,0.16607459850196932,0.45112094629591304,0.864,False,172.25513327805064,1278.533871096043
485,Guna,Madhya Pradesh,suicide,1179031.489632286,45.37169386133385,9.552574275832274,130.6927815066508,0.3479881212800679,0.24595027543056042,0.4741246442539734,0.776,False,121.14020723081852,534.9465580046849
486,Nawada,Bihar,suicide,2243514.2054488114,3.9813552760742623,0.5870186930543739,12.535620714109642,0.19747083116881725,0.10181031024944057,0.336421255534218,0.0015,False,11.948602021055269,89.32227118811181
487,Gaya,Bihar,suicide,4439639.692504958,5.016757821296802,1.0098398789025018,13.39637082753252,0.18884595033926332,0.07493767915707612,0.3625946594888367,0.0,False,12.386530948630018,222.7259715111398
488,Ashoknagar,Madhya Pradesh,suicide,802537.3111285815,46.18761427384027,7.8915745067088645,142.78256204238102,0.2702637090159683,0.18931344290399482,0.3696614358182805,0.7555,False,134.89098753567214,370.6728376677186
489,Banaskantha,Gujarat,suicide,2516030.3250798224,26.2537053251639,4.225880855076988,78.90587433851196,0.26090391486241804,0.1379824948772961,0.425454616523535,0.471,False,74.67999348343497,660.5511874382199
490,Jhalawar,Rajasthan,suicide,1408477.6934621735,22.475210150591714,4.628620075150496,62.68400611117854,0.2693544495109318,0.16943827696941116,0.3908497184551542,0.3955,False,58.05538603602805,316.55832152983044
491,Murshidabad,West Bengal,suicide,5467659.009871071,21.01010632954274,1.9231299539704882,80.82701277794483,0.29014441336072594,0.10720282612548553,0.5574092674355268,0.3125,False,78.90388282397434,1148.760971710736
492,Sonbhadra,Uttar Pradesh,suicide,1742937.2061818952,20.142191803839946,3.155694777730504,66.94634836509206,0.29741465261581235,0.18372073389429946,0.43380977303409035,0.326,False,63.79065358736156,351.06575508964664
493,Pakur,Jharkhand,suicide,932724.2458522166,13.816034222362367,2.072090611670336,44.101892900277036,0.18368042342147378,0.11840706424851673,0.26055061529339796,0.1715,False,42.0298022886067,128.86550100721354
494,Mandsaur,Madhya Pradesh,suicide,1272946.1071876483,48.504025356529,7.784520302395202,162.44279264587425,0.30549592047312457,0.19711395013677593,0.43220950022376964,0.7595,False,154.65827234347904,617.4301026052457
495,Munger,Bihar,suicide,1382784.2815279814,2.0647502809783167,0.3442467041731048,6.57332462322139,0.3604808407581049,0.23816290462969872,0.4959390553301695,0.0,False,6.229077919048286,28.551042338172994
496,Giridih,Jharkhand,suicide,2533204.311313144,12.281093530998348,2.0594811739095253,37.08546744434238,0.1920390729277446,0.09340718068281838,0.3321044604951256,0.1265,False,35.02598627043285,311.1051908036498
497,Dumka,Jharkhand,suicide,1368848.1544069834,18.517827223505225,3.0511194019466554,53.26504165388163,0.1786032027515515,0.10280514884262715,0.2753269694263395,0.3115,False,50.213922251934974,253.4809361852252
498,Singrauli,Madhya Pradesh,suicide,1118968.7555192488,84.16757818167741,16.34579585495969,252.62856767933127,0.2972235844498296,0.19686939887679236,0.4183955782400393,0.9505,False,236.2827718243716,941.8089021302065
499,Birbhum,West Bengal,suicide,2695730.7239355575,24.524596910532484,3.4306029563460982,80.20878153877626,0.23928881221698867,0.11871273529487991,0.39716436083381185,0.4375,False,76.77817858243017,661.1170938385748
500,Deoghar,Jharkhand,suicide,1545600.4669826531,10.149122196064637,1.4006254484917988,33.5586415524309,0.28510970708737016,0.17459804025655412,0.4159864219409132,0.085,False,32.1580161039391,156.8648800570151
501,Palamu,Jharkhand,suicide,2009460.952838884,25.766571452441035,5.155843995753272,70.00331310114896,0.21911547976307105,0.12073599598381629,0.34363177131457395,0.488,False,64.84746910539569,517.7691922221335
502,Sidhi,Madhya Pradesh,suicide,1070307.7414479714,71.47199944595127,10.50858820716857,239.9698100832305,0.19988826798162354,0.12092586857861108,0.2980011201712543,0.871,False,229.46122187606193,764.9703430376677
503,Chatra,Jharkhand,suicide,1080299.0796091552,22.8213827483234,4.587324915292188,62.98793717820728,0.17647026901388244,0.10875872071802598,0.2661763627346163,0.422,False,58.4006122629151,246.53918778422022
504,Garhwa,Jharkhand,suicide,1370238.2980706587,16.608490557759907,2.7632158842841132,57.111827469547556,0.17606421982938975,0.0986831630545994,0.27785416038551314,0.2295,False,54.34861158526344,227.5758983538754
505,Sagar,Madhya Pradesh,suicide,2258746.6472666366,52.01757214788276,9.883343570433444,169.67274832027385,0.3747665067107655,0.2303115941338828,0.5511463330286716,0.739,False,159.7894047498404,1174.9451668798056
506,Patan,Gujarat,suicide,1083438.2285567822,24.600446340377253,4.039145288846087,80.00514165496524,0.3437738118269108,0.23250538214524094,0.47312105933843374,0.434,False,75.96599636611916,266.5306400472451
507,Damoh,Madhya Pradesh,suicide,1200588.9646404434,48.60275033776286,8.638703581397582,151.32209532858244,0.27374709753213045,0.1744433820143548,0.39018906594285147,0.762,False,142.68339174718486,583.5192570669268
508,Shajapur,Madhya Pradesh,suicide,1436545.500124006,43.99027217056074,7.217987476517287,145.4764208143496,0.28720465127652,0.17746791255169192,0.4168594202330546,0.7215,False,138.25843333783232,631.9402753584933
509,Vidisha,Madhya Pradesh,suicide,1385447.6366751543,48.24198788254937,6.856204438700676,168.54117797174865,0.31775444804927555,0.2042369137149941,0.451750014983981,0.729,False,161.68497353304798,668.3674810038945
510,Mehsana,Gujarat,suicide,1640850.1497764285,26.256411183634214,5.440494180231924,76.9700183685594,0.3726008342842057,0.2370918249313517,0.521913174203753,0.4705,False,71.52952418832747,430.82836223257686
511,Rajgarh,Madhya Pradesh,suicide,1468010.866619393,42.04915369268645,6.902171987718517,135.49523480208796,0.2688007970817489,0.16721631628594733,0.39330509463286617,0.703,False,128.59306281436946,617.2861455301269
512,Shahdol,Madhya Pradesh,suicide,1012406.4528467655,83.45558134487626,14.278421628004413,260.04328909710915,0.28994680034488024,0.1908026990724118,0.4091607792666528,0.9225,False,245.76486746910473,844.9096907963087
513,Nadia,West Bengal,suicide,3977398.977676301,20.38739319342953,2.223817809078678,76.4879089830128,0.4026193751584369,0.20026249006640523,0.6304328056552782,0.2535,False,74.26409117393412,810.8879684503139
514,Jamtara,Jharkhand,suicide,819420.2861407531,12.42482772425384,2.4665072018836236,35.37759048417525,0.20685750262825484,0.13692321524845152,0.29386684789009854,0.1325,False,32.91108328229163,101.81155889057644
515,Dungarpur,Rajasthan,suicide,1385943.112367677,18.774322268420363,3.0992549551487083,56.2140845881061,0.19398433231861106,0.11234355554738328,0.3028305132925138,0.304,False,53.11482963295739,260.201426372883
516,Katni,Madhya Pradesh,suicide,1227011.5913872262,49.87752000344261,8.358682175129713,159.73520105044003,0.3014545790015003,0.19519567422938253,0.42264985229954904,0.784,False,151.37651887531032,612.0029519387233
517,Dhanbad,Jharkhand,suicide,2780791.7982624588,6.058018121336316,4.225085279121036,8.790159030071315,0.7071716218752099,0.5045744216745082,0.8661473294704158,0.0,False,4.56507375095028,168.46087105537376
518,Banswara,Rajasthan,suicide,1794107.786625358,27.11720923779151,4.241326445407638,82.9952280392063,0.1974600466814965,0.10500306873677782,0.320324620165353,0.4725,False,78.75390159379866,486.5119624507083
519,Umaria,Madhya Pradesh,suicide,612306.3643748773,77.11346134079879,14.518379327581767,239.33154164249018,0.2689822396512654,0.19286967892654303,0.3522504022158949,0.9355,False,224.81316231490842,472.1706315794716
520,Latehar,Jharkhand,suicide,753058.0181305574,30.0898397604618,5.936781450844681,89.93896080061461,0.19105065454049067,0.1255937885117102,0.274514396262336,0.5865,False,84.00217934976993,226.59395095879407
521,Ratlam,Madhya Pradesh,suicide,1381833.1983544035,54.99267866231556,10.419857631942328,171.1404632453985,0.3875579745941127,0.2594536544972672,0.5317933659123599,0.7995,False,160.72060561345617,759.9070904202348
522,Bokaro,Jharkhand,suicide,2136315.1877102093,12.15610783871612,2.202776436147267,37.946227071751,0.6178332771008436,0.42997737301051475,0.7822755234016715,0.014,False,35.74345063560373,259.6927779929237
523,Ramgarh,Jharkhand,suicide,983503.8528097561,19.575012718816062,3.121558512672534,68.17133013015426,0.5906378409687696,0.4605749025839197,0.7120275491808007,0.0345,False,65.04977161748172,192.52100427755576
524,Bhopal,Madhya Pradesh,suicide,2251721.9493531855,35.229320153804785,31.122644009320133,41.03232815396528,0.8846401163959736,0.7678429972047394,0.9579600927782607,0.0,False,9.909684144645148,793.2663345111278
525,Purba Bardhaman,West Bengal,suicide,5940054.800362343,32.34139275914678,4.215251456794015,105.47041230464598,0.49573024707417845,0.21642413594728688,0.7678308228776347,0.273,False,101.25516084785195,1921.0964530937372
526,Koriya,Chhattisgarh,suicide,439278.0,112.26148479804777,22.78292591999117,349.0337623574575,0.4295217743422089,0.3458306120686814,0.5158136686822533,0.9265,False,326.2508364374663,493.1400051911683
527,Ujjain,Madhya Pradesh,suicide,1886862.1596743683,55.62300268613878,10.856127322136336,170.89935887984703,0.5054516546641208,0.3385334553759818,0.6698405735873566,0.4045,False,160.0432315577107,1049.5293897594102
528,Gandhinagar,Gujarat,suicide,1122155.4302477925,26.492370327213667,4.363868755991203,80.36859502556884,0.57242098763402,0.4259655351174163,0.7105124262306234,0.076,False,76.00472626957763,297.28557222818307
529,Ahmedabad,Gujarat,suicide,5816751.7934427885,17.884125792389394,15.557596314660723,23.049818325700933,0.874185836683856,0.6734360156107705,0.9717739322805012,0.0005,False,7.4922220110402105,1040.2752077703744
530,Raisen,Madhya Pradesh,suicide,1264575.7290060667,43.693414467221245,8.642663398383203,135.6758686694367,0.3227849979364428,0.20991535731861136,0.456996630094889,0.748,False,127.0332052710535,552.5363145265053
531,Purulia,West Bengal,suicide,2255251.258896585,37.70247888376163,4.492407430192039,135.04473965374473,0.231689922995657,0.12018757741398843,0.3836300111521134,0.6185,False,130.5523322235527,850.2856296612532
532,Sehore,Madhya Pradesh,suicide,1245330.6968016475,43.000482778973954,7.846763261098515,124.80956093334265,0.27187959950843205,0.17540626358215275,0.3851556335012253,0.757,False,116.96279767224414,535.4982118194688
533,Ranchi,Jharkhand,suicide,3018800.5531268227,33.27289049051062,22.931291834578207,49.85509871006543,0.5430413781382591,0.3524685884649482,0.7340205237357389,0.327,False,26.92380687548722,1004.4422021688166
534,Bankura,West Bengal,suicide,2768288.468657584,32.51699829635627,4.259402926012124,112.14815641838264,0.2016632998345093,0.09299534088498239,0.364970177395298,0.547,False,107.88875349237051,900.1643141916136
535,Lohardaga,Jharkhand,suicide,478356.51449219935,24.102712451863976,3.5297312515052983,82.92596094435976,0.22644277746894917,0.16482832474499004,0.29397046454921266,0.4055,False,79.39622969285446,115.29689518281383
536,Panchmahal,Gujarat,suicide,1927656.8981033966,26.64457733828271,4.391222644377724,81.3965866901312,0.27274865530015546,0.15607108711263262,0.42215758402526765,0.485,False,77.00536404575348,513.616033031901
537,Jabalpur,Madhya Pradesh,suicide,2339307.9760074746,22.273503388674143,16.95187738848738,31.359287138719907,0.681533152295432,0.47861616640723403,0.8420775316524856,0.0355,False,14.407409750232528,521.0458413075494
538,Gumla,Jharkhand,suicide,1061992.068455556,34.92620993317959,4.6253396799857915,100.39037923590291,0.17934969932704403,0.10798517468390018,0.2708272135896976,0.646,False,95.76503955591713,370.91357930250376
539,Dahod,Gujarat,suicide,1888740.375,25.408861401053404,4.497252295312062,75.66289021530783,0.4761944527579997,0.3224529192104267,0.639589738334941,0.292,False,71.16563791999576,479.9074241094864
540,Dewas,Madhya Pradesh,suicide,1485010.8824837557,55.354198566908046,11.235355695111547,157.86096495778463,0.3672069277031931,0.23704961715902684,0.5141356805440345,0.809,False,146.6256092626731,822.0158726302517
541,Anuppur,Madhya Pradesh,suicide,711526.7798540537,134.9974346482547,16.907175363589214,484.95088658173955,0.3858934459001528,0.2902256990538273,0.4924994029853242,0.943,False,468.04371121815035,960.5428996383074
542,Jhabua,Madhya Pradesh,suicide,973455.7992141846,73.8316226375555,11.591135741450133,235.63452242658508,0.20843926711875688,0.13505005402626583,0.3026773509713506,0.899,False,224.04338668513495,718.7182122192168
543,North 24 Parganas,West Bengal,suicide,7704329.421039488,37.95763342530435,3.7303811384971812,130.88886465639644,0.694930857295065,0.4194299966781608,0.8935216804502693,0.0585,False,127.15848351789926,2924.381119516042
544,Dindori,Madhya Pradesh,suicide,669064.2520989985,109.62565779135348,17.765150351496818,332.47091920094925,0.1619542752869038,0.10369278883670652,0.23381702473519833,0.966,False,314.70576884945245,733.4660874103267
545,Hooghly,West Bengal,suicide,3968526.739130436,30.043999080117743,4.578424878743932,99.66231345373473,0.40477300864037463,0.19309915222748336,0.6430437906996794,0.42,False,95.0838885749908,1192.304136998575
546,Khunti,Jharkhand,suicide,550966.1419924282,44.86102167457914,3.7360973364916705,149.8953437239854,0.19519812512164222,0.13398604243977175,0.2707075174309169,0.663,False,146.15924638749374,247.1690403788157
547,Narsinghpur,Madhya Pradesh,suicide,1036899.3531963424,51.53066001803949,11.395732615920485,148.0947284658619,0.27893274518805244,0.18722348776900097,0.3890238492260323,0.8575,False,136.6989958499414,534.3210804248578
548,Dhar,Madhya Pradesh,suicide,2075778.7652205266,82.45036081609386,13.98808397845051,256.18609921992163,0.29980594257743515,0.1719815784106967,0.4562936666032594,0.911,False,242.19801524147113,1711.4870816681819
549,Jashpur,Chhattisgarh,suicide,567779.3333333333,156.54436387061097,25.85887880385754,462.4741948951224,0.1959904160986672,0.134792931520652,0.2704191352815864,0.985,False,436.6153160912649,888.8265455554623
550,Indore,Madhya Pradesh,suicide,3111775.933339435,39.48206557329347,34.21134985755638,47.705793891112606,0.8434354532117855,0.6926936991687973,0.9430063704453993,0.0005,False,13.494444033556228,1228.5934144950406
551,Saraikela-Kharsawan,Jharkhand,suicide,1103264.4186729982,19.83466000206642,3.5646784852911426,57.41805766330544,0.32821733004699966,0.2242258805614819,0.44547952121648104,0.333,False,53.8533791780143,218.8287463675638
552,Mandla,Madhya Pradesh,suicide,1001810.0516951786,110.30501948469563,11.847061912370945,402.7023493256508,0.2181435560431802,0.13995653958514492,0.3145574970947583,0.922,False,390.8552874132799,1105.0467727220064
553,East Singhbhum,Jharkhand,suicide,1374505.5833333335,12.718468536144702,1.5280165833207089,46.11008247206111,0.2729235465450615,0.16896205339195575,0.3966468859439128,0.153,False,44.5820658887404,174.8160601438022
554,Hoshangabad,Madhya Pradesh,suicide,1178870.995655353,64.1300114605205,10.121800674114864,199.01474522048974,0.44073282493432053,0.311263974722254,0.5790454491939699,0.692,False,188.89294454637488,756.01010461853
555,Korba,Chhattisgarh,suicide,804426.6666666666,89.12947042884299,18.59217910201942,269.70253545860083,0.4924090250274337,0.38654791255518584,0.6021853921692929,0.5395,False,251.1103563565814,716.981227988394
556,West Singhbhum,Jharkhand,suicide,1374505.5833333335,13.487656521430317,2.0461250747136903,43.475822685606346,0.27191519501591427,0.1687044155865406,0.4015001976189352,0.1745,False,41.42969761089265,185.3885919478822
557,Howrah,West Bengal,suicide,3968526.739130436,29.23494954210655,4.578088784022844,88.13062654586975,0.40386637218708793,0.19531481186302677,0.6331543655573535,0.418,False,83.5525377618469,1160.1967897497893
558,Simdega,Jharkhand,suicide,621087.5987921001,36.39866272983089,4.132541932405078,120.82545361342837,0.18049603651853438,0.12110831985367106,0.2530003789091958,0.6395,False,116.69291168102329,226.06758034114173
559,Kolkata,West Bengal,suicide,3461015.9684424405,34.610933648186794,2.940623841240902,144.93266644937722,0.9409999616953584,0.8484428296244374,0.9850349481446314,0.0,False,141.99204260813633,1197.8899403907628
560,Koderma,Jharkhand,suicide,741954.4786887291,18.314781551386062,2.8191103531518884,61.980385572073544,0.3168102322330321,0.23547687926313512,0.41403208175293316,0.2715,False,59.16127521892166,135.88734198256597
561,Hazaribagh,Jharkhand,suicide,1796719.2503175628,17.67732182302259,3.872084715229363,47.93014637578465,0.26387018129910805,0.1563397366641912,0.4011237330339836,0.2655,False,44.05806166055529,317.6118441348344
562,Vaishali,Bihar,suicide,3533399.45269122,2.6786334408538393,0.3461692308547238,8.494632966902428,0.15814933997864045,0.07072738402782845,0.289325065335967,0.0,False,8.148463736047704,94.64681933873355
563,Begusarai,Bihar,suicide,3003160.1937718913,2.2164723314300825,0.3042591153901296,7.5261297144945205,0.25001603815964163,0.11731079131137928,0.43217834125316323,0.0005,False,7.221870599104391,66.56421476347603
564,Bhagalpur,Bihar,suicide,3071123.384324156,2.5238709906213694,0.39552679321720025,8.159480347802283,0.25477095147973267,0.12992579304342014,0.4201628214571823,0.0005,False,7.763953554585083,77.5111921831466
565,Lakhisarai,Bihar,suicide,1011902.9078772558,2.9067570063510604,0.5260784164036179,8.529862675401963,0.24223777278115907,0.15821707068073249,0.3449732855944581,0.001,False,8.003784258998346,29.41355867219225
566,Sheikhpura,Bihar,suicide,643329.6036059401,3.62603602118491,0.4847381697744305,12.815951273526556,0.2710640604401164,0.1972455040567686,0.3576317324206984,0.0065,False,12.331213103752125,23.327363161697484
567,Arwal,Bihar,suicide,708538.8822048488,6.2046841627659335,1.2757999980459245,17.882699907933443,0.17839537889816537,0.11807028757524345,0.2555742132747247,0.015,False,16.606899909887517,43.96259981120303
568,Jehanabad,Bihar,suicide,1137669.941984988,5.2511319569613235,0.7988909268347572,16.532309809898646,0.2240576216982468,0.13858088049504907,0.33184466797278667,0.01,False,15.733418883063889,59.740549888317055
569,Nalanda,Bihar,suicide,2909252.200554803,3.0842641519383687,0.5109914052989303,9.558110793931965,0.232312163520994,0.11692986468494135,0.3944192778719035,0.0005,False,9.047119388633034,89.72902271118991
570,Patna,Bihar,suicide,5902576.561215754,5.020504816733274,2.86145615497781,8.768159380204612,0.4417351398028082,0.2421189892126315,0.6830419123394561,0.0,False,5.906703225226801,296.33914056720613
571,Saran,Bihar,suicide,3995256.9749684567,2.4593181001129243,0.42508241606621844,7.5427997319170395,0.17113616846899105,0.07173376779348083,0.322588834952608,0.0005,False,7.117717315850821,98.25607793142333
572,Siwan,Bihar,suicide,3367035.46983203,2.0886577512651483,0.25229596517278763,6.780781407331395,0.15729409562526755,0.06914363063879585,0.2912280853151251,0.0005,False,6.5284854421586065,70.32584732849361
573,Muzaffarpur,Bihar,suicide,4853781.949560994,1.6875159528176225,0.24563578674924533,5.557038608741214,0.1669086652164675,0.06353383582054987,0.335677425245427,0.0,False,5.311402821991969,81.908344713824
574,Madhepura,Bihar,suicide,2023743.134939127,1.915286219514212,0.344095997707888,5.595798099673814,0.16029362528675983,0.08332726673535898,0.26921817820299104,0.0,False,5.251702101965926,38.760473381854005
575,Araria,Bihar,suicide,2842442.5392017965,1.9173142317342362,0.18871091968481585,6.617432455495832,0.16386593284220427,0.07632052449101039,0.2896423701930444,0.0005,False,6.428721535811016,54.49855533298405
576,Supaul,Bihar,suicide,2253553.245719306,1.812731307798745,0.20544212981552684,6.179545971738514,0.15875881849803472,0.07690428720847158,0.28144791774938305,0.0005,False,5.974103841922987,40.850865223068645
577,Madhubani,Bihar,suicide,4536654.430007166,1.6746296548845145,0.18453443711089587,5.954086225130331,0.1340913584083439,0.05049468302204049,0.27435594770203764,0.0,False,5.7695517880194345,75.97216042453203
578,Purnia,Bihar,suicide,3300467.432912523,2.0236663527612566,0.31174411505473026,6.458484056266621,0.18828749584144186,0.08181222534368458,0.33679777299878993,0.0,False,6.146739941211891,66.79044892369393
579,Surajpur,Chhattisgarh,suicide,946118.4444444445,120.2901058978373,21.51337783305148,359.3422047232407,0.2972866642337085,0.20594551872652356,0.40855629681336864,0.9755,False,337.8288268901892,1138.0868787411932
580,Surguja,Chhattisgarh,suicide,1573257.3333333333,116.65485559561779,18.29602447907341,320.3283611481721,0.21714527540043962,0.1270624668837637,0.33965822133892987,0.9655,False,302.0323366690987,1835.2810703474672
581,Aravalli,Gujarat,suicide,1888740.375,22.964001611788444,4.373399632770809,67.01637805284076,0.47522085112815277,0.3107681183275909,0.6427119607301883,0.2495,False,62.64297842006995,433.73037015749907
582,Mahisagar,Gujarat,suicide,1888740.375,20.971429242465966,3.1652369464071026,65.78107603711423,0.4756141010957024,0.3180538168748648,0.6457906571365802,0.226,False,62.61583909070713,396.09585131701135
583,Amethi,Uttar Pradesh,suicide,2664164.546666667,11.162268671468956,1.7219971954021387,38.469276992193436,0.29261818194066375,0.15369423574985505,0.4688325581005083,0.115,False,36.7472797967913,297.3812045489563
584,Ghaziabad,Uttar Pradesh,suicide,4380969.009108135,7.85387151195286,5.966107844400342,11.242716126712677,0.780277930387536,0.5453369448832287,0.9244127724399991,0.0,False,5.276608282312336,344.07567695382727
585,Agar Malwa,Madhya Pradesh,suicide,2258746.6472666366,45.311166390273456,5.355860589723304,164.7123118488104,0.3748248365856829,0.21468144486476667,0.5513694987638107,0.6355,False,159.3564512590871,1023.4644516777088
586,Sambhal,Uttar Pradesh,suicide,2664164.546666667,13.09113797952546,1.9956415111018877,44.568739901977466,0.29364736521246243,0.1596950081600289,0.4680830754479353,0.145,False,42.57309839087558,348.7694568057323
587,Charkhi Dadri,Haryana,suicide,1152339.1818181819,23.870531876257676,3.9344958452175454,75.10471499411733,0.4451654962306443,0.3156009590831711,0.5842324237996155,0.3265,False,71.17021914889979,275.069491718516
588,Alipurduar,West Bengal,suicide,3968526.739130436,34.80670499888653,2.4718284340035552,145.97885628043804,0.4023420025085018,0.19886860404184653,0.6368390833452129,0.418,False,143.50702784643448,1381.313394891062
589,Paschim Bardhaman,West Bengal,suicide,5940054.800362343,25.964097867033015,3.33633695804843,93.56190138941915,0.4954506682868188,0.22879935912461882,0.7524988124688531,0.2225,False,90.22556443137071,1542.2816417214715
590,Kalimpong,West Bengal,suicide,3968526.739130436,33.29543786232076,3.088559450756756,132.0259304004384,0.4012058189230851,0.2074794932333591,0.6325793771499298,0.413,False,128.93737094968165,1321.3383544767587
591,Ajmer,Rajasthan,suicide,2578198.8202728834,20.519537604915513,3.9094564501702296,60.7281423091492,0.5101022159930655,0.32457438942780525,0.6933057836496204,0.1655,False,56.81868585897897,529.0344764553824
592,Cooch Behar,West Bengal,suicide,3968526.739130436,32.94314116392394,2.728980897448209,139.10549314920982,0.4028913113555703,0.19073516053659126,0.6357322080242135,0.4095,False,136.37651225176162,1307.357365799807
593,Uttar Dinajpur,West Bengal,suicide,2314531.2519033295,24.01602010857145,3.047283417483024,86.03859093265949,0.22165478013081996,0.1143011195174202,0.3710936117598845,0.384,False,82.99130751517646,555.8582908762742
594,Datia,Madhya Pradesh,suicide,747155.4930646727,41.52657454124381,7.631219940164703,129.87873687397453,0.3017364838017202,0.21507642629007157,0.3945968623862827,0.7035,False,122.24751693380983,310.26808276649905
595,Rajsamand,Rajasthan,suicide,1154423.9221398393,18.85770725704603,3.1289998717927796,58.83018901276321,0.2583203715943543,0.16170150575420703,0.38093931614746596,0.296,False,55.701189140970435,217.69788374243987
596,Mahoba,Uttar Pradesh,suicide,819700.0950051411,11.872189787137268,1.5476416733972032,41.85219271001145,0.2863897164391768,0.20175813413041202,0.3862772639592138,0.131,False,40.30455103661425,97.31635096435484
597,Chhatarpur,Madhya Pradesh,suicide,1673672.027202725,50.1979001761199,9.441404970224598,152.33509457207194,0.29972445825694416,0.1737825599219754,0.4413774269911966,0.8075,False,142.89368960184734,840.1482134908662
598,Chittorgarh,Rajasthan,suicide,1541436.413089084,19.533153181222506,4.422217409000887,55.500143882833186,0.2846119139232002,0.17511783316725724,0.41272853337015203,0.3245,False,51.0779264738323,301.0911357598325
599,Panna,Madhya Pradesh,suicide,965357.0262243359,49.84490890182098,7.601082831607495,156.91410598449218,0.21256691762046956,0.13675775545965954,0.3042429329628351,0.783,False,149.31302315288468,481.18133029884825
600,Sabarkantha,Gujarat,suicide,1958145.112092488,26.52060677291098,4.870737799056372,81.5316721451346,0.2725084448177817,0.15125818127694565,0.41794596276901663,0.4935,False,76.66093434607824,519.3119652210256
601,Kutch,Gujarat,suicide,1888740.375,27.68275584523147,5.588357970649486,79.11698956241482,0.4747018576065051,0.30504866872555175,0.6420874214236214,0.3365,False,73.52863159176533,522.8553865615593
602,Surendranagar,Gujarat,suicide,1416059.9425116598,22.111548239182767,4.836600558547153,63.62189951227425,0.4160417409479101,0.2879572508959394,0.5640647617779674,0.344,False,58.78529895372709,313.1127772842094
603,Kheda,Gujarat,suicide,1854372.4652976817,25.58181469020789,4.807791630014662,72.24954383555864,0.3479016115254348,0.21397914505758014,0.5017465411926244,0.473,False,67.44175220554398,474.38212773869253
604,Anand,Gujarat,suicide,1687357.7178378035,26.52141520044321,3.3827446642593815,92.06211249946107,0.4351507294267409,0.28920629233986317,0.5935611516060442,0.361,False,88.67936783520169,447.51114626448685
605,Kishanganj,Bihar,suicide,1708962.102038654,1.951393648927515,0.20538998585217555,6.849420806235633,0.1951385585200078,0.10736481848478453,0.30548676255012436,0.0,False,6.644030820383458,33.34857792176045
606,Morbi,Gujarat,suicide,1888740.375,25.01387436952228,3.9523902937545268,78.97356435881221,0.4767217787650483,0.31261806796817604,0.6479947989739949,0.25,False,75.02117406505768,472.44714456894405
607,Leh,Jammu & Kashmir and Ladakh,suicide,133487.0,23.62598819997435,2.2119637674023402,90.38425091227674,0.41974814422542284,0.36722149398987675,0.47799703108535097,0.366,False,88.1722871448744,31.53762286849976
608,Kargil,Jammu & Kashmir and Ladakh,suicide,140802.0,6.329508682617742,0.7924565871691354,21.683698163369233,0.2512733732542083,0.20604214858459433,0.3016555691355714,0.0295,False,20.8912415762001,8.912074815299432
609,Kupwara,Jammu & Kashmir and Ladakh,suicide,808922.7412283361,4.970559915425711,0.4304612462490427,19.43671725459444,0.22375348919607643,0.14761365076349478,0.3095841183600986,0.0185,False,19.0062560083454,40.20798952225853
610,Bandipora,Jammu & Kashmir and Ladakh,suicide,364547.5112856065,4.317874497461998,0.500770365728193,14.821510131937403,0.26794651050676266,0.20451463851720608,0.3399935607490518,0.0075,False,14.32073976620921,15.7407040209336
611,Baramulla,Jammu & Kashmir and Ladakh,suicide,936889.669197902,4.76825768838081,0.5791822168296478,16.13199386052954,0.2785580996860351,0.1869450234193918,0.38278212007157464,0.0085,False,15.552811643699894,44.6733136831745
612,Ganderbal,Jammu & Kashmir and Ladakh,suicide,276451.6894130476,4.204705730617758,0.5458141146990381,13.935490477716668,0.26402927534421305,0.20795200202901754,0.3257358112354541,0.009,False,13.38967636301763,11.623980027140018
613,Anantnag,Jammu & Kashmir and Ladakh,suicide,1002555.8446115907,3.6168552365506894,0.5289792377623741,11.363808739378937,0.3445152748735454,0.2433157021670721,0.46020328007576233,0.0035,False,10.834829501616563,36.26099356517931
614,Kishtwar,Jammu & Kashmir and Ladakh,suicide,214413.03275496204,6.798313588151868,0.9190258771600942,22.064942573155545,0.18325793509499147,0.1352769210562224,0.23310452633184833,0.0255,False,21.14591669599545,14.576470340549099
615,Srinagar,Jammu & Kashmir and Ladakh,suicide,1149531.2310975785,0.979011625793356,0.516658761520568,1.601870371550448,0.9387593820636215,0.8662637252688022,0.9795081426896719,0.0,False,1.08521161002988,11.254044394570785
616,Budgam,Jammu & Kashmir and Ladakh,suicide,700544.2286554117,5.413794006138404,0.8840925591342087,16.95363058440171,0.23887428638494326,0.16187644772549473,0.32864966535543483,0.012,False,16.0695380252675,37.92602146129519
617,Pulwama,Jammu & Kashmir and Ladakh,suicide,520883.0672278277,3.9720098023290014,0.42942335041629304,15.19606483572717,0.22351760638744403,0.15749852006451856,0.29722381427632016,0.006,False,14.766641485310878,20.689526488961278
618,Punch,Jammu & Kashmir and Ladakh,suicide,443179.06887727714,5.359828519834332,0.7749201678627099,18.035591251165165,0.2040098543358203,0.14304405434025863,0.27210356236584077,0.0185,False,17.260671083302455,23.75363812762054
619,Shopiyan,Jammu & Kashmir and Ladakh,suicide,247425.0334416818,6.408663554915806,0.8088350666236976,23.011142004593832,0.1747652840371244,0.1283527408954916,0.22544947753594843,0.03,False,22.202306937970135,15.856637943915308
620,Kulgam,Jammu & Kashmir and Ladakh,suicide,394522.17369579256,4.868357957666165,0.769717309466717,15.208118521138802,0.2966396740396289,0.22928592115966526,0.3708833430806936,0.0105,False,14.438401211672085,19.206751637876646
621,Rajouri,Jammu & Kashmir and Ladakh,suicide,597072.1141124205,7.616737147560498,1.1537398710979492,24.922381299009167,0.18882604607185863,0.12978041074122648,0.26105872559627025,0.0425,False,23.76864142791122,45.47741351332553
622,Ramban,Jammu & Kashmir and Ladakh,suicide,263687.99095783435,7.641025090050738,1.1542484864079492,23.755456074122073,0.17154845843931626,0.12380719846912898,0.2265857536864974,0.036,False,22.601207587714125,20.148465548538844
623,Reasi,Jammu & Kashmir and Ladakh,suicide,292457.1981217951,8.014214319578395,1.3807673499996265,24.44744081676455,0.21124615404159397,0.15935145242915263,0.2712147358579472,0.0345,False,23.066673466764925,23.438146650514657
624,Doda,Jammu & Kashmir and Ladakh,suicide,381001.9289256776,7.055023987188332,1.0833941339938955,21.718151216470424,0.18998208714320186,0.13705494527502496,0.2496057079552355,0.028,False,20.63475708247653,26.879777477356797
625,Lahaul and Spiti,Himachal Pradesh,suicide,31564.0,48.70467680237528,10.349869055798635,134.22514104775556,0.13450410155974743,0.09806013843302094,0.17481955070454647,0.8405,False,123.87527199195692,15.373144185901733
626,Chamba,Himachal Pradesh,suicide,519080.0,70.41939892260139,12.12327191505079,193.3503100711723,0.18360514598089075,0.12491128042141628,0.2533864776229058,0.913,False,181.2270381561215,365.5330159274393
627,Jammu,Jammu & Kashmir and Ladakh,suicide,1421970.6226710312,21.15687646927718,3.6635939848130383,49.96173350453058,0.6190570823320811,0.4651881288440859,0.7558969870413974,0.024,False,46.29813951971754,300.84456806792156
628,Kathua,Jammu & Kashmir and Ladakh,suicide,572925.832464824,13.971900168693454,1.773671800900627,45.3491174468932,0.24820057101116752,0.178222335900205,0.3245922389111537,0.1785,False,43.57544564599257,80.04862535264111
629,Gurdaspur,Punjab,suicide,2118579.704138289,14.183670147528822,2.530123604702664,41.33640862900049,0.40368911442435546,0.24485680676236904,0.5825273636291715,0.1575,False,38.80628502429782,300.492357047467
630,Kangra,Himachal Pradesh,suicide,1510075.0,50.82240596179268,14.559216276360424,110.57175022099483,0.22728429803889041,0.13081129859890941,0.3456754292590618,0.91,False,96.01253394463441,767.4564468275408
631,Kullu,Himachal Pradesh,suicide,437903.0,53.86769589870301,11.491322542356091,145.66104026910602,0.21361598997403852,0.1530060973530227,0.2816163125757983,0.859,False,134.16971772674992,235.88825637129747
632,Hoshiarpur,Punjab,suicide,1462540.9583763524,12.055718107068556,2.631327193681475,31.95169261965378,0.32324971187846896,0.2097306028414026,0.45794364758044226,0.108,False,29.320365425972305,176.3198151422719
633,Amritsar,Punjab,suicide,2295871.055369613,6.922054328056401,4.848388515869189,10.119188321526147,0.7046093310976562,0.504661388118384,0.8583073919903854,0.0,False,5.270799805656958,158.9214417548065
634,Mandi,Himachal Pradesh,suicide,999777.0,55.820173954244325,13.951373781528046,132.85355757670277,0.19920113504339265,0.12034539477598752,0.30018238660585106,0.898,False,118.90218379517472,558.0772605545253
635,Kinnaur,Himachal Pradesh,suicide,84121.0,107.688648725672,12.396751140604175,366.6621475518979,0.13481469742270139,0.0969184312573149,0.17671134029969088,0.9355,False,354.2653964112937,90.58876819452254
636,Una,Himachal Pradesh,suicide,521173.0,40.821959034080116,7.110811976119753,119.83768801710549,0.20584708067437238,0.1425174332338232,0.2770285772927234,0.723,False,112.72687604098574,212.75302855668636
637,Shimla,Himachal Pradesh,suicide,814010.0,53.1685585710659,13.410975337896899,139.84594444282547,0.37694341310408686,0.27843982390057875,0.4812948233450754,0.874,False,126.43496910492857,432.7973836243335
638,Jalandhar,Punjab,suicide,2022037.482634386,16.140083602129728,3.2874370455285145,44.552320531569066,0.6615003301897039,0.4849879235157492,0.8147205742157402,0.009,False,41.26488348604055,326.3585401635893
639,Tarn Taran,Punjab,suicide,1032065.1354945499,16.563524298120623,2.265067765063941,54.92878825198973,0.25910664999795346,0.16482927211481668,0.3711098114803847,0.2375,False,52.66372048692579,170.9463594900713
640,Rupnagar,Punjab,suicide,631084.8680124964,15.113659572297907,3.673567945204706,40.3102873305917,0.38356004391027904,0.2956329855928153,0.477059851734834,0.1855,False,36.636719385386996,95.38001856369426
641,Uttarkashi,Uttarakhand,suicide,330086.0,24.82928581793637,5.062081232204105,67.45827275624862,0.1815163035229467,0.13006941459134813,0.23779201764698377,0.475,False,62.39619152404451,81.95799638499344
642,Solan,Himachal Pradesh,suicide,580320.0,41.485779982045685,9.764643590101741,109.6577528521291,0.31313376938473747,0.23650218038833504,0.39969994848551305,0.795,False,99.89310926202735,240.7502783918075
643,Shahid Bhagat Singh Nagar,Punjab,suicide,564423.511682612,15.661381854995707,2.860480771994537,47.63773155793238,0.29787648595407995,0.22018476269566878,0.3819256734793009,0.2105,False,44.777250785937845,88.39652144399017
644,Fazilka,Punjab,suicide,1261060.8181818181,13.66078183327124,1.965288274408476,44.63497130505769,0.4464405627880161,0.3097235951168574,0.5858375407797989,0.13,False,42.66968303064921,172.27076715668346
645,Moga,Punjab,suicide,917872.4078716895,21.77491420895525,4.778825275846985,59.54542183869972,0.3499553535677925,0.24691807470828966,0.4660244060730217,0.393,False,54.76659656285273,199.8659293617322
646,Ludhiana,Punjab,suicide,3225115.6323445807,27.997230448873957,22.63631190146015,37.0326044624633,0.7563743053365901,0.5687736429246021,0.8896269684358832,0.005,False,14.396292561003147,902.9430558301708
647,Chamoli,Uttarakhand,suicide,391605.0,37.51053932119919,7.521186318918228,108.6393513782966,0.21863709906609133,0.1632330095746485,0.285555826708484,0.703,False,101.11816505937837,146.8931475087821
648,Dehradun,Uttarakhand,suicide,1696694.0,20.026715954166303,4.242611954734132,51.7671857738912,0.6474245902465625,0.47551890161211274,0.793205882010246,0.0145,False,47.52457381915707,339.7920879913824
649,Sirmaur,Himachal Pradesh,suicide,529855.0,37.823276947463384,7.354343956381194,111.04207273884681,0.21420204274113336,0.14935287879627396,0.28498581881139645,0.689,False,103.68772878246561,200.40852406998212
650,S.A.S. Nagar,Punjab,suicide,564423.511682612,14.036710691734884,2.102838003668338,47.06705259612081,0.2972597244949232,0.22327402652083558,0.39017218531706166,0.183,False,44.96421459245247,79.22649541101869
651,Faridkot,Punjab,suicide,569214.995430593,18.032587676055975,3.2658983116901354,56.902815978489144,0.47862031714545666,0.37912712265929177,0.5765270193605123,0.178,False,53.63691766679901,102.6441931162797
652,Fatehgarh Sahib,Punjab,suicide,553226.48338582,18.515146559165878,3.364775603526771,56.65446914431491,0.428196627569813,0.3323557682475868,0.5236535492686424,0.2765,False,53.289693540788136,102.43069420300405
653,Tehri Garhwal,Uttarakhand,suicide,618931.0,35.10822386614552,5.786764399181841,101.51961707694275,0.20494096244422236,0.13783888407921238,0.2876353608271935,0.6525,False,95.73285267776092,217.29568105697317
654,Chandigarh,Other Union Territories,suicide,1055450.0,51.26918051923797,46.86609678817107,56.30550482625599,0.797855899230686,0.7362022141622401,0.8461021156591876,0.0,True,9.43940803808492,541.1205657902972
655,Sri Muktsar Sahib,Punjab,suicide,831362.0674045844,19.677472969849934,3.7853184166840603,57.09634162032952,0.4341437229100475,0.3170759159736772,0.5553360787477012,0.291,False,53.311023203645455,163.59104609512266
656,Rudraprayag,Uttarakhand,suicide,242285.0,42.43793222430684,5.713977017784722,144.7146266629511,0.1573526399167289,0.11167847653763763,0.2091681307392395,0.6865,False,139.0006496451664,102.82074408966183
657,Pithoragarh,Uttarakhand,suicide,483439.0,33.10136403649273,5.503092705416172,107.43163335371969,0.2200599730317054,0.15843593791056332,0.293981452812913,0.6045,False,101.92854064830351,160.02490328438012
658,Sangrur,Punjab,suicide,1525724.3870069038,15.816231643487226,3.7875313938630226,40.88493370378058,0.4537829950001263,0.31085803601556833,0.6040371537942674,0.1615,False,37.09740230991756,241.3121032901874
659,Barnala,Punjab,suicide,548953.0477075515,21.63561091947204,4.498351941663893,63.06610317299293,0.4493921938905573,0.35791204110044894,0.5397316373402821,0.325,False,58.56775123132904,118.76934553258957
660,Bathinda,Punjab,suicide,1279933.622771307,18.93869258422293,3.718013836955372,51.82691704385309,0.4965342268030656,0.35705721718704725,0.6359416153966635,0.1615,False,48.10890320689772,242.4026940987654
661,Patiala,Punjab,suicide,1747431.446763182,15.148340877805877,2.82059370248079,45.141500612867894,0.5366300191082221,0.3725702829074445,0.6919693205793145,0.0745,False,42.3209069103871,264.70687216166175
662,Yamunanagar,Haryana,suicide,1168657.29849138,34.602247901702924,6.365887228843785,107.26951886245222,0.5113013894140767,0.37757941953177804,0.645614306706179,0.283,False,100.90363163360843,404.3816955453316
663,Saharanpur,Uttar Pradesh,suicide,3243755.584998494,12.42312587726941,1.9482034169249685,40.73174158925714,0.39605037227776096,0.21424366357951924,0.6050489695229109,0.1205,False,38.78353817233217,402.9758394753196
664,Ganganagar,Rajasthan,suicide,1965468.2191915275,26.047127708673333,3.162691534348703,87.08196374363801,0.38772307734165656,0.23969339562380715,0.549236542933266,0.4085,False,83.9192722092893,511.9480171262047
665,Mansa,Punjab,suicide,709551.6364932833,20.46616587521648,3.886570584052771,62.46955776074047,0.35054856565272535,0.25823636925829324,0.45422364591880665,0.342,False,58.5829871766877,145.21801489502843
666,Kurukshetra,Haryana,suicide,928468.5092518992,35.55107443770473,6.032592874032336,107.43676109198317,0.3968516126299799,0.2874297462928616,0.5132878180929317,0.628,False,101.40416821795084,330.0805308547901
667,Bageshwar,Uttarakhand,suicide,259898.0,46.76991307698179,5.77070670590695,161.05529168944994,0.15805738644932252,0.11027693763534835,0.2139631222516437,0.7025,False,155.284584983543,121.55406868881411
668,Haridwar,Uttarakhand,suicide,1890422.0,17.047507691814968,2.524295044485013,49.217561066761604,0.457009841680726,0.30369245813668677,0.6164007354536081,0.1875,False,46.69326602227659,322.26983585776236
669,Pauri Garhwal,Uttarakhand,suicide,687271.0,22.183763335560958,5.436657383518033,57.25821325573248,0.21253761159305598,0.1447210351165685,0.2937076473412225,0.418,False,51.82155587221445,152.46257211394317
670,Kaithal,Haryana,suicide,1034004.3159091616,29.624370821356365,5.066179140322722,95.59031853964973,0.33389657978975584,0.22273071013938167,0.4579138950042011,0.524,False,90.52413939932701,306.31727285375916
671,Sirsa,Haryana,suicide,1246603.397099956,28.526561924396376,4.887964247794291,90.26658769307669,0.36463602937871564,0.250130062535398,0.5004362225234318,0.5035,False,85.3786234452824,355.6130900253478
672,Hanumangarh,Rajasthan,suicide,1771357.611363505,19.926064709848703,3.9446226362675856,56.3236697624362,0.3095964950245714,0.18525390314746876,0.455723026850442,0.333,False,52.37904712616861,352.9618638831223
673,Karnal,Haryana,suicide,1448855.7362177211,35.17949850947256,7.501911922225614,94.51538139317576,0.4117961912732787,0.2829580023310811,0.5512811940775791,0.6275,False,87.01346947095014,509.70018212712085
674,Almora,Uttarakhand,suicide,622506.0,28.220534041460205,5.451950634800275,78.0310352416504,0.1814410023519236,0.12232686515172848,0.2577417392374388,0.5725,False,72.57908460685013,175.67451764013225
675,Jind,Haryana,suicide,1284104.802810787,26.595342605812963,6.720104984164161,67.26968036145439,0.33098688829637696,0.21919552706243906,0.4641029997376444,0.5485,False,60.54957537729023,341.51207172522777
676,Fatehabad,Haryana,suicide,906673.9392517436,28.977182811852266,5.9004142108161854,81.48673620597525,0.3033200264384752,0.2111608035594421,0.40977130523378036,0.5685,False,75.58632199515907,262.7285648844001
677,Bijnor,Uttar Pradesh,suicide,3446192.849402218,10.905012914042908,1.8312861283208517,31.71813530220201,0.32295723468069865,0.16818826568503578,0.5150648479758323,0.0975,False,29.88684917388116,375.80777527013515
678,Muzaffarnagar,Uttar Pradesh,suicide,3877397.2953668353,11.254401800750971,1.5342227200479466,38.67117449581612,0.36786797649792036,0.18420396775391412,0.5940471664497813,0.108,False,37.13695177576817,436.37787103203453
679,Hisar,Haryana,suicide,1678512.0232706757,25.54178495047406,4.74245442378334,76.97730156022891,0.435034774094927,0.28806090137498175,0.6016696085598594,0.393,False,72.23484713644557,428.72193135164713
680,Nainital,Uttarakhand,suicide,954605.0,26.941877751093067,5.168034177769115,75.9629109253192,0.4501509249105981,0.33075257382286605,0.5769038372967875,0.4045,False,70.79487674755009,257.188512105822
681,Panipat,Haryana,suicide,1160218.206910327,31.19787848977088,5.598189292456248,92.99349809652509,0.5909216296142416,0.45935069911839405,0.719610481824548,0.0535,False,87.39530880406883,361.96346640808235
682,Champawat,Uttarakhand,suicide,259648.0,32.92743999356568,5.224679723334201,103.25069349864476,0.22465669946184674,0.172480762696433,0.2826642816823397,0.5945,False,98.02601377531056,85.4954393944934
683,Udham Singh Nagar,Uttarakhand,suicide,1648902.0,19.583926256844247,3.9285854801601916,50.41515187338058,0.429604147899041,0.27971827089071316,0.5862340095785293,0.286,False,46.486566393220386,322.91975172762994
684,Sonipat,Haryana,suicide,1395608.0328031918,29.746441766109495,6.292676042602885,78.71469286305052,0.4136702712939304,0.2855982378836723,0.5517042208619206,0.507,False,72.42201682044762,415.14373076094773
685,Baghpat,Uttar Pradesh,suicide,1219360.482347623,10.243319865208926,2.100268160374302,29.975246867046124,0.3080996158584642,0.19853903736787243,0.4338016095187599,0.0755,False,27.874978706671822,124.90299451682144
686,Meerut,Uttar Pradesh,suicide,3222520.030033585,3.7249807412903517,2.2110457849167586,6.280409291571301,0.6001078085609862,0.37266200948621653,0.7908375665055574,0.0,False,4.069363506654542,120.03825050297512
687,Moradabad,Uttar Pradesh,suicide,4465526.625209318,12.010203412855866,1.5678752839810857,42.06951199348647,0.3993948841803968,0.18694589143765844,0.6459050392717186,0.108,False,40.501636709505384,536.3188311428768
688,Bikaner,Rajasthan,suicide,2359495.505549025,19.38017246386193,3.2425128675093675,61.16899347937879,0.4735026349111728,0.3036932593642835,0.6551219559559956,0.194,False,57.92648061186942,457.27429825247185
689,Rampur,Uttar Pradesh,suicide,2185802.3514995165,13.595202101373276,1.7370899681737126,47.733964497290884,0.3505796547096529,0.20822567141786286,0.5321200552670731,0.1645,False,45.99687452911717,297.1642472229288
690,Bhiwani,Haryana,suicide,1573133.1020978696,25.270212713067288,4.594134173379517,72.22701525475374,0.30318136461968187,0.19048998587107285,0.43729706141417357,0.481,False,67.63288108137422,397.5340811598057
691,Rohtak,Haryana,suicide,1021395.7278945865,28.92735637704222,6.622801651749332,75.66711624980074,0.5461517977875732,0.4112483231132449,0.6773563881337763,0.1595,False,69.04431459805141,295.4627822279515
692,Shamli,Uttar Pradesh,suicide,2664164.546666667,11.204477782064187,1.5088195237524933,40.19224325293662,0.2942330077794611,0.1511971500926095,0.4742178293032864,0.1145,False,38.68342372918413,298.50572470889773
693,Ferozepur,Punjab,suicide,1870387.6672663917,14.875215273652152,3.02641814328493,39.81076465592334,0.40308530010744736,0.2593989159900843,0.5637584070610988,0.1715,False,36.784346512638415,278.22419195771647
694,Pathankot,Punjab,suicide,1261060.8181818181,17.039195889037874,2.636415320455986,50.522827939206216,0.44667041328173357,0.3134985948575307,0.5857339301717004,0.215,False,47.88641261875023,214.87462308990374
695,Udhampur,Jammu & Kashmir and Ladakh,suicide,515813.09161629423,15.83748708972391,2.8411918801313867,44.0582017522098,0.27773791066594733,0.20603112279683747,0.35865228179142544,0.228,False,41.21700987207841,81.69183179183635
696,Samba,Jammu & Kashmir and Ladakh,suicide,296389.56600674434,20.658062916157988,2.274255281638874,75.80880894504465,0.26405022661262934,0.20693326700906428,0.32784564977036884,0.333,False,73.53455366340577,61.22834302260085
697,Kapurthala,Punjab,suicide,751416.7417995647,13.854945604546778,3.2342390882367567,37.07420942701973,0.47489867833418437,0.3645863979904872,0.5895153983531272,0.1115,False,33.839970338782976,104.10838083978739
698,Panchkula,Haryana,suicide,540237.5719438827,35.73483007419511,6.804263423553698,111.75196796606657,0.7025853294457083,0.5954913329365745,0.7995230372351301,0.0,False,104.94770454251288,193.05297833110404
699,Ambala,Haryana,suicide,1086022.9226141786,34.88453582102247,6.453784274238618,98.63776085476655,0.5619253669335382,0.41950042866042153,0.699157891197834,0.1155,False,92.18397658052794,378.8540554638583
700,Aurangabad,Bihar,suicide,2567965.2705937233,80.88094057798013,56.216170651556844,115.29383636459262,0.3693112184449122,0.2489943624447674,0.5083848964312039,0.962,False,59.07766571303578,2076.9944645720757
701,Balrampur,Chhattisgarh,suicide,946118.4444444445,46.228060840911205,4.764236670400116,174.27663743539912,0.29595278950219334,0.20078357032236038,0.3969929280066452,0.6365,False,169.512400764999,437.3722101248605
702,Balrampur,Uttar Pradesh,suicide,2010668.210843695,14.49669603255517,0.9798451589046285,58.995831879204296,0.18741859143241016,0.09141402649336348,0.32097448080879093,0.198,False,58.015986720299665,291.480458749226
703,Hamirpur,Uttar Pradesh,suicide,1033362.9231227436,13.349417584578681,2.5688091327166465,40.17225896220179,0.26716644163507974,0.1755690433673979,0.37383096621994677,0.1445,False,37.60344982948514,137.9479317718638
704,Hamirpur,Himachal Pradesh,suicide,454768.0,29.717420175466362,2.1517867063044074,123.04990489204116,0.18470921166736531,0.1281436635695423,0.2541997817314183,0.4465,False,120.89811818573675,135.14531738356487
705,Pratapgarh,Rajasthan,suicide,866217.4395932336,19.8333705473668,3.7277259978830215,58.5694841777232,0.2042526089417143,0.1337250302498008,0.2920491404166488,0.332,False,54.84175817984018,171.8001145404392
706,Pratapgarh,Uttar Pradesh,suicide,3003035.7421073765,13.218625654830655,2.2182188674881074,44.992821153927196,0.16794871303485767,0.0759024987351349,0.3073735016396804,0.147,False,42.77460228643909,396.9600530299398
707,Bilaspur,Himachal Pradesh,suicide,381956.0,42.61435725690972,7.884921204913772,128.0520143805354,0.1834877989284346,0.13026920372349016,0.24892836991214887,0.751,False,120.16709317562164,162.7680944042021
708,Niwari,Madhya Pradesh,suicide,1396669.403846154,72.78149677706982,7.077219265138743,282.44128509932716,0.33566647736166483,0.21918187351989712,0.46710414557410845,0.807,False,275.3640658341884,1016.5168971466089
709,Muzaffarabad,Jammu & Kashmir and Ladakh,suicide,570059.1818181818,7.252390605677149,0.8414707573558028,27.498986817422576,0.2887580503928676,0.21063054529689354,0.37844009089593883,0.054,False,26.657516060066772,41.342918548981835
710,Mirpur,Jammu & Kashmir and Ladakh,suicide,570059.1818181818,11.807851554816436,0.9793470155431162,53.043137644818664,0.2884200709929663,0.21144894646752685,0.37242796576025927,0.1305,False,52.063790629275545,67.31174196369203
